nan	-7.481470011656242702e-01	-1.774961562467595622e+00	1.289188391842193582e+00	-2.154359576975303447e+00
nan	7.594258923276906437e-01	-1.739820031637741682e+00	1.523717629253840689e-01	6.753119767812137964e-01
nan	1.395849712007934063e+00	2.109769350152983947e+00	-5.144136644372755418e-01	-2.565819068929087524e-02
nan	-4.359067344454416459e-01	2.631033161331964632e+00	-1.656635345893213040e+00	-3.858088956862390506e-01
nan	-2.425790038435205354e+00	-1.033772939711927519e+00	-9.089350121869143040e-01	3.152683295112269080e-01
nan	5.372914878237782244e-01	-2.667363397576121731e+00	-9.155570668085972752e-01	1.420393495738901113e-01
nan	1.427472875823056597e+00	1.777580936274454348e+00	-1.900234091341517884e+00	-2.052049025443447861e-01
nan	8.410380687840350866e-01	1.724596371768956526e+00	-2.487796593685218660e-01	9.135035501924913814e-02
nan	1.063966683946965919e+00	-3.125620516772769086e-01	-5.664263793001083069e-01	-1.616569502944259273e+00
nan	-5.963732677851942832e-01	2.146156475564151123e+00	-1.631293879684216686e+00	1.876573824698873905e+00
nan	7.683362208317658926e-01	-6.626160914275587288e-01	3.273254791712201794e-01	-1.755964144788170200e+00
nan	-1.993738951013405147e+00	1.664517333420211909e+00	-7.603774940869422183e-01	-7.311842818527227728e-01
nan	-5.498184742874261399e-01	-1.840472117898331650e+00	1.104354520930382666e+00	6.188062609020477112e-01
nan	1.044190658571901409e+00	6.528217070334125793e-01	-8.841519218814064551e-02	1.108708744363065879e+00
nan	1.086473110292806465e+00	2.509390681432270842e-01	-1.040103639948236403e+00	-9.936934710019933448e-01
nan	9.895844519248497839e-02	1.429040955937842083e+00	7.482013037815878898e-01	-3.881326614963647170e-01
nan	-3.942658224955983837e-01	5.718487521042545652e-01	-2.624490456060848964e-01	-2.818688116214468908e-01
nan	-1.212745903989347562e+00	6.180438230280691503e-01	2.403266212039174288e-01	-5.314150115776355987e-01
nan	1.193996428286484779e+00	-2.157202662118830272e+00	2.165231542473276816e-01	3.077493287824393797e-01
nan	1.119394712390752833e+00	1.259200591059810970e+00	-1.038866915963404081e+00	3.175462601330647505e-01
nan	-1.122631046162284374e+00	1.352326281684296472e+00	-1.007042796164966836e+00	4.254151408695648340e-01
nan	6.481168039636964195e-02	-4.246318265462023511e-01	2.243252375396558751e+00	6.364043205245976109e-01
nan	1.446172640962291256e+00	-6.029934076050921798e-02	2.808778067445512505e+00	8.470575652795472310e-01
nan	1.439551554633685893e+00	1.641934550552895722e+00	2.947654209146916005e-01	-3.115909705657658457e-01
nan	-1.159915547849151407e+00	1.300206113114207973e+00	1.257468375454134701e+00	-2.289452305568310739e-02
nan	-2.203384152461377102e-02	-1.194226934980532340e+00	-2.941502397509754285e-01	-6.457954376648874506e-01
nan	-6.094451294998983748e-01	8.042527584298395649e-01	-2.453143545947581439e-01	3.970696396841511544e-01
nan	6.234589834137769238e-01	-1.057736002322497759e+00	8.030042200644764427e-02	-2.822502313321595957e-01
nan	-6.008204740496576601e-01	-4.014402676688180183e-01	-1.946863842426640012e+00	-9.567000458596921497e-01
nan	-1.169746459962380136e+00	-1.936982809983700538e-01	7.554036512529968550e-02	1.089405695225052595e+00
nan	1.512336913186769216e+00	-2.050281789533115351e+00	-1.343454441361656704e+00	1.891671140349834079e+00
nan	1.320713402562045280e+00	8.978237064140348611e-01	1.998141879439021329e+00	-9.155229653357431496e-02
nan	1.931256027018208421e+00	1.376722170148583668e+00	8.070145654039897476e-01	9.189211966764025963e-01
nan	7.126284549924309930e-01	4.822109958517073469e-01	-2.837606799620961406e-01	3.738650786668254455e-01
nan	2.320574948074516641e-01	1.859264852438106352e+00	5.822005225229610892e-02	-7.955420342370823628e-01
nan	5.564377432359476350e-01	4.974501884742466018e-03	7.371863278015079457e-01	-8.361230837270104965e-01
nan	-2.100403470910636727e-01	8.724757378444838452e-01	5.156512145209680709e-01	-7.043791661245267788e-01
nan	-1.143057015406146792e+00	-8.233768417764272263e-01	1.197120265473815115e+00	-2.030414347713561107e-01
nan	-2.187881489880882380e-01	-3.263640158087632415e+00	2.536754930649016693e+00	-1.013436009318243736e+00
nan	-1.426290628231621893e+00	8.192689349281736533e-01	-1.450083713636792337e+00	-3.165353257637038009e-01
nan	-4.415425550483684791e-01	-4.249830507923559875e-01	1.899808988968849097e-03	-9.717539602762756967e-01
nan	-1.567133458823151360e+00	-2.918110757509366215e-01	-2.411149532069470691e+00	6.687463000829997617e-02
nan	5.255495673367664988e-01	-8.822466717892730736e-01	-2.779455642033836216e-01	7.435191472398334778e-01
nan	-9.365903483279389707e-01	-5.353834609485232932e-01	4.139662317035484040e-01	-5.816701677467296383e-01
nan	-2.666876218436630142e-01	-2.419474541649557331e+00	6.783445833217246479e-01	3.313612993716755772e-01
nan	-4.869084499560765167e-01	-1.198679454026496449e+00	4.299441612189108808e-01	-9.721545867033216659e-01
nan	-1.439130519541320652e+00	-9.160006983686801441e-01	2.056824385561704938e-01	-3.543540295207893431e-02
nan	-5.574186835107670657e-01	-1.854317026158453396e+00	-1.211727037700314757e-01	6.802630065104166013e-01
nan	2.177041734920787341e+00	-6.221527391303777188e-01	-2.099972502385852591e-01	5.750918750225392229e-01
nan	1.464861522152150375e+00	2.672782312542379302e+00	6.377849705802162150e-01	-2.005350844378437081e-01
nan	3.376027443816819185e-01	-4.331800938036747262e-01	-7.742581115819326953e-01	5.386651173557636119e-01
nan	1.323327741244332501e+00	2.991794741715343986e-01	-4.101660704761570519e-01	7.768290346131208335e-02
nan	-4.211009851936466930e-01	9.896952529120673914e-01	6.478519164511172823e-01	1.992484178253790095e+00
nan	1.761788327799600928e+00	-1.209429169445660257e+00	-4.148374210465053391e-01	-3.760214034410819806e-01
nan	-1.511802218173406986e+00	1.589134330465118872e+00	-4.369830612990296959e-01	1.428404452157578497e+00
nan	2.267159895737226094e+00	-4.597281424159259444e+00	1.008885259114876476e+00	-4.392922475730050014e-01
nan	-1.649126764407163881e+00	2.736467945716938743e+00	-6.933012095696780008e-01	-1.636268463465202272e+00
nan	-2.579081874212396652e+00	-2.798788435925593454e+00	-1.291755533130781175e-01	1.396068098627392340e+00
nan	2.787677990174209697e+00	-1.755904060901905872e+00	-1.576632546214458586e+00	-8.221680200888164050e-03
nan	1.376497700280386205e+00	3.709147650939456309e+00	-6.809425707830267516e-02	4.262859834758756516e-01
nan	1.894532188888291335e+00	1.595875688744340382e+00	-7.059919492614039616e-01	-6.857155155524022883e-01
nan	-1.345408415444366623e+00	1.734649614921756955e+00	1.496233283330973052e+00	-3.533220043200773763e-01
nan	1.038575930709019435e+00	-1.676898207397580887e+00	-7.362810420097206654e-01	-8.886369982280050150e-01
nan	-8.134491798674936547e-01	3.752271613782938164e-01	-6.439391832452256992e-01	-2.282594597752390653e-01
nan	2.491778750028637857e-01	-1.562423739607667450e+00	-4.736902419761006566e-01	-4.122096300843728911e-01
nan	-3.244311073474783758e-01	1.320880292363159514e+00	1.255154534397637578e+00	1.892728439778393890e+00
nan	1.362474416211352679e+00	-1.637016068270885638e+00	3.728530999078975561e-01	1.561853579202549525e-01
nan	-3.824291756206871784e-01	1.159469810992330707e+00	-1.032696239212722578e+00	1.113872884311688072e+00
nan	5.390247737673004025e-02	-5.044487762166822709e-01	-2.595766393057410415e+00	-5.112850572382763303e-01
nan	-1.841717679536339025e+00	1.023907293629795712e+00	1.436738977646528692e+00	6.190211502230912322e-01
nan	1.113144818731335750e+00	-2.112509374345971302e+00	4.063418763174709292e-01	2.376655844744714197e-01
nan	5.393247009172684736e-01	2.164707427159948239e+00	1.214015128541096195e-01	1.518429876295454284e-01
nan	7.181609474018013639e-01	-8.742648586429809798e-01	-7.396895790996776965e-01	4.159159015818425509e-01
nan	-3.243473683521086448e-02	3.115313984181241613e-01	3.752132065875781186e-01	-1.476933141729089405e+00
nan	-3.297380961747937711e-01	-2.575076443774463986e+00	7.849880289511390608e-01	-1.130979219435804595e+00
nan	-1.289940717015920502e-01	-1.103910156826251598e-01	3.988732661928324763e-01	-3.785880917834638093e-01
nan	-4.894082114712468567e-01	-7.799699883041611992e-01	-4.634638536878485371e-01	-1.503939614404613767e+00
nan	-1.220456793805508866e-01	-1.359301206257385264e+00	4.829913217167365602e-02	-8.636946217315008001e-01
nan	-1.133361154988278718e+00	1.282695855607121072e-01	-5.729658834238268161e-01	-7.185652595398980824e-02
nan	3.538719908382642609e-01	-6.990190497231687505e-01	3.874166389854952208e-01	-6.661605862307815595e-01
nan	-9.580777163477559588e-01	1.016277959733845826e+00	7.116098430658325258e-01	-1.360930100814536470e+00
nan	-1.690251171745981829e+00	-1.493409741002403868e-01	-5.284056645431451926e-01	-8.736346096052389765e-01
nan	1.880314303337327075e-01	-2.272778657811377556e+00	-4.010288465850471162e-01	-1.091047225033458107e-01
nan	-3.966040862559342406e-01	7.370687842707904780e-01	-9.867462713697541243e-01	6.701268151516384664e-02
nan	-3.118028393638447415e+00	-1.355799437087503279e+00	9.942920397338999017e-01	-1.323221617436268982e+00
nan	-1.043703960441132450e+00	-3.528617630876993871e+00	-4.419904395017077575e-02	1.889552501277773910e-01
nan	1.592959571855730116e+00	-8.749939235131398707e-01	8.917882614312707679e-01	-1.351063635175581978e-01
nan	8.154300727319065967e-01	8.071855308317189559e-01	-4.397588973294675463e-01	-2.205702852676998393e-01
nan	2.684015804609593547e-01	6.159514311356070193e-01	2.228111862628997519e-01	-4.226560567339688462e-02
nan	-2.484770098145941686e-01	1.025783171357188550e+00	1.436715999844913716e+00	4.203872312109184772e-01
nan	2.795315628813334063e-01	-1.890371967391933694e+00	-7.883496605312959038e-02	-5.274716014021812310e-02
nan	-6.257837941365191892e-01	-1.415146906822956629e-01	-2.800303213791146065e-02	-7.381184961334370520e-01
nan	-2.021863770009235672e+00	1.126629235164509080e-01	5.082586270100629688e-01	-4.363270062244340441e-01
nan	-1.116634345872556056e+00	-3.333570686392654636e+00	-7.263819267532057866e-01	2.532231302164982822e-01
nan	-5.188606284436450000e-01	-1.418261214771224576e+00	-6.318325002827261949e-01	-1.163355821196890405e+00
nan	8.094803016756024761e-02	2.855038070545712348e-01	-6.257699835448156112e-01	-1.591585307242162184e+00
nan	2.694610152550849236e-01	-1.585991467860619730e+00	-4.698727285744513926e-01	1.024506193840565293e-01
nan	1.504652526660694267e+00	1.004644741187995960e+00	-1.921027301280660904e+00	1.409679112079011309e+00
nan	-1.674621945526902911e+00	2.905864471051437192e+00	-1.110455958650103714e+00	-9.962618196122983161e-01
nan	-1.448626868111238863e+00	-7.649209717213586446e-01	-2.349846887768816950e-01	-7.712739881838110989e-01
nan	-1.246170336262953704e+00	-4.506337196692805636e-01	1.092227196763762231e+00	-4.027502113564777053e-01
nan	-1.833511879668463074e+00	-6.672420626965325230e-01	8.055956728189035687e-02	-2.308309180763361279e-01
nan	-1.529202134350395870e-01	-3.251367438864224635e+00	-1.446482901589224657e+00	-9.074351760632909381e-01
nan	-1.403484728266199300e+00	4.722341890178339829e-01	1.676947482960990943e-01	4.629964928866128204e-01
nan	5.445775742153216026e-01	-2.151656656968343739e+00	2.111458364662235632e-01	1.032286366266163880e+00
nan	-2.445175357084274914e-01	1.029466661316570830e+00	4.561935266493755137e-01	-6.822471896662622992e-01
nan	-2.125252528790772644e+00	2.717591808078217985e-01	-8.286415932701799575e-03	-1.118629887709354787e+00
nan	-1.215706137753195248e+00	-3.383717385914931874e+00	1.840449459512138342e+00	1.646220499805236104e+00
nan	1.676636757833772418e+00	-7.923536407286050354e-01	2.961671593712889017e-01	3.079527645155793358e+00
nan	2.333195843922535762e+00	2.701131316330153354e+00	-2.909422048474634703e-01	-4.886095075504199303e-01
nan	2.650370459026613612e-01	2.532207166131636544e+00	-3.155946077114450410e-01	-9.583016669871792237e-01
nan	-1.302793720749172657e+00	1.049797814364621829e+00	4.863307281021653217e-01	-1.616029350485143956e+00
nan	-1.418059852250453057e+00	-2.621306585085024121e+00	3.796998389968836984e-01	1.176362362435327824e-01
nan	1.402716964451406367e+00	-1.431013584644847292e+00	-7.756637129391256158e-01	1.109447016641981199e+00
nan	3.056958372009216385e-01	1.799482577237143222e+00	1.810546120861215913e+00	-4.793270851425027179e-01
nan	-2.906267554316116497e-01	-3.406021101152457708e-01	1.082553669548228070e+00	-7.882922202515547649e-01
nan	-9.727273480167812902e-01	-9.731244121609777809e-01	1.665493070229117356e-01	-5.943023986713169560e-02
nan	-1.925160181568255635e-01	-1.246610808802553150e+00	1.015869754497251920e+00	-1.139103245120441699e+00
nan	-1.603836927654721300e+00	-2.057560099641912998e+00	-1.515048416401572062e+00	-1.099011989978460724e+00
nan	1.175605782428016388e+00	-7.444115936504904774e-01	-1.282975526911768638e+00	-1.326572042465623102e+00
nan	-1.034558094881134149e+00	-1.738425040705754432e+00	6.676900102704416695e-02	8.352526449408718134e-01
nan	3.012912183668694510e-01	-6.632772304344305425e-01	-5.735419317871488509e-01	1.909137120571440915e+00
nan	3.304058620728842488e+00	1.121715370687505764e-01	-1.255513813983783367e+00	-3.028346039389333000e-01
nan	-7.100683021931297745e-01	3.549278081474487312e+00	-5.860166104042850987e-01	9.271414247184591728e-01
nan	2.238403062235305718e+00	-8.820889873421209337e-01	7.398778692161886994e-01	8.376300446639609043e-02
nan	6.005919971305586635e-01	1.235099153896442203e+00	7.465082219709265887e-01	1.834368086922484542e+00
nan	1.078727715325359160e+00	8.087457240902814481e-01	-4.098107924280286474e-01	-5.324043426160302017e-01
nan	-1.734531357196341883e+00	-2.095651644830915927e-01	8.589780380401743631e-01	-1.787718643209977198e+00
nan	-2.393315703951162554e+00	-1.961145560613731575e+00	2.630126141292116193e-01	-3.449834086395087152e-01
nan	2.934903008133084024e-01	-1.949277840130880124e+00	-3.067735968456832274e-01	-8.919338600651226523e-01
nan	-3.148264490932585202e-01	1.071085001382660273e+00	6.243019036504904307e-01	6.001747274634849916e-02
nan	1.836907056362223067e-01	-1.537952844602707536e+00	-6.023508932643591995e-01	1.434228670386929139e+00
nan	6.592473515762889980e-01	-6.991998689030776148e-01	-9.162265209228136476e-01	5.468601310324695541e-01
nan	1.818555452844243803e+00	1.456226367498048235e+00	-5.323654900596023198e-01	7.839936691968631965e-01
nan	1.346967137902163270e+00	3.119612447583312687e+00	2.203553363050299307e-01	6.343050164408764457e-01
nan	-1.387320541379882144e+00	3.592345792185638320e+00	-1.047978203158595356e+00	-1.992779095889964269e+00
nan	-1.874807236101367014e+00	-2.550049845508428614e+00	-7.722955665790542934e-01	7.348336566046326235e-01
nan	-2.633027684648014954e-03	-2.561295730664177484e+00	-6.776692942676445508e-01	7.869876999824396702e-01
nan	4.038085207909114516e-02	-3.373210340145277875e-01	1.258308308192902514e+00	7.906934900120629051e-01
nan	-1.420875151409271009e+00	-2.551142383401290847e-01	1.101981661565270443e+00	-1.041085390354882456e+00
nan	-2.772472927979969359e+00	-1.336302802608085871e+00	-1.026784144028429768e-01	-5.561356175752111275e-01
nan	9.816805488201111318e-01	-3.650257132995679221e+00	7.367065934679652983e-01	1.446334551275390012e+00
nan	5.599987951794583863e-01	1.921582865989725164e+00	-6.178520362784215569e-01	5.095273244379988631e-02
nan	1.079543805479159291e+00	-9.433156400708956335e-01	-4.055505875239777680e-01	6.019312057310852865e-02
nan	7.305105609890307772e-01	3.548377542738395674e-01	-2.624294078948874454e-01	2.459395918461536601e-01
nan	6.762151448441736101e-02	2.886246589711540245e-01	6.674869897508517447e-01	3.434760528728968421e-01
nan	2.237594311920107160e+00	7.415995248343592028e-01	7.299980429378357671e-01	-1.141535639924900147e+00
nan	-2.591964091421546712e+00	2.062088467659701330e+00	-1.763675078840384769e+00	8.665647634428660373e-01
nan	1.172380210036957804e+00	-3.092585535973920940e+00	-1.610574599251981986e+00	-7.756279636955978329e-01
nan	-3.032250724628664962e+00	-7.836993672692285084e-01	-1.264348391819926920e-01	-1.250505061652256167e+00
nan	2.418190511672309029e-01	-3.954208475809252832e+00	-1.016245653051861542e+00	-2.167300298395149483e+00
nan	-1.277362982342040931e+00	5.328143991505456256e-01	-1.510321860481091072e+00	-2.300238279902548477e+00
nan	-1.732271334311919375e+00	-1.662847458752115148e+00	-1.973689510156771132e-01	-1.007077220092173153e+00
nan	-1.027710570012340119e+00	-3.409547574143541482e+00	4.141971512602465877e-01	-4.650385437929917092e-03
nan	3.966401217063357798e-01	-2.478261675034957534e+00	4.578830864461790116e-04	-5.049659113948434808e-01
nan	7.391797938612731933e-02	-7.131064765649303139e-02	5.062405449008793301e-01	-1.236108193911667374e+00
nan	-3.390433567186376784e+00	1.028491415494972028e+00	7.710756143632963022e-01	2.575543925961738534e+00
nan	2.878342976677627174e+00	-2.794456508623464064e+00	-1.211179792855754611e+00	-4.022114741265875870e-01
nan	5.997108598698597248e-01	2.978978562371926042e+00	2.234011289977701153e+00	7.776748567733046125e-01
nan	8.143172092392465533e-01	2.485315380411618480e-01	-2.422507314141240986e+00	1.425727373004740617e+00
nan	2.081567859898785677e+00	1.759024121447643862e+00	1.220795589610018883e+00	3.105659283247513280e-01
nan	-8.720818819631801500e-01	1.961478048255333784e+00	-6.915696478248384294e-02	1.326989858581932413e+00
nan	2.158418031053392916e+00	-1.835088854704053363e+00	-1.571568132219678171e+00	-1.794420094686275391e-01
nan	-9.206730525331219273e-01	1.337542102684792455e+00	-8.202238718249413862e-01	-4.468335566444617268e-01
nan	1.605452547242382844e+00	7.390614978553773362e-01	-3.518713628919880043e-01	-8.915837876048636756e-01
nan	-2.942411420717772064e-02	-2.793766028233652943e-01	6.642519615746714789e-01	7.914063517373390866e-01
nan	8.503879049080154129e-02	6.472453548257703915e-01	1.379758484546808939e+00	1.232224736486982719e+00
nan	1.174137904672085897e+00	-8.394471918708681368e-01	-1.107826361916960822e+00	-8.820033432350204983e-02
nan	-1.278859819983135360e+00	5.266714376383262453e-01	3.304818551595353204e-01	7.488712137686220904e-01
nan	8.943872789722726591e-01	1.336669322844356689e+00	-1.244791062077372917e-01	8.959532589703751437e-01
nan	4.120960650022664762e-02	-5.855742651767747997e-02	-5.309787490858786096e-01	4.915122174868124527e-01
nan	-8.901066504799466372e-01	1.285393191616214015e+00	1.466741455152688944e+00	1.407545472104138051e-01
nan	-1.008271466205691524e+00	-2.426946794776746463e-01	8.478389021401644410e-02	-1.864422707678875801e-01
nan	5.592483132305804405e-01	-1.249074543870380971e-01	1.032513588819188532e+00	8.359514735012676390e-01
nan	1.526496148086623039e+00	1.187013711124795368e+00	1.332914797131749429e+00	-1.043304882408300438e+00
nan	-9.554367804341641346e-01	1.298759222853453466e+00	2.283241178048478037e+00	-2.151289925211007648e-01
nan	1.100231415949225244e+00	-1.135856856309416907e+00	-7.695184694516264967e-01	1.278937959820635406e+00
nan	1.186277603216532306e-01	-3.970307055340784874e-01	8.259773957313006065e-02	2.846467333640561106e-02
nan	-3.133083674636035210e-01	-1.763867186457036551e+00	7.520324403081668496e-01	-3.645918774882915270e-01
nan	2.204917630637581727e+00	-4.522446643854326487e-01	-1.408146849364627418e+00	-6.344053381267072966e-01
nan	-1.203794465090285204e+00	1.125170543490116248e+00	5.542605352947953951e-02	2.305394948130940147e+00
nan	3.613330108232839954e+00	-9.824533324490237751e-01	6.048841935825457483e-01	1.129553201330345091e+00
nan	1.042962322454807467e+00	3.826985575125241290e+00	6.823749286096862654e-02	8.197003772543927091e-01
nan	6.110098146341134129e-01	1.252107552313387995e+00	4.686365215193780132e-01	-2.959742861884428339e-02
nan	9.162982674771422698e-01	1.071633339612947822e+00	9.876438887642760012e-01	1.037760859159481824e-01
nan	-2.152082017410540615e+00	7.918088271849927917e-01	-1.606150879434710577e+00	-6.946162667004397440e-01
nan	8.396241151233968525e-01	-1.642049265614814901e+00	1.352338949319477346e-01	-3.916448067646490644e-02
nan	8.141347940613113954e-01	6.836711095555294548e-01	5.234902719141957261e-01	3.863593612405139543e-01
nan	1.499267391696856411e+00	-4.253109585695136197e-02	-3.456352938576142675e-01	-5.802000530092874669e-02
nan	-7.598632131641795961e-01	4.988364617539811086e-01	7.781917760217536006e-01	-1.445463115628262685e+00
nan	-1.271228242635678907e+00	-7.589793910294054813e-01	1.792831771456664669e-01	-1.017255286887526616e-01
nan	-1.924281696340758296e+00	-6.054185063975314751e-01	-2.071386212321366938e-01	-3.582238985073232240e-01
nan	2.220433852688652898e+00	-1.184717073675589871e+00	-2.252636588622886293e+00	8.176497764612415953e-01
nan	8.385047600481769781e-01	8.926849615719445463e-01	2.814420955858083495e-01	-2.458842188158451569e-01
nan	-8.116265082599665170e-01	6.706918125342334891e-01	3.426604694151050845e-01	1.524958830120581310e-01
nan	2.342664756037758922e-01	-1.277272829547037025e-01	-9.026595116805224972e-01	-4.367087412101375854e-01
nan	-8.801837793389487574e-01	-8.382132692213469793e-01	-1.756689547916393257e-01	1.270194686499856562e+00
nan	-2.009877796137953254e-01	1.749827320526803343e-01	-2.204633997258115041e+00	3.202731026671774006e-01
nan	8.944145007564481276e-01	2.549304325334873944e+00	-1.626927185427930356e+00	-1.059054093847779487e+00
nan	-9.388158674403384030e-01	1.785159707889025782e-01	1.975236652828908701e+00	1.810504976132822769e-02
nan	-2.439101150512124894e-01	-8.270758523649643923e-01	-1.677683567880760840e-01	1.182111098743578337e+00
nan	-7.986726105772845585e-02	-6.328542370923267990e-01	1.214663464845468048e-02	-6.050026710141521713e-01
nan	-1.962144395749287007e+00	1.404915081603731242e+00	5.371577444399393553e-01	-1.195829456066827445e+00
nan	-2.064764701882418674e+00	-2.514424955949842388e+00	-1.120808281478798518e+00	-4.129690284435891812e-01
nan	2.201887531616885774e+00	-1.636948428501088015e+00	-6.688173030406351360e-01	-1.316399880160913360e+00
nan	-3.820803972111588287e+00	1.108219450610739010e+00	1.055225683665149017e+00	7.581692724343018774e-01
nan	2.394640446935993872e+00	-4.530848901857497779e+00	-1.068374831450015661e+00	-3.466319837376121704e-01
nan	2.913660019519831446e-01	2.631840436642923109e+00	-3.886404972295162685e-01	-1.744135814400252116e+00
nan	-3.703564332254147828e+00	-7.867939244561829026e-01	5.353672168070064963e-01	-1.423254092178931396e+00
nan	-2.690707251718203796e+00	-4.231520539728890640e+00	-1.821995132742764215e-02	3.983598390109401866e-01
nan	1.143328026675431430e-01	-8.572407251960707519e-01	6.848384480430026455e-01	1.008853493907935661e+00
nan	-2.885676072731766517e-01	1.214237442337563033e+00	-6.231118580314541910e-01	1.387203681096083330e-01
nan	-1.898838075319357444e+00	1.482512234149367059e+00	-2.167837288958490927e+00	-1.065966349575604655e+00
nan	-1.845996319716613820e+00	-2.065651653963056500e+00	-1.772146193849036377e+00	1.099704519250382512e-01
nan	-9.587074162521610488e-01	-2.191191340586422953e+00	-1.505264333560693224e+00	-9.490574973674152925e-01
nan	-7.206682906191630433e-02	-4.036596595136551224e-01	-1.575742796063181350e+00	8.670380086299782629e-01
nan	1.483478469788450882e+00	2.058364025311588963e-02	-1.300393150464035807e+00	-6.159910401919787004e-01
nan	2.111170955242783753e-01	9.553136315328660810e-01	2.297026846994002725e+00	-4.142480819673569764e-02
nan	-7.726410480141646664e-01	-1.618410485927456399e+00	4.618978260515315126e-01	7.878904068559713370e-01
nan	1.697593612020701359e-01	-2.072873761948853311e+00	-9.488137498012139126e-01	-2.352077496312340088e+00
nan	-2.697649030798861869e+00	3.430221417610083146e-01	2.695461715541400127e-01	-4.892845128064819693e-02
nan	1.562334372688858330e+00	-2.559394141610926710e+00	5.485463305089941510e-01	-3.185902911863091047e-01
nan	1.063379412724604567e+00	1.075425196634613112e+00	-4.582714463559016127e-01	6.082699888685037110e-02
nan	6.860955840726337129e-01	1.484293449588254044e+00	1.505915155055959354e-01	-4.703486349083318974e-01
nan	-4.881006349455767612e-01	4.783106782946782154e-01	-2.000883128058080218e-01	5.334304513205028186e-01
nan	-2.730845941529723708e-01	-4.655617141989970564e-02	1.068026256099891658e+00	-5.975711178802293189e-01
nan	-1.651180419595157378e+00	8.670846280835607933e-01	-4.779716026528670336e-01	1.656364224964814502e+00
nan	2.225804313646469801e+00	-2.271555408739557969e+00	-1.753891344277624942e+00	-2.713146168933696645e-01
nan	-7.802744699673771489e-01	1.710794686420961330e+00	-8.184280008384087202e-01	6.433749222302200810e-01
nan	1.195567905215115800e+00	-1.244039556163515359e+00	-1.134788173426474867e+00	6.250323224588456572e-01
nan	5.278331914901432942e-01	1.261051655279629369e+00	-2.209195846387873585e-01	4.315685517969379270e-01
nan	3.471504000881098784e-01	-2.052674462838425029e+00	-7.830593700058252615e-02	7.156119650655748954e-01
nan	2.614555899619419588e-01	1.083226363753273525e-01	1.490484213230872379e-01	-2.641584964183253392e-01
nan	7.946747353036475170e-01	-1.780179348425139585e+00	-6.948924590065541640e-02	-4.766224712633235217e-01
nan	-4.718459243431349370e-01	-3.743491532450472503e-01	7.558550579931330171e-01	1.549775615172062748e+00
nan	3.161164266879603613e+00	-1.069477605044436563e+00	4.735221193284017693e-01	-6.868753568476321236e-01
nan	-1.298647103477483356e+00	2.614268694547807748e+00	-1.408011519327531547e+00	5.387188086279826038e-01
nan	5.283704062415055525e-01	-1.369576412592888648e+00	3.910919299661410609e-01	-1.721712334960066593e-01
nan	-1.255634310650042273e+00	9.572830863163428461e-01	-1.197569429459888618e-01	-7.831235324311572876e-01
nan	-5.427772107636419374e-02	-1.721506325317176067e+00	2.279348730208895224e-01	-7.207838926213000486e-01
nan	-1.475906378750917014e+00	5.014630776691503256e-01	4.297849957205950311e-01	2.046403097653354541e-01
nan	1.631604598056656696e+00	-1.991665013720047561e+00	1.586487550245110567e+00	1.715251471216816981e+00
nan	2.629607935081074821e+00	1.430258512424731787e+00	-1.913623997483820671e-01	8.297546356708440651e-02
nan	3.241875197480688087e-01	1.512546446789013510e+00	-6.701226077103098477e-01	-9.395217483580116102e-01
nan	-2.408559229376251221e+00	-6.644982265397508803e-02	5.004229640925492856e-02	1.876199218860344686e+00
nan	2.383829600622664024e+00	-1.174554478562356286e+00	1.047167943179420968e+00	6.540708371112154973e-01
nan	-8.436072344435586734e-01	2.188471571750108424e+00	-1.193548031734436687e+00	-8.962218081331287944e-01
nan	2.131482044555264022e-01	4.662126027122622807e-01	1.406471946757950731e+00	-4.402068298256293088e-01
nan	-1.380843256525321694e+00	4.117465789280240207e-01	1.723876960894969557e+00	1.067481724594482762e+00
nan	2.404115739071673863e-01	-6.696437595853669267e-01	-1.857477387185124451e+00	6.337434299478387212e-01
nan	3.368006845380104308e-01	1.169164723378448123e+00	1.463383724980309442e+00	-3.972519008110755312e-01
nan	-1.043844626099306616e+00	-3.111345643540946448e-01	1.244128027975357931e+00	-9.818663309682956752e-01
nan	-2.537851037153519229e+00	-1.038503174096838677e-01	8.644383500946645205e-01	6.358343227725915536e-01
nan	6.010370529502935266e-01	-1.169155611385697568e+00	-5.331199644398628701e-01	4.266419870439148165e-01
nan	-2.004697748572828453e-01	1.255536277791554411e+00	-6.353273630261386806e-01	-4.488802697139737119e-01
nan	-6.262734427324860853e-01	-3.104525413684989243e-01	5.194037987591259009e-01	2.885789511595776569e-01
nan	5.858863909794704838e-01	1.250962510904322977e+00	8.290587180657257305e-01	3.465225702169385524e-01
nan	-4.813629462459315667e-01	1.652507280649797794e+00	-9.346915446404944205e-01	5.405083274277900918e-01
nan	1.026554665268209821e+00	4.019901905597900171e-02	-1.040198198304090216e+00	-1.607502695477520893e+00
nan	-2.312301917952245933e+00	1.776725340533394260e+00	-9.462465175686278762e-01	3.293268534878311393e-01
nan	1.706650982437854625e+00	-9.303836392029862790e-01	-1.214422606749878009e+00	3.012735030976294026e-01
nan	2.171793425177679371e+00	2.031400989435785842e+00	5.489772815594887723e-01	2.312474196630555312e+00
nan	2.427305818061853415e+00	3.621905421212630038e+00	3.332435636556790870e-01	-4.177165402789656534e-02
nan	1.042171620928211029e+00	4.070870449544070624e+00	-9.077441492246938193e-01	-1.551649986578737428e+00
nan	7.485314972525536348e-02	9.655883759745369499e-01	5.621226254189147786e-01	3.884902662833371600e-01
nan	2.085575453033640669e-01	4.137931899822456794e-01	7.043637658982100647e-02	-3.688139177944856351e-01
nan	5.094202439112385239e-01	-6.409585972955829103e-01	-9.716743349149629116e-01	1.270669406506764521e+00
nan	2.272139261605192306e+00	-3.767574962429712793e-01	9.890342605974384860e-01	4.218649955902116222e-01
nan	-2.862332873098738517e-01	2.811894913991771716e+00	7.925637784788517326e-01	-4.352577982191144779e-01
nan	-8.863661152376647312e-01	-1.555883097894298128e+00	-6.224492134963578449e-01	3.216347101997242830e-01
nan	-2.538929128554853754e-01	-1.364125896581181774e+00	-1.593508377972571610e+00	-9.898928954571826200e-01
nan	-2.493271416077193159e+00	-1.362171607706298970e-01	1.226746603599086161e+00	-1.074821019287064194e+00
nan	-7.291963451814532648e-01	-3.237736503650719744e+00	6.193871094106329078e-01	4.582023197232290013e-01
nan	7.213760632863828182e-01	7.777948728633238273e-01	-3.706084768724373646e-01	9.851887540361004003e-01
nan	9.861238679661502582e-01	-9.679501153497986898e-01	3.229178248827844766e-01	-9.540933055248014549e-02
nan	-1.819711107046642962e+00	-2.459554390286066150e-01	-4.529258839404218251e-01	-2.996066361729447444e-02
nan	1.159403241320638767e+00	-2.341890188399316841e+00	-1.049209377399930032e+00	6.524225983914964111e-01
nan	1.454616313622558277e+00	9.162636153176205722e-01	1.911072608965707909e-01	-5.575256737729911843e-02
nan	1.549297482071676502e+00	1.844280747048397728e+00	-3.346196858250855555e-01	-2.892900554223287735e-01
nan	-6.388786515113560327e-01	1.531148443746463306e+00	-2.131187221041188629e+00	3.875426739334110193e-01
nan	9.207882725060736462e-01	-2.677190557578351893e+00	-9.568052458738603994e-01	1.847977856480998327e+00
nan	2.146834473253981912e+00	1.634225082523310668e+00	-9.894504598888965718e-01	-2.193352699751787593e+00
nan	-3.077352736101544473e+00	2.357972816760554036e-01	1.699237597230440419e-02	-8.478652479512461815e-01
nan	-2.835448311586910020e-01	-2.010795970543913569e+00	7.536286484984355827e-01	-1.740874541670126008e-01
nan	1.003608409464998297e-02	-8.014323864487534754e-01	7.027503894315285660e-01	2.764009588900656067e-01
nan	5.964913720497467819e-01	2.493262505544822372e-01	-1.486628357752584506e+00	4.631668209142090209e-01
nan	9.185467768845854142e-01	1.214625819890476244e+00	-1.138595704315665369e+00	-3.904596039473118979e-02
nan	-4.618607846309175091e-01	1.196266059732320919e+00	2.533521215051146025e-01	-3.601874057498512527e-01
nan	7.960673068643169259e-01	-1.873692470800262466e+00	-8.713148332383322536e-01	-6.495872975596972410e-01
nan	5.046777419467602943e-01	3.456438883905750825e-01	3.417945025984041041e-01	-3.827720581841778658e-01
nan	-3.414681836015709404e-01	9.009253067941658255e-01	3.130786745153733008e-01	-5.947871259385132392e-01
nan	-7.200486789903078888e-01	5.085839678926152851e-01	-1.633554337430135561e+00	-1.068149956986945703e+00
nan	-1.176452545560932039e+00	-1.266192168554543862e+00	-1.299223523166096905e+00	4.629351171153401334e-01
nan	6.687264340217713432e-03	-1.592500178432823210e+00	-7.714767875587691393e-01	-1.533395242785886570e+00
nan	-7.377956621160526307e-01	4.432391318733045621e-02	5.329262282406673767e-01	-5.246378958877416787e-01
nan	-8.852341676789887703e-02	-2.107467885048476486e+00	1.804497119477809219e+00	-7.257499550044812509e-01
nan	8.050468903063645598e-01	8.803969934158795141e-01	7.219137945190305938e-01	-1.547894409953858297e+00
nan	-1.687648442422209571e+00	3.827659137150228874e-01	4.016222861195325317e-02	3.862492203202173568e-01
nan	8.781823541733748684e-01	-2.384230585784340661e+00	4.729663392177248515e-01	1.143573940311512827e+00
nan	2.389968847618683334e+00	7.152142933359251220e-02	-4.205109084495226579e-01	-3.657766738468634093e-01
nan	-2.563189324905207345e-01	1.932801946447443520e+00	8.258605728798883439e-01	-2.751493329984128766e-01
nan	4.085383275062838826e-01	5.889630691953132713e-01	6.732209371005876131e-01	-6.164929823062659242e-01
nan	1.613773844504057253e-01	-3.809665320535756128e-01	7.090477769939244057e-01	-1.264429244870889091e-01
nan	-7.390621359501854393e-01	-1.413815234165400447e+00	5.404893393138860969e-01	-2.512524434859988443e+00
nan	-3.296688582091922726e+00	8.445178192921798388e-02	1.912196620814290204e+00	7.798751428887080728e-01
nan	1.728903041285164255e+00	-3.056615089019542708e+00	2.582579835861662509e+00	4.755782672345086615e-02
nan	1.743369239652782010e+00	1.130037676344901376e+00	4.770814653672969530e-01	-1.570401379356440030e-01
nan	4.096553765150927617e-01	2.235490451584583926e+00	1.087733159819931350e+00	-1.401410274347735019e+00
nan	-1.519648517273455735e+00	4.700741466005368130e-01	-5.221533665999541496e-01	-7.745779429627231982e-01
nan	-1.465951224676921072e+00	-1.887257608765387618e+00	-9.887182713124106348e-01	1.078601254172531165e+00
nan	2.678375865874635942e+00	-1.866012801096251783e+00	-1.055910595326654766e+00	1.452684516723560471e+00
nan	1.101035360222444082e+00	2.534944227332027289e+00	-1.331823843910576732e+00	1.300832103425595632e+00
nan	4.419062492237871842e-01	1.950351284297993537e+00	-1.575304570511369517e+00	3.350213857857592958e-01
nan	5.591638070756637102e-01	1.138371858570037309e+00	-1.156450148570189906e+00	-8.693001593744685840e-01
nan	-1.030427188913320746e+00	-1.311657792930192690e+00	-2.954296410859378330e-01	-1.549766473988666959e+00
nan	-5.088652230176204938e-01	-2.128365636135094441e-01	-1.565670097217202739e-01	4.173258715309569600e-01
nan	3.551246910282123137e-01	-6.279090169740971783e-01	-1.205215570509503342e+00	-4.744970705230545094e-01
nan	1.332416188805803370e-01	-6.635043024580057347e-01	1.874974351206731393e+00	-4.037108536871001352e-01
nan	2.832656325856858226e-02	1.441196806839895928e+00	4.787369202202754193e-01	-1.002417814555319531e+00
nan	-1.070730609001774525e+00	-1.712378386787240414e+00	2.982118309020110325e-01	-1.185769634206694123e+00
nan	-2.128754059717563152e+00	5.631037343213196600e-01	1.478684692337536299e+00	-1.542426733014054641e+00
nan	-1.163398437900867721e+00	-1.350697236658652489e+00	-1.776942755362812765e+00	-1.179314878751992257e+00
nan	-6.201753095373210289e-01	-8.253683409678620464e-01	2.642891160535427719e+00	-7.552022620520635332e-01
nan	-2.090461281942975980e+00	-2.666020632098328180e-01	7.332209767269036726e-01	1.501318792693321580e+00
nan	1.552808930446146318e+00	-2.226406785008097078e+00	9.752739950688494863e-01	-3.094814905313482689e-01
nan	-4.305769903171932089e-01	1.958037259378941686e+00	1.275462400727799483e+00	4.522410754317458537e-01
nan	-3.487113682184826979e-01	9.064778709890175534e-02	-2.910323622698366974e-01	-5.064703215764668198e-02
nan	-3.225715909515244340e-01	-6.709522203831452813e-02	-1.791696395472006098e-01	2.864457204973033244e-01
nan	1.145387930844899982e+00	7.038140270842320190e-01	2.182391208690436901e+00	1.403973649059473194e+00
nan	2.136088384889781366e+00	2.644660448427648802e+00	-4.765083068209407524e-01	1.834642905039756688e-01
nan	-4.440383531082007784e-01	2.253682937856922752e+00	1.079974776415517868e+00	-7.963037286129165393e-01
nan	-4.228684163634988114e-02	4.043695130824733197e-01	-1.460022030001654203e+00	-6.827304865854375016e-02
nan	6.249600495044452808e-01	-7.133218570338306641e-02	5.618974175973562302e-01	-1.148979746111292027e-01
nan	-1.841453308291486124e+00	1.248200208910627884e+00	-1.685225025247295561e+00	4.919140267181960624e-01
nan	-5.828348441826820547e-01	-3.518026088288457309e-01	1.066986999657635771e+00	1.902190007909048575e+00
nan	1.270996143898670105e+00	-3.358435775330591566e-01	3.114989282231214740e-01	-4.532081487717062318e-01
nan	-1.070239173624087048e+00	7.651748470064123619e-01	-2.325817283554363790e+00	1.140106594864755962e+00
nan	1.752426417757945831e+00	-1.552812024309850436e+00	1.795366600435399862e+00	-4.159639224773123423e-01
nan	2.619391097598010032e-01	2.477914461918133249e+00	-3.346318995438485877e-01	-1.568085761532867606e+00
nan	-1.014661064381534583e-01	-6.131884485351506431e-01	-6.099256921151223754e-01	9.288401807543625877e-01
nan	4.836596433041748244e-01	-4.528888635302555365e-03	5.110769026866359699e-01	-3.790685390971711977e-01
nan	1.126913754934235623e+00	1.349547033339269619e+00	-2.146339233007252822e-01	-2.473500240028644104e+00
nan	-1.743622004856926422e+00	9.061264117470365642e-01	-2.377262254114556494e+00	-1.499844647033485856e-01
nan	-2.047754465040763083e-02	-3.729658165091317645e+00	1.260409455527710776e+00	-9.045479136500043926e-02
nan	5.241503822046890138e-01	6.498048041904184169e-01	1.144816872316834155e+00	-6.746245918137731834e-02
nan	1.247778515788655618e+00	1.032911408233854189e+00	-2.059543633217222336e+00	9.927431734289595688e-01
nan	1.706777182752389876e+00	1.524854237410268931e+00	-1.823734908338066729e+00	-5.752694810030600792e-01
nan	-1.052734976677554002e+00	1.721492369460363880e+00	1.385669553863172032e+00	-1.081175876332311603e+00
nan	-1.249552206720114800e+00	7.952265621133103313e-01	-3.197061764769865144e-02	4.673114788857525292e-01
nan	9.305212786774739175e-01	-9.188375292113541981e-01	-9.312611574341550513e-02	3.305375875606891278e-01
nan	5.260432231957167248e-01	-2.428830046030543421e-01	-5.590082290834839096e-01	-1.297534666430828043e+00
nan	-1.608948699735899712e+00	5.128455080466465255e-01	-1.037245438914907586e-01	9.636783553260436230e-01
nan	1.615238661435685952e+00	-4.544560104944586065e-01	-4.518463883908774847e-01	1.208793969223564080e+00
nan	1.682015204335508329e+00	1.292415464143675585e+00	-2.631243972340958082e-01	-1.006063032248615707e+00
nan	-1.898567858973521094e+00	1.253453581451211107e+00	4.268756455153606133e-01	1.940336998447787398e+00
nan	3.353612883685292090e+00	-1.763813437259594608e+00	-4.505144992570385143e-01	-1.640800764470635165e-01
nan	1.850646715076048610e-01	5.265078477824934211e+00	5.593883782006975336e-01	1.771210674824112319e+00
nan	2.369241211031816619e+00	-9.463488978029505061e-02	-2.949759362453735489e-01	-5.180193743653471738e-01
nan	-9.948872169890643491e-01	2.332513828826153990e+00	-1.370129057768271652e+00	-1.079902672076215736e-01
nan	-2.049045486335793420e+00	-1.875009841074855910e+00	4.464681951585456887e-01	-1.015906190426720812e+00
nan	-1.761819419792020058e+00	-2.522923483735870942e+00	-3.313689726769102895e-01	2.556714338802059228e+00
nan	3.458665795082136007e+00	-2.469199272042136961e+00	-1.437828855212071266e+00	1.193924345896792971e-01
nan	-1.171755856147992936e-01	2.660436783238298908e+00	-5.101364441922514592e-01	-5.311281128272817842e-01
nan	-5.969821895733105066e-01	1.929359946697748018e+00	1.296805212754022163e+00	-1.399894855989841869e+00
nan	-7.652546669276255598e-01	-1.634139931957343084e+00	-1.823707997846601758e+00	6.343217894692607661e-01
nan	2.702681450110157257e+00	2.229369084171213267e-01	-2.542530126383129030e-01	-8.804104194286023199e-01
nan	-5.584525239537390107e-01	3.925095306334956291e+00	-1.616539695866817672e+00	1.469171334993620848e+00
nan	1.373206816452187340e+00	2.411030264049869309e-01	8.788916914877666908e-01	5.976428714177013379e-01
nan	1.958794556490780714e+00	1.697726434795487460e+00	-7.550894915747798919e-01	-7.962297318042586003e-01
nan	-2.301894529111609078e+00	1.315044938828519916e+00	-7.535624454793572458e-01	2.225177952198339471e-01
nan	-7.498263274470208239e-01	-1.410671336848533075e+00	-1.028425539996256077e+00	-5.768838095196894278e-01
nan	-2.043878453547396390e+00	1.528092399963414394e-01	2.984909600227341753e-01	-2.080825733214384687e+00
nan	-1.601636474184820802e+00	-2.861828181865501364e+00	7.277672968090513894e-01	4.373807132184284741e-01
nan	2.077761726962189304e+00	-2.913891984565782689e+00	6.511708499666180039e-01	1.552996556368936742e+00
nan	9.761414951887236180e-01	2.095333447491157575e+00	8.204896497140491407e-01	-3.837875191749096637e-01
nan	-1.791168038123064910e-01	5.967764440228946476e-01	-7.968000658496676714e-01	-1.477746870007562663e+00
nan	-7.701908501234202564e-01	-4.282526085452477704e-01	-5.269286733704842129e-01	-2.284641217690432047e+00
nan	-3.216537629035227219e+00	-3.217561757859754845e-02	2.423826549129198260e-01	1.031117583135539029e+00
nan	1.947914288177552633e+00	-4.257502010321659647e+00	3.888325568518609665e-01	-1.111601850923040341e-01
nan	-4.949934078582132746e-01	1.940718604993025398e+00	1.263589423371684450e+00	-8.626345212496152604e-01
nan	-9.047128558585061375e-01	-5.342185585610015330e-01	-1.174492562106226101e+00	-1.114807971288499372e-01
nan	1.919916070810354203e+00	-1.294231116284612737e+00	4.427012030816140919e-01	-3.708800034179245420e-01
nan	-9.752522597017878603e-01	3.304210921560238656e+00	-4.389775002191862591e-02	-8.944665076837228224e-01
nan	3.988657301208309303e-02	-1.147316660498036933e+00	-6.496304049418705727e-03	5.175499475564955265e-01
nan	3.539830547879816436e-01	8.229778434289212186e-01	-6.002522001372055938e-01	1.227195475891533771e+00
nan	2.853853360275086626e+00	1.566301031778966957e+00	8.809210195809262511e-02	-1.219760072231525910e-01
nan	1.042114522297153817e-01	2.725222722289416311e+00	2.379352013505960373e-01	4.982940659223170088e-01
nan	1.680009343071103611e+00	7.565007140413859688e-03	2.537613075561647169e-01	3.858852001932887577e-01
nan	9.586653259246447067e-01	3.067161092455283011e+00	1.095117376751033600e+00	7.873774590414396313e-01
nan	2.350201738510108163e-01	5.707830545230576647e-01	-6.218356303851889644e-01	-3.610167495710543961e-01
nan	-1.247686130954068551e+00	4.207639028245723223e-01	1.862492262371642671e+00	1.090398896702571729e+00
nan	2.538572659158353950e+00	-1.633882392749889334e+00	1.657402163225501823e+00	1.143114577013718769e+00
nan	2.220308443766402906e+00	1.695230755470722439e+00	5.120833357569671840e-01	1.256539400303579468e+00
nan	1.041153071352736603e+00	2.608147408396142009e+00	-6.700472661617791481e-02	6.951275986896925385e-01
nan	8.994373030443992834e-01	3.226879339394435942e+00	6.309126814976019348e-01	-3.683595035317042132e-01
nan	3.597987138424280085e-01	1.378288769463942298e-02	-2.227222683639011325e-01	-8.142803819769891538e-01
nan	-9.155479466746314632e-01	2.789066212354169849e-01	-5.221107129145879933e-01	8.757887934872173874e-01
nan	1.542244597922657334e-01	-8.400207913919561786e-01	4.295140162543240742e-02	2.291079457492976590e-01
nan	-4.025686823469926123e-02	5.535901318577951535e-03	2.187937888061307401e+00	-1.457765834076141798e-01
nan	-7.672724522389233748e-01	1.033660620249120532e+00	7.932069684895189932e-01	1.103802250657294426e+00
nan	5.881001329113022535e-02	-1.793903081654562914e+00	1.383360553676125537e+00	-1.341171345986150731e+00
nan	-8.365716320942286899e-01	-1.735571229234435409e+00	3.267772834877842869e-01	2.911352178626196996e-01
nan	-2.907806078743143119e-01	-3.039668724932865773e-01	-4.126180942754181791e-02	-2.785256938356253653e-01
nan	-4.031656067426785950e-01	-1.364593505672478280e+00	1.325856203396644228e-01	1.860226282209196169e+00
nan	1.497560603966563875e+00	2.179727771441813400e-01	2.030900267523981562e+00	-1.266326171669681089e-01
nan	1.214718678635762217e-02	-2.193756110407951709e-03	1.005542722350727836e+00	1.023538641824757872e-01
nan	-1.177858842580768561e+00	1.327195996250693844e+00	-8.322149811506363015e-01	-1.546903660559847682e-01
nan	1.191203744764349093e+00	-2.773478786476120561e+00	7.815450170071425173e-02	9.902597124987285726e-01
nan	-1.002689272053536307e+00	2.104173696148788686e+00	-2.273211847512882910e-01	7.236268311401654607e-01
nan	1.561029329388948561e+00	-7.158094719447996024e-01	3.353359648303536489e-03	-5.646172734420604744e-01
nan	1.089725793494271899e+00	1.544369548223049282e+00	-6.219243311318085610e-01	9.472174183172746842e-01
nan	1.639570283933180939e+00	2.301705551945075978e+00	-1.203194915156413636e+00	-5.372927245373007032e-01
nan	-4.790383210312060824e-01	1.933693730438972302e+00	1.509321148747573005e-01	-1.098848599701261142e+00
nan	6.004728928537870214e-01	-9.564658768290024149e-01	-6.179477910928731221e-01	1.428244889080627078e-01
nan	6.681735891920033144e-01	2.345402688259912161e-02	5.552638932542810490e-01	-3.396923318763543365e-01
nan	-7.640583336489279453e-01	-9.051683140196171706e-01	-1.597974743548909560e+00	-3.096017232954277332e-01
nan	1.279368507750525685e-01	2.005672431539073930e-02	-8.965700620308054980e-02	-2.871394082670656878e-01
nan	-7.836140396060826685e-01	5.564907998993855465e-01	-6.075777503605458429e-01	-7.263037480659508827e-01
nan	8.508816398949297088e-01	1.511900137018056034e+00	-4.598551994785283203e-01	-1.349534907243745474e+00
nan	-1.552973528175908724e+00	3.453441592247996628e-02	1.885694923077132134e-03	-1.278328879972304266e+00
nan	-2.667760601117625363e+00	-2.314428428386461789e+00	-2.043177405000889957e-01	-6.852197101433066262e-01
nan	-1.132819698721989843e+00	-2.823462384036182993e+00	9.191303659798525372e-01	1.454840003598388609e+00
nan	-6.202858064287020134e-01	-1.397420442706360788e+00	-3.989188317558726299e-02	2.305877145024795905e+00
nan	2.145186566798554573e+00	-2.455550804516461127e+00	1.855307794463026516e+00	-4.701834335800179066e-01
nan	1.830743787451701854e-01	1.360545039688666025e+00	-1.026037571599535125e+00	1.263385269122269117e-01
nan	1.083704393610570860e-01	9.335119224553323214e-01	1.124888736424895841e+00	4.979367153524941747e-01
nan	4.075148124659489501e-01	9.098279405051299396e-01	1.575122756623902553e+00	-8.249473462658896139e-01
nan	-1.343541565499494439e+00	1.168436031771492356e+00	-2.217274532052299074e-01	2.451805005399038950e-01
nan	6.954949468698418125e-01	-8.508633782656938038e-01	-1.114927138139311547e+00	1.545055299290453821e+00
nan	1.460400201991809421e+00	1.644864094245485520e+00	2.251660722643279655e+00	1.105048744576282438e+00
nan	1.045235837431868209e-01	1.719070261481724593e+00	9.869263030359085587e-01	1.841754444809380609e-01
nan	3.065889286222536203e-01	-1.435741849149325011e+00	-1.551898594833480916e+00	-6.860700599496684093e-01
nan	4.116522468836515403e-01	2.605769050394733388e-01	-8.362342091284806767e-01	-2.255036400689898746e-01
nan	7.084312358062955228e-02	6.518590773347052725e-01	-1.151617067648626591e+00	9.276124759694964750e-01
nan	1.851462851457741365e+00	3.389590126752238530e-02	-1.272455611584176305e+00	1.449501306080779872e-01
nan	5.240332930316066173e-01	2.881170671309567055e+00	-3.770128403705224063e-01	-6.624649274286231737e-01
nan	3.384966963323670086e-01	7.878797974759716993e-01	-3.230867627676710652e-01	-1.505826300225292957e+00
nan	-1.661398920091091469e+00	2.673882165160216817e-01	2.804114165512071044e-01	-1.540870376186497026e+00
nan	-3.234146514529274263e+00	-7.034176833614723678e-01	6.333624827828797654e-01	3.711654781499159478e-02
nan	1.981492328152345272e-01	-4.291444914543238731e+00	-5.349167223777158420e-02	2.040514187984872885e-01
nan	1.090165163907986123e+00	1.679004491582740455e+00	3.785706458881240022e-01	1.228243937711567035e+00
nan	1.529085067934996767e+00	3.283470650907276411e-01	-3.497107736695434510e-01	-9.375758397834980107e-01
nan	-7.955505796692343701e-01	2.197972866200462061e+00	1.418769688454814659e+00	8.368989813694277524e-01
nan	-1.345213282191055626e-01	-3.888035110941727712e-01	-9.560986774976136804e-01	-1.025233740400318228e+00
nan	-1.096870636701539059e+00	-1.319565360445719981e-01	1.083549534654640656e+00	-5.951366581553800827e-01
nan	6.904252851970755778e-01	-1.277540155603013039e+00	-1.266204388263781899e-01	1.363625050319960952e+00
nan	2.286546241998764550e+00	-5.144299888555370348e-01	-2.092729929572609393e+00	-3.184877538255544427e-01
nan	9.047252373191116970e-01	1.282629349905400229e+00	-4.523655757842119374e-01	1.038788304072618546e-01
nan	3.370916568060048912e-01	1.192868938534810574e+00	1.495990526343269789e+00	-4.005939838162880795e-02
nan	-9.052875156764013387e-02	3.740674997397147039e-01	-1.312518604169302439e+00	6.414965388290753134e-01
nan	1.757976127125667198e-01	-1.613845392406801915e-01	-1.546944709485229996e+00	-1.552149943753289518e+00
nan	-1.628738669705839692e+00	-1.780686235601363077e-01	-6.333729658264106166e-02	2.959921501233919172e-01
nan	2.229336007700040700e-01	-1.700902540719281930e+00	3.870914131813741332e-01	-1.219956590912363081e+00
nan	-1.569617752343746675e+00	1.703611267371204052e+00	2.428836007668501829e+00	-1.246192607845406641e+00
nan	-4.598322717194602838e-01	-3.508095821661104452e+00	-3.183655036855877474e-01	-6.996036542593554730e-02
nan	4.472322532334466194e-01	-2.207509244948785698e-01	4.520374524337129885e-02	9.166709663859333723e-01
nan	2.348358905885203907e-01	7.431498226661509277e-02	-4.159218318330007436e-01	1.307897280570764487e+00
nan	7.391289273733835374e-01	-3.921922095821605003e-01	-1.567075871185143188e-01	1.825758204201691104e+00
nan	1.833544996133958938e+00	-3.577040985721525734e-01	6.155750847092257283e-01	-1.462461863015905306e-01
nan	1.662427393198715020e+00	2.061859214074218460e+00	-1.333866759640323973e+00	6.600855371438830721e-01
nan	1.035746324848694888e+00	9.248625241075801862e-01	4.659523993161575617e-01	1.031328470589092161e+00
nan	-6.274715590819512911e-01	9.970608883800674560e-01	7.287756929622544178e-01	9.268514036302544223e-02
nan	3.464631714320451916e-01	-7.338588140859133579e-01	1.796036396571081273e+00	-2.481537535471806333e+00
nan	-1.596787460384718749e-01	1.480724133114879049e-01	4.235500806449217226e-01	-4.713519668793004352e-02
nan	-1.191928687297035272e-01	-6.419356512891686295e-01	1.167675086892719483e+00	4.321964328422636670e-01
nan	6.217506943537827180e-01	8.253160036405584599e-01	2.153791081693216258e-01	6.467307570766638314e-01
nan	6.076478415744194228e-01	2.306466215827840394e+00	6.111267365730878032e-01	1.505958000233087013e+00
nan	1.189701961246029782e+00	1.642017417613974573e+00	6.612022865010803996e-02	3.001588747378881039e-01
nan	7.998932001606458009e-01	2.245699924160073913e+00	-7.432939808622962552e-02	1.100714211062710390e+00
nan	-3.215505642000340281e-01	2.108750962856469346e-01	-1.382531426849251399e-01	-4.326973928974955572e-03
nan	-1.431448431139558997e+00	-1.526108829960500124e+00	-3.857625086420496952e-01	-1.852739799909096374e-01
nan	-1.075188606708095795e+00	-4.446381866526555315e-01	8.447939687089913718e-01	-3.376410114429429649e-02
nan	-8.448176018609041549e-01	6.145587600701687414e-01	-1.624929758025086990e+00	-1.681230955058500731e+00
nan	-1.627456805553255004e+00	-1.081501255390834304e+00	-7.861985723992533925e-01	-1.050321919731392439e+00
nan	-1.508579569423562861e+00	-9.179952165076010751e-01	4.166964983705743197e-01	-1.617887128871882796e+00
nan	-2.140923470403709228e+00	-1.156114963324827105e+00	-8.712487691522860511e-02	-4.541336660407201409e-01
nan	-1.143349922829534071e-01	-3.986204977390512383e+00	1.376145252896100180e-01	-2.612940965864696707e+00
nan	-2.068655516842480058e+00	3.434584745370491965e-02	-9.354097855987023036e-02	-8.576754646188295972e-01
nan	-5.418188113974966580e-01	-6.611516160349961702e-01	1.251643862197050483e+00	8.663680031414221494e-01
nan	3.427475929922469966e+00	-3.122690375780472039e+00	1.100091701809675415e+00	-5.668830544723163500e-01
nan	8.804791596801323506e-01	1.787294049450999012e+00	-1.449109551878998980e-01	8.909439017419706897e-01
nan	9.985373163032971178e-01	9.810334202352160027e-01	-1.054010160031954246e+00	1.354910894230081375e+00
nan	1.602385506618245525e+00	1.769523295225196469e+00	3.574359545828800777e-01	1.052825903578621380e+00
nan	1.211844813733885529e+00	1.119211876801260441e+00	-3.678968895908265035e-01	-2.420892703061569673e+00
nan	-3.606611583981722546e+00	1.060629323239629773e+00	5.033509793446536706e-01	-7.443965655416804328e-01
nan	-7.036136008699120925e-01	-3.363898144867488504e+00	5.827775418677311192e-01	7.859090684968071949e-01
nan	2.048013569166104997e-01	-7.872764959220274195e-01	2.373179751846555163e+00	-9.053605303801136595e-01
nan	-2.152862178786094205e+00	-1.021715927709625049e+00	8.997164064382494331e-02	-3.194028784989931535e-02
nan	-1.077445640688279971e+00	-3.200048719085955007e+00	3.906301224797150140e-01	-1.328550042242067075e+00
nan	-4.656408301085639412e-01	-3.118822232124005556e-01	-3.584839513930794530e-02	1.773975318049828553e+00
nan	1.510443235204182777e+00	-2.445480448851848898e-01	-1.858462785444115362e+00	-9.035292782730652839e-01
nan	-2.050687980234664920e+00	5.593842432846517498e-01	3.786609745876043931e-01	2.729854203524668232e+00
nan	2.900019399641421192e+00	-9.278616607290530727e-01	4.093203988146574268e-01	-7.007362884365555544e-01
nan	-1.161211053173497598e-01	3.173547125561192228e+00	1.191341651716721683e+00	1.212061122069916924e-01
nan	-1.103240633781238156e+00	1.200774753589865185e+00	2.170530388000027622e-01	-1.049657978672703607e+00
nan	-2.669300029552903464e-01	7.702352488291264176e-01	-5.260098661213974403e-01	-2.932834399761908295e-01
nan	-1.259486300023171079e+00	-9.837686015889913760e-01	-1.286215636033852805e+00	-1.557944291365557676e+00
nan	-4.103258119954431571e-01	-9.948931513727239384e-01	-7.261179185591973839e-01	-1.141293421191421853e+00
nan	-1.382466174975762296e+00	-1.757736338694464717e-01	1.081060532653332351e-01	-7.520552545942537082e-01
nan	-3.144849429061117863e-01	-4.120530883555698409e+00	3.530663247398485027e-01	-6.620374036888784230e-01
nan	-1.381614621809767796e+00	1.189430506257745934e-01	-1.701859083550794516e+00	-4.616634012674249860e-02
nan	-1.253033318727728274e+00	-5.462692693798070209e-01	6.094780300793688488e-01	-1.501675514571744474e-01
nan	-1.961106043986543757e+00	-2.838267445043858750e+00	2.960527730834149329e-01	5.768359538891967148e-02
nan	9.165885729703534546e-01	-1.238447928503333850e+00	5.211638643834215490e-02	-5.119282143092959148e-01
nan	-1.541009671524225411e+00	2.488998819821155450e-01	7.840303993316232178e-01	1.464593210013443114e+00
nan	-6.100342228837394298e-01	-9.917352929896183777e-01	-1.535659153580167358e+00	6.467558834698432513e-01
nan	2.099862500974373436e+00	-3.352578048904468755e-01	6.114229358907516954e-01	1.343140286827376295e+00
nan	8.919589453272924739e-01	1.520571708719402393e+00	-1.117780950853739741e+00	-2.375997580113718144e-01
nan	6.441007338451246733e-01	1.018843123644622706e+00	7.578177868116655613e-01	-9.028869696178521975e-01
nan	-8.928712148538128224e-01	1.473271797484669410e+00	-1.323714817627209994e+00	-6.052569370891600631e-01
nan	4.506773364395453285e-01	-7.463498229468685796e-01	1.199423732175658452e+00	-9.126182544001730790e-01
nan	6.061560622624744266e-01	8.165779042566685408e-01	-1.369955896763946912e+00	1.352772424594844036e+00
nan	9.068300224498642148e-01	-5.719653934894244340e-01	3.966481523420636868e-01	-7.860445580142205735e-01
nan	-1.617110189100356754e+00	1.326411638036568696e+00	3.699071513214319262e-01	5.334869632863448174e-01
nan	6.478028017607946332e-01	-2.681222265378584435e-01	1.440551852388842757e-01	2.349190928550436430e-01
nan	2.025448712165363929e+00	-1.216371347093991861e+00	1.107004902602451546e+00	1.937775567759299822e+00
nan	2.082485806029521491e-01	1.925578999576533112e+00	-6.544078977244163209e-01	-6.067193515281158467e-01
nan	-1.027961313802303378e+00	1.676791417709058818e+00	-1.980357156924914541e+00	9.680345095018128010e-01
nan	-3.803760725848626123e-02	-6.833269548273386285e-01	6.771995163897596148e-01	1.355396467232607149e-01
nan	5.130845797459545610e-01	6.604145371943637155e-01	-8.508832467570121016e-01	3.492405060870165112e-01
nan	1.658435648049398692e+00	7.861193475561709665e-01	2.723850473860665033e-01	-6.396454753193191456e-01
nan	6.644706453374582544e-02	2.509812028998218203e+00	-7.674188786997925282e-01	9.426034077449026993e-01
nan	1.858948519551286704e-01	5.263321002561915929e-01	1.884476370091890507e+00	4.733157773794808287e-01
nan	3.317270189599129115e-01	1.461822478370440326e+00	-1.192250738981659897e+00	1.357027725119367201e+00
nan	5.189067427812747990e-01	2.932814053637416429e-01	4.089343825227585438e-01	-3.778420008457874513e-01
nan	1.239057114473180121e+00	4.282966624243310649e-01	3.674523909599289317e-01	-7.448277535873075728e-01
nan	-6.072130071903742987e-01	1.896109339652205961e+00	5.266392868915598102e-01	5.609968719209103005e-01
nan	-9.256866982799701882e-01	-1.190874630375312604e+00	1.550678123774190675e+00	6.206423240209162362e-01
nan	3.659754871653655983e-01	-1.099763156752342486e+00	7.425648828882959185e-01	1.120355446493485285e+00
nan	1.053300780021976690e+00	-3.459289024137566781e-01	2.295801622057890568e-01	-8.460540233576383518e-01
nan	-5.205986881730773064e-01	2.827221610374539118e+00	-5.841358820692017506e-01	-1.360500282892510793e+00
nan	-1.176645754773497643e-02	-1.695863236490683601e+00	1.852173898599613899e+00	-7.156372581994560056e-01
nan	1.801119580047005897e-02	5.342329337440818726e-01	-5.948521756517328729e-01	-1.589225461067556244e+00
nan	-1.652108846347309701e+00	-8.423462971455193682e-03	-9.518364117031382632e-01	-3.986223232198612965e-01
nan	5.704839568939432670e-01	-2.287206504017509801e+00	-4.618929170376062654e-01	6.062319303939470716e-01
nan	1.021154038530390551e+00	2.894399547279420948e-01	-2.491038155888348538e+00	2.616517655158728251e-01
nan	5.434816792894016091e-01	1.507595790424115512e+00	-2.509131627027052502e+00	1.585584992430955742e+00
nan	1.776897819950018054e+00	2.364805235226160374e+00	9.605521773504438476e-01	-7.151095405365986979e-02
nan	-1.878595560432344547e-01	3.918202472568614869e+00	8.138855565117714130e-01	-4.681289982996417187e-01
nan	-2.087173881696199329e-01	-1.100305692835664484e+00	-3.210370789772658551e-01	-3.869772490973140133e-01
nan	-1.256484598031704980e+00	-2.818493954104953403e+00	-1.331050923515699980e+00	-7.844413803864334900e-02
nan	-6.724447744220957146e-01	-1.811541150247668375e+00	1.361788896961391826e+00	-9.679366582830177812e-01
nan	-2.895554361575777946e+00	-1.963038184411563414e+00	-3.204330090964882860e+00	1.395270751123629083e+00
nan	1.509145239799681626e+00	-3.416446649815909620e+00	1.091499951866801821e+00	1.534714208526667178e+00
nan	2.183369827494601623e+00	1.735356007774547127e+00	-1.526352628251801624e+00	-2.165492010794509148e-01
nan	-9.026201940403870694e-01	1.820971611756588171e+00	-2.920162427247247616e-01	3.875326468304378658e-01
nan	3.029451629443230543e-01	-1.733354174341748211e+00	-6.318093490966196768e-01	2.389427546777215250e-01
nan	-3.760402881821456322e-02	-6.766461226634173931e-02	-3.260379485635413882e-02	-4.027201611935633113e-02
nan	2.388507219345388233e-01	4.873258171293265439e-01	-7.808469071802261185e-02	1.562463901069720329e+00
nan	2.461771149929246061e+00	2.286124128365646158e+00	3.658167445763478298e-01	1.406950635216935308e-01
nan	-1.829933004265104635e-01	1.539343404479402544e+00	-8.608407490137492957e-01	-4.085916471294972485e-01
nan	-6.026468376442688513e-01	-1.172953010523521744e+00	-1.379609205518687931e+00	3.382973068632747493e-01
nan	2.065107492082089991e-01	-1.313534872735901526e+00	-2.313193420565458902e-01	6.940114894186991679e-01
nan	1.887901366311001361e+00	9.268294084704706837e-01	3.306986337176197055e-01	1.409091800270464878e+00
nan	1.876847005154463011e+00	1.362752146697124189e+00	-4.388394233067558631e-02	-3.949781022430167710e-01
nan	-4.623454584084160102e-01	1.071653017102114358e+00	-1.462828558706877002e+00	2.673481001832027637e-01
nan	9.160258808786458928e-01	4.462450928011684192e-01	4.864318333902690195e-01	1.100638068860369190e+00
nan	1.039149303815294578e+00	2.598831992621126741e+00	-2.916347379094264558e-01	8.594363068963426500e-01
nan	2.737053412512062245e+00	1.233230281126155292e+00	1.291315664354694581e+00	1.291129317615254291e+00
nan	2.502289618775848989e+00	2.853647004158541112e+00	1.090769717360299040e+00	2.044527802781398191e-03
nan	-2.103421703083177829e-01	2.541544963343727037e+00	3.378069478407344506e-01	8.523460800081458233e-01
nan	1.022151068858416778e+00	-2.251823233576482897e-01	-1.279145498624491228e+00	-4.417708479867775151e-01
nan	1.093028464461786031e+00	2.346481100637344497e+00	9.922168749435748003e-01	8.466884486929528997e-01
nan	3.378912908776341428e-01	2.909665594305727687e+00	-6.532484358576160499e-01	-5.942152030633380821e-01
nan	7.229707888934284732e-01	-1.827144431566168903e-01	1.211033211292022127e+00	-1.605191688466420352e+00
nan	-1.941278294976049201e+00	6.835771293858851072e-01	1.065141966505487175e-01	7.436254182350781061e-01
nan	8.886674807795016395e-01	-4.643408579528778279e-01	-2.726451378020123412e-02	5.905183760436486518e-01
nan	1.166190383520555596e+00	2.124833748206397477e+00	4.617808113419206717e-01	6.045209438325639673e-02
nan	1.013001368805161784e+00	-6.860941551407639949e-02	4.475603155070059791e-01	1.211428357963138636e+00
nan	7.791522036702478449e-01	9.559541214138866927e-02	8.330899038051950978e-01	-4.994464872584894466e-01
nan	-8.441526885928666291e-01	1.105422896091837082e+00	-2.775653526524938242e-01	2.229115885737059655e-01
nan	1.318228224498614320e+00	-1.346097370762941114e+00	4.892621141218105041e-02	7.084520843868332696e-01
nan	1.027995611573857548e+00	-8.012455501158419757e-01	1.336095902454108808e+00	1.482174766741637839e+00
nan	1.190507400022995377e+00	7.371126561417740142e-01	6.622022848978221798e-01	-1.379300526231003410e+00
nan	-2.504868346241800658e+00	1.354586542371789548e-01	-8.546422672101828821e-01	3.373420340852738009e-01
nan	1.735407402667242804e+00	-2.448173319876038256e+00	-1.403802260112289868e-01	1.049913392067578055e+00
nan	1.242128305792675302e+00	1.522396139679284222e+00	-7.410629828276454889e-01	4.921483786172578534e-01
nan	1.912404445625738081e+00	2.045349876764739783e+00	-1.163116528083532053e+00	8.426268791383948464e-01
nan	1.914153309337233821e+00	3.717805089128347618e-01	-1.551911023280882207e-01	5.422146544547684632e-02
nan	-3.189831589011237201e-01	7.412129663665709689e-01	-8.714690675019105548e-01	-1.083405851176106882e+00
nan	-2.795822896302713634e+00	-1.156920632833328411e-01	8.570926267240218666e-01	9.690943245267512607e-01
nan	9.894108706330617675e-01	-3.903937113658237479e+00	-1.598587841610822791e+00	1.157478796052968884e+00
nan	1.598997698120670830e+00	1.146907290635761134e+00	-1.048313287935100258e+00	-1.427831199722299660e+00
nan	-9.722915289510662973e-01	1.857256595733965066e+00	1.940307074633109211e-02	-9.449975240073539284e-01
nan	-8.762723463921726630e-01	-1.635524310911336432e+00	-1.646400018352202288e+00	9.140564047389370117e-01
nan	-3.856447420441055929e-01	-7.547248288002805783e-02	-6.893971851721958366e-01	6.207133531877926519e-02
nan	8.518868358487673431e-01	-1.303370398635665950e+00	-7.672088121756225065e-02	6.522328035867464013e-01
nan	5.469926019062741895e-01	1.133687084487393193e+00	9.362454986173165405e-01	-6.961407585729112446e-01
nan	-1.254690827301351952e+00	1.224514736914753321e+00	1.559420227792837066e-01	-3.840474686343384736e-01
nan	-7.388884133666756560e-01	-1.513286908763269434e-01	-9.541432638182423265e-01	6.825690812809018793e-01
nan	2.587921611352816953e-01	-3.231599633979793107e-01	-1.846606078063756928e-01	-8.775990405706138864e-01
nan	-6.941005647551007351e-01	3.088271167677567597e-01	4.392612686382169063e-01	-3.677460429026598310e-01
nan	-1.377959920914923753e-01	9.677634282270538568e-01	6.005071736848419661e-01	-1.998123501477804820e-01
nan	-1.008635163703929694e+00	4.205634391685206808e-01	-4.792287725021190242e-02	-1.040671213945967323e-02
nan	-3.576977632868399426e-01	-1.602403557600871720e+00	-6.437979583621711299e-01	1.185046044572113155e+00
nan	2.492465038429609869e+00	-7.289727289766410046e-01	5.869731071777804787e-02	-2.929930250515790698e-03
nan	-8.729216752408182067e-01	2.412320218118563453e+00	7.262903649197716138e-01	-3.155516973116931356e-02
nan	6.126648779985396365e-01	-1.880157309737738425e+00	-2.547874667280682903e-01	4.296258156152633068e-01
nan	7.763063863504002793e-01	-2.886889892651059997e-01	7.405114044090256309e-01	-1.112551642237102456e+00
nan	4.105170424164856779e-01	-6.773206515272578443e-04	-8.836564709188160505e-01	-2.642081470458346182e+00
nan	-3.025449653258209359e+00	-9.997663321025507255e-01	9.437231384886727303e-01	1.057025893957077578e+00
nan	2.203512668594870938e+00	-2.951960359006205348e+00	5.542801902426360700e-02	-5.624249253499380430e-01
nan	-1.062298973281355252e+00	2.552263275753468008e+00	1.158096524924516313e+00	-7.587305657793786962e-01
nan	-8.472213329247141322e-01	-6.356127992237372570e-01	-3.754556784892827404e-01	-3.189844426593030913e-01
nan	9.452236793349078070e-01	1.010801850689939219e+00	2.821799247619465878e-01	1.205050874996068222e+00
nan	-1.534430305745504208e+00	-1.218608217799503901e-01	3.299865176768088104e-01	-4.099017132194473501e-01
nan	-1.245187399274224394e+00	-1.644297800210461569e+00	6.138851651913728169e-01	-1.176622504355108623e+00
nan	-1.714321572175565356e+00	7.167834978128335699e-01	8.571085534446036547e-02	5.146597802108249242e-01
nan	-5.187702984671217488e-01	-6.342805227702819071e-01	-1.426760551543305722e+00	2.212063257944310468e+00
nan	3.990246799811361100e+00	3.899000228469696738e-01	4.544292853048505498e-01	8.078254532240719543e-01
nan	4.822104490706432545e-01	4.762275602268603691e+00	2.642007352098333164e-02	1.929956809806632645e+00
nan	2.672772456718011114e+00	2.286300168994583326e-01	3.473663284919806804e-01	-3.543233514364429459e-01
nan	-2.514167490961538576e-02	3.735155378081809197e+00	3.438456883408768650e-01	8.684921437284169599e-02
nan	-1.323714627177223213e-01	9.356520160806679476e-01	1.587196458492445172e+00	-6.830014189305160244e-01
nan	3.347683974350319502e-01	1.476483296917017629e+00	9.589172573288246015e-01	-7.918365886522038544e-01
nan	-1.532697553311402228e+00	7.961110151403663071e-01	7.299451241681860492e-02	1.316759593196877631e+00
nan	3.123439381095781453e+00	-1.896765341283567219e+00	-3.043658308013487690e-01	-4.022973045977863427e-01
nan	-2.045269574385880418e+00	2.946993399942868574e+00	-1.289062889328646822e-01	4.217255767577558767e-02
nan	4.452107778525297155e-01	-4.820373191069914576e+00	8.313679136536402670e-01	2.809438223247734401e-01
nan	-9.583457965115572685e-01	-7.041078589161627876e-01	-1.297324969581677756e+00	1.184555184676871376e+00
nan	2.316322278285820602e+00	-1.257851151948068846e+00	-1.017399047477756779e+00	8.223731374557676777e-01
nan	8.053883205268866918e-01	2.371830554154604975e+00	-1.210762694761125635e+00	5.636901396650016993e-01
nan	1.381384000006966595e-01	-1.715076550072919259e-01	5.260746402632241470e-01	-3.653518513767978204e-01
nan	-1.236337258690803464e+00	1.722919151451903774e+00	-2.977128780990014878e+00	-1.270420983249343827e+00
nan	-4.422608148027882269e-01	-1.829933061994614807e+00	-1.382298207464202795e-02	3.020725335721360927e-01
nan	-3.087234624636270852e-01	-2.366526462436234768e-01	-1.474146731115827669e-01	-8.873335223175367048e-01
nan	-1.396140470394773736e+00	1.255229889114501285e+00	6.772259210515517713e-01	9.405763193242883125e-01
nan	2.397376366916734280e+00	-1.947081251343108610e+00	-1.978029818599761902e-01	-1.097145817864637607e+00
nan	-7.284737706487010023e-01	4.047440707841068352e+00	-1.349002012973249398e-01	1.122959470116284386e+00
nan	5.788350731090877721e-01	-2.588465662692167046e-01	7.892754370646942741e-01	2.058974405504704341e-01
nan	1.220410401938323730e+00	7.027119713460816541e-01	3.072473717104356322e-02	-7.183242635214535932e-02
nan	5.502755300679765815e-01	1.064298344069161129e-01	-2.603279906176627079e-01	-1.154375978217934806e+00
nan	-1.560927249856502552e+00	8.820914340501933015e-01	-2.165151868570388327e+00	6.880651387224243631e-01
nan	2.434905072469237819e-01	-2.546895771328303137e+00	1.384793482698139400e+00	-6.329929164917353912e-01
nan	-5.552107410983804225e-01	-8.944798812659555676e-01	6.361366932203437186e-01	1.669052968515834623e+00
nan	2.437335790947764202e+00	-1.821066316096910276e+00	-2.461872283732426669e-01	9.442782745630367014e-01
nan	-1.254714946336250581e-01	3.140743384019683671e+00	-4.765712182930391672e-01	3.441503248437700613e-01
nan	8.358137894500952125e-01	-1.286168125041702304e+00	-1.817801381146522344e+00	-6.582137245085697419e-01
nan	4.984333834922169970e-01	-6.906053821732685005e-01	-2.873948935597365195e-01	-1.361593854406421000e+00
nan	9.727048808150182690e-01	-3.738306289439704555e-01	8.961239769152054002e-01	4.516238307825724552e-01
nan	2.360763449448971762e+00	1.201769422037527901e+00	1.014281434060013698e+00	9.405021727217186545e-01
nan	6.445151146321186353e-01	1.180303462613729870e+00	1.293378219836355814e-01	5.306001786616208055e-02
nan	1.479738428173179132e+00	-7.008331531114975199e-01	1.737647696441677603e+00	7.994457971371569938e-02
nan	-5.649094489616177661e-01	2.716193535754038102e+00	-4.020894986577058239e-01	1.220424324588440301e+00
nan	-1.434553497707646841e-02	-7.746506010947434850e-02	1.197488905340337251e+00	-2.550700606817883909e-01
nan	-1.355318471409616921e+00	2.564563257187814638e-01	1.609885716211439721e+00	2.500161040953197689e-01
nan	-3.906658242228251976e-01	-2.847365324826549582e-01	-3.970771696673838780e-01	-9.202413588397543309e-01
nan	-2.090551481988544680e+00	1.622205503437663010e+00	1.238366592435338642e+00	-6.084738579387255486e-01
nan	-1.610720275424649461e+00	-3.565306574149841090e+00	-8.522860373608117657e-01	1.404136677160205293e+00
nan	1.626939015683676715e+00	-1.166096128206101756e+00	-1.139223262306587436e+00	-5.466714543385583491e-01
nan	-1.419925798638320247e+00	2.370791018059208888e+00	1.219353253841746476e-01	1.642150385444894445e+00
nan	9.651338617624913852e-01	-9.983666197411364962e-01	9.092013262706093168e-02	8.775966952047199454e-01
nan	8.745099221849573778e-01	-5.278187813658798966e-01	-1.029129675555459977e+00	-5.619323138925089722e-01
nan	-2.802933849307742697e-03	-5.005333886537030041e-01	-1.176433117615440116e+00	1.148056779435278063e+00
nan	4.465593369189803097e-01	5.740102404393417901e-01	1.950120019592105902e-01	-5.293425088884449181e-01
nan	1.074837323283410084e+00	-6.583787016856191832e-01	1.441675840721060586e-01	-1.349999461716949560e-02
nan	2.564934657602735424e+00	-1.163273240189273361e+00	-8.628916502071332095e-01	4.293715671343926732e-01
nan	-1.481364411893490329e+00	3.930660788763864932e+00	2.439680341875137159e+00	1.779741403798334343e+00
nan	4.391186656653410125e+00	-1.935997907007708241e+00	1.446111975085091927e+00	1.159864928468471446e+00
nan	8.966145403606402553e-01	3.921259941967468077e+00	-1.394194189468255018e+00	1.926463641478264738e-02
nan	2.235501269922821749e-02	1.428174694806065181e+00	1.245973887180625406e+00	9.512740116852264061e-01
nan	8.595769968657278604e-01	-1.112170299561014764e+00	1.450759170216648838e-02	1.688203129654442247e-01
nan	-5.296417265451098810e-01	6.284944293087482148e-01	1.259041215141595282e-01	-1.767990155015873310e-01
nan	4.061235543777211299e-01	-1.387159942406703816e+00	-1.110981107210525121e+00	8.337255552313698193e-01
nan	-3.113354490873225799e-01	-1.065289013830395204e+00	1.837621613819782063e-01	-4.555918037050731006e-02
nan	4.417827988439938514e-01	7.661192815394932687e-01	3.276335898992294854e-02	1.314752472346955581e-01
nan	1.280091486131999190e+00	2.592247808398819853e-01	-9.862085565009002242e-01	-5.708873201619183435e-01
nan	-6.617913985137876542e-01	1.778455808802201332e+00	-6.517190658846163664e-01	1.568899339373637902e+00
nan	2.252477943222960022e+00	-1.072932087737992868e+00	8.479884829783114197e-01	-9.368577338993311354e-02
nan	1.239674793952291854e+00	3.487679254772242388e+00	5.644822765122929908e-01	-1.136394907584632907e+00
nan	-9.525485292743449683e-01	6.836111622286885625e-01	-5.989308407979511140e-01	2.617600042454572007e-01
nan	2.485830984491810280e-01	-3.481827744909058886e+00	-3.874250816387703744e-01	-2.337163422758344322e-01
nan	1.388248955389143058e-01	-9.167937112401194355e-01	-1.042621305442995583e-01	-3.656221057411202513e-01
nan	-1.343454454060117320e-01	5.664961457368946629e-01	1.603920938024194554e+00	1.129694521058854928e+00
nan	-6.387654165962410868e-01	3.600780746553031708e-01	-1.565215618276567966e+00	1.420360362477048055e-01
nan	8.146171247957216810e-01	-2.001461077049484505e+00	1.516731826096013203e+00	8.254390439064994700e-01
nan	7.826479168575337653e-01	-4.365776179635305621e-02	-9.676632344175503664e-02	-1.038460064714050501e+00
nan	-7.900810812500732583e-01	-1.196919058101040267e+00	-4.928816520211971031e-01	2.914852177744707284e-01
nan	-1.207026928437120450e+00	6.386795207539793795e-01	7.530118143324085467e-02	-3.944332740417026417e-01
nan	-8.672433694177146268e-01	-1.246709521882873872e-01	-7.022039209597488729e-02	1.886299279419097363e+00
nan	7.526596005401544609e-01	7.157416738427369030e-02	-1.318353762995718936e+00	-2.792746554021011129e-01
nan	2.545452091088252211e-01	3.802963101764552656e-01	-2.583166247496448964e-01	-1.565817882150932316e+00
nan	-2.495043299470333320e+00	-1.820753866374933860e+00	-1.590930158141874440e+00	-2.800014565876599373e-02
nan	1.348550863444968551e+00	-2.891780250080904224e+00	-3.410523818766180715e-01	-1.350172149671597932e+00
nan	-1.237645203869397026e+00	2.765859069810026050e+00	1.153585688084279637e+00	-4.823099969067556891e-01
nan	9.424317245976785440e-01	-2.139225070012471086e+00	-9.176206677756953978e-02	-2.242475675128577928e-01
nan	-6.144547894891809747e-01	1.088037690212662500e+00	-9.692129348567218861e-02	-2.482479296873229824e-01
nan	-7.361969833787088691e-01	6.145578458675438061e-01	4.297491861058431728e-01	2.591281598803251152e-01
nan	1.980852986600557308e+00	5.328677730140879421e-01	-1.266153774493026463e+00	1.485195286775356227e-01
nan	1.294117526899897452e+00	2.054654694101751389e+00	5.612027209165429964e-01	-1.448891166990637913e+00
nan	-8.090636011011624884e-01	1.991803081102202277e+00	-1.835412026521351103e-01	8.495466267022568074e-02
nan	-2.802163290477650004e-01	1.257519400396347242e+00	3.366996875616914409e-01	1.347699293231339635e+00
nan	2.203245076167948291e+00	-8.287982121880344000e-01	8.529209399054880070e-01	-8.362947647719615185e-02
nan	-1.735223600924575615e+00	2.338001003825889157e+00	7.891050695339906218e-01	3.322429813934573151e-01
nan	2.960048065016751551e-01	-2.011610592676728260e+00	-1.618805885940756584e+00	2.683844887770333032e-01
nan	1.008295361219206265e+00	-1.522208455095241941e-02	-5.840831023598926919e-01	5.284736185554421706e-01
nan	4.949425652029375011e-01	2.135585077240719443e+00	-4.014239068567504454e-01	-3.055784978256765871e-01
nan	-8.682462682795812903e-01	1.819599454702535590e+00	-7.527562357924805214e-01	-6.822628237534128504e-01
nan	-2.995479864077373322e-01	-2.247308785344521720e+00	2.662258904523922887e+00	1.719040460271332726e+00
nan	1.894995922500448460e+00	-6.042016860061633077e-01	-3.734771309679749685e-01	1.091358603587369025e+00
nan	-1.109807828950531317e+00	3.149869475417877762e+00	6.005589434501243939e-01	-5.348663747192984319e-01
nan	-4.152366188086853982e-01	-1.187865705532239025e+00	1.730536323801369625e-02	1.256092788452754967e-02
nan	-2.620325803889964611e-01	-2.207356023178314031e-02	3.347933015541541546e-01	5.652716084704093591e-01
nan	-6.989708037983078937e-01	-1.132176728260490428e+00	4.525196879038262399e-01	1.000698418240555387e+00
nan	9.976065022869124999e-01	-1.928414176482584175e+00	-7.472655543792791066e-01	8.210029538475058786e-01
nan	7.850098874838826735e-01	1.795437549696334401e+00	6.824325459318980602e-01	3.301127527125636840e-01
nan	2.328674443649121628e-01	-4.557302130789977479e-01	5.569951327165035826e-01	1.046505951485762420e+00
nan	1.910481775403388260e+00	-1.475632866307030833e+00	4.114189513183437452e-02	7.919213388963575184e-02
nan	-1.215581492334015579e+00	3.711600236533020070e+00	1.219283255160821984e-02	8.451530166032833469e-01
nan	2.259926567765922822e+00	-1.010207685836021163e+00	-2.490805884100759204e+00	1.381326049463358796e+00
nan	2.298835195150683575e+00	1.783345890552402224e+00	-4.922306821501597901e-02	5.172903772848275183e-01
nan	-2.410943146438473406e-01	2.044080110635110081e+00	-6.875518981757423598e-01	7.337639978304422161e-02
nan	1.028454472953138410e+00	4.038067621100975835e-01	-1.061028210063366783e+00	-1.011969395819108941e+00
nan	1.315163759260419729e+00	2.124284954071490539e+00	2.407771100610359705e-01	7.244012643360037140e-01
nan	9.091195383171652988e-01	1.207621442763068487e+00	-1.342350666877834831e-01	3.961129153772369182e-01
nan	1.200544687862994619e+00	8.141264575057512998e-01	-5.874678836767438517e-01	5.729747254067556472e-01
nan	2.392866610577786268e+00	-5.918384105449980837e-03	7.414444377722960722e-01	7.641640472541084972e-02
nan	7.401386913447833837e-01	2.214253173399009622e+00	-1.501316537253328739e-02	7.122341943939214381e-02
nan	-5.639632896342529067e-01	2.409249979679318088e+00	-1.183572434429411180e+00	1.872476735708691331e-01
nan	-1.350407670839532392e-01	-1.180286857040566240e+00	-8.873771425794718670e-01	3.653063322774573463e-01
nan	9.363908276690072752e-01	-2.320470822481689233e+00	-6.940546362963546656e-01	-2.082098261901109137e-01
nan	-2.046718010609823057e+00	3.785651912919127060e+00	-5.938209984552721143e-02	-2.265410415109594088e-04
nan	-6.925422846502903296e-01	-1.330142687059147955e+00	-1.208501888987578488e+00	2.277398258236278394e+00
nan	2.615966511914355586e+00	-1.682617504341811454e+00	-4.051578000706740901e-01	1.474655168267774874e+00
nan	1.534158447238902934e+00	3.393653019811230465e+00	-9.718012769730929312e-01	-8.539944959529042201e-01
nan	-1.676821413702511254e+00	2.370756886429788324e+00	1.117430747349012349e-01	-1.581335187359599992e+00
nan	-2.486874104584863243e+00	-2.415684666604584141e+00	-3.765699173946379097e-01	-1.518093620901059371e+00
nan	-1.653559448475581117e-01	-2.363820161656151608e+00	-1.314462507655703050e+00	2.605385979892024251e-01
nan	5.358803821087656516e-01	-8.182565840153320780e-01	8.669719811966086764e-01	-1.406304739688933880e+00
nan	-1.893172923374253358e+00	8.177696180477097565e-01	-5.063511396844085910e-01	-9.592079330098565171e-01
nan	-1.500527205153457944e-01	-1.742568867197781701e+00	1.076413290835179920e-01	-1.331305777233910304e+00
nan	-2.183681099752090127e+00	-3.771435371776955536e-01	1.063455660442551354e+00	1.386346748228272308e+00
nan	1.894629912219638612e+00	-2.021786186424386678e+00	-3.590519117273729965e-01	7.719450989999019352e-01
nan	2.438811028642889234e+00	4.021360444463221384e+00	-2.382372337215982461e-01	5.618307622249801847e-01
nan	7.790182280142649018e-01	1.582983327634353010e+00	-1.140660766783007762e+00	7.778082009895953552e-01
nan	3.180470678577024923e+00	1.436084895199261080e+00	2.328628123336846933e-01	-6.533880326099912317e-01
nan	-1.270116895550994940e+00	4.392881887289344256e+00	2.529621000179036461e+00	3.817001033916438413e-01
nan	1.614652012635264255e-01	-2.105568227786562829e+00	5.005241343009461108e-01	-9.686357206837123979e-01
nan	-1.549714591112083095e+00	-1.238285502266441407e+00	-8.070922585956097350e-01	-3.183560465220426350e-01
nan	-1.059481316011138041e+00	-2.305524717486129749e+00	3.010611871967921460e-01	1.008472002007267498e+00
nan	2.514137883491057934e+00	-1.841675045074592676e+00	-4.519020385600672762e-01	2.994062503730388070e-01
nan	-9.932549010914335508e-01	1.059943993739690837e+00	8.674205336431500823e-01	1.266619433431134922e+00
nan	5.412950323140380826e-01	-1.261494727801783622e+00	-1.756849597925396744e-01	-6.892324790933143097e-01
nan	1.817293013855679096e+00	1.994265772096589728e+00	1.298054256015297225e+00	1.994210497794302039e+00
nan	-7.336174296312560905e-01	1.372757562687186628e+00	-6.920792539240756547e-01	4.266245380974498236e-01
nan	2.206389861001227248e-01	1.173293890195590272e+00	-3.651134015782054321e-01	7.252687816115872543e-01
nan	1.071555038515880520e+00	-3.310552675418537150e-01	8.157903351524624647e-01	1.355590329381278325e+00
nan	2.930053273615105258e-01	9.773603841286535587e-01	1.246467655543407327e+00	-9.239527280680915888e-01
nan	-1.800412949883133162e+00	9.460798709159986553e-01	-3.192704157160341172e+00	-4.711150819315132465e-01
nan	4.464389948479830506e-01	-1.065759649573463363e+00	3.442935289579212021e-01	3.018757919171283777e-01
nan	1.459466915509225249e+00	8.704609795169695463e-01	5.592118480057468866e-02	-1.096449203395046368e+00
nan	-1.226231660577281390e+00	1.802002205215677666e+00	-5.637247241613048410e-02	-3.621783586784553255e-01
nan	-1.094603123181447257e+00	-2.625759629231355863e+00	1.094410910719708863e+00	2.181434535584600987e+00
nan	2.447935467220441641e+00	-4.617043645750837921e-01	-7.339766064988220151e-01	1.177103313416522523e+00
nan	1.180527196369198561e+00	1.404810488547670211e+00	-1.253213334005071955e+00	-1.298034949470453059e+00
nan	4.443757583292047286e-01	1.258913934553984371e+00	6.134415653948514791e-02	6.389089422038524146e-01
nan	2.171570819170987487e+00	9.411649530790797691e-01	7.724793104968221691e-01	1.679774835738695016e+00
nan	1.626210989931713424e+00	2.406269169153767429e+00	-4.303977768975424945e-01	-4.899836875145328619e-01
nan	-1.878050947089571765e-01	2.375882875690530138e+00	-6.631585225008530537e-01	-1.564259147460827393e+00
nan	-2.442452827608913246e+00	1.941970253181274142e+00	-1.145799877427719160e+00	1.110591949685100666e+00
nan	1.939267416891429452e+00	-1.114831748945774637e+00	5.343935148479810326e-01	7.013549241797552014e-01
nan	9.314201797397597682e-01	3.246334989058227372e+00	-1.493360004894105364e+00	1.017374757793108486e+00
nan	2.243722566884874148e+00	1.069862925292710099e+00	-1.350669537851873603e+00	1.004640125948144114e-01
nan	5.813031786869321538e-01	1.573655371434546035e+00	-8.788450590276951635e-01	9.494131414437991801e-01
nan	4.112282028802149991e-01	4.692731693359830647e-02	-1.247583420423046707e+00	1.754620980724589385e+00
nan	3.245219914757668356e+00	-9.870951097471802882e-02	-2.772317957950732881e-01	2.566652378816237423e+00
nan	2.976664578604721889e+00	3.500552789210008342e+00	-5.404324523862442664e-01	-4.868351596819501387e-02
nan	6.754518666981367270e-01	2.908710064229859338e+00	4.884368247100207561e-01	1.839770629246122446e-01
nan	7.382156705759190807e-02	-9.760174426213996668e-02	-1.414662852471244792e+00	-1.804863619644725414e-01
nan	8.999041494164004007e-01	1.248717883201158063e+00	7.162790867253465699e-01	-8.720212319221893882e-01
nan	-1.064317902564318352e+00	1.198588194059537093e+00	-7.421923552266609381e-01	2.205318793360872553e-01
nan	7.213276972008999532e-01	-1.395130367271746774e+00	8.712833443756452523e-01	3.044137969489952439e-02
nan	-1.187222142037725581e+00	1.618443698689158161e+00	4.487614261313777608e-01	-1.375406852946618574e+00
nan	-2.883787392836538288e+00	-8.962246558545983177e-01	-1.991112850317591776e-01	2.303194148931040630e-01
nan	1.609572218497109519e+00	-2.076303925666987293e+00	1.194336788131761695e+00	1.738765342335335973e+00
nan	3.072028661023638030e+00	2.124027370995419162e+00	-3.266635778036133808e-01	3.864236351999758567e-01
nan	-5.857595856939068479e-03	2.972625125675527169e+00	1.134822939086372440e+00	-8.390877694360255878e-01
nan	-2.582673166340020421e-01	-2.837244638231845029e-01	-7.869132475033175922e-01	1.629540150470090598e+00
nan	1.668861232172325959e+00	1.234249712343433725e+00	1.013112205806237620e+00	1.075466230988270100e+00
nan	1.083487539637575381e+00	1.255226968077649996e+00	2.505193857343133157e-01	-8.832659337352105622e-01
nan	3.850398361250616519e-01	5.708728672518172953e-01	8.474312954422267286e-01	6.430591188650613965e-01
nan	1.394383513038429889e+00	1.379836844278883756e+00	-4.258897064975449842e-01	2.003699887281115366e+00
nan	2.116090006391208700e+00	1.787552403125957756e+00	-5.445776439329680363e-01	-7.458003037180946371e-02
nan	-1.115514332041395607e+00	1.167768646026570156e+00	-1.352964396730801100e-01	-8.469576724831178183e-01
nan	-1.226746939409790738e+00	1.406670934037115295e-01	9.406693039621311092e-01	-9.263889036450236869e-01
nan	-1.900512621825479531e+00	-1.319067659622687350e+00	2.090508125714885868e+00	1.427304852391864665e-01
nan	-2.120182897954258072e-01	-1.785914624826188124e+00	1.013175763160418574e+00	1.532793805269070386e+00
nan	6.006030878388833871e-01	1.429938456320769991e+00	5.228121281280534438e-01	-8.629870344631442869e-01
nan	-7.858265235891104261e-02	5.681677815922095975e-01	-1.153959733417848854e+00	9.022954876802989910e-01
nan	6.721353667533438436e-01	-8.903714616053529651e-01	1.964290825869493551e+00	-5.754580504093016469e-01
nan	1.260368412526589266e+00	1.349549299664223323e+00	-1.963762958629129696e-01	1.808804415347636807e+00
nan	2.648277231121888953e+00	1.245957616787670696e+00	-9.467516601387666875e-02	-4.299747918134626534e-01
nan	-4.426769447498094534e-01	2.803541407608962199e+00	-1.149930898338050067e+00	1.206378031853031635e-01
nan	1.253775542812392674e+00	-2.072930538702690839e-01	4.669803183690702797e-01	-1.111837911639286025e+00
nan	-7.652746644590060487e-01	9.185024939865373828e-01	-5.784782877613933172e-01	2.542006997449225647e+00
nan	3.133860466237768705e+00	-2.994272895817565505e+00	3.167733882707645665e-01	2.524749463850516351e-01
nan	-1.796234462947303712e+00	3.598845482369700921e+00	8.765118639988623839e-01	-7.957420713735205986e-01
nan	-2.435911485166433632e+00	-3.454392956970491646e+00	1.168361919279593764e+00	1.480392771626129145e+00
nan	1.204085234373502233e+00	-1.867724211614150587e+00	-1.710222303156007650e-01	1.439824517588509822e+00
nan	2.179697881533748660e+00	1.908526088563221812e+00	3.980125292215812571e-01	1.388439775049246129e-02
nan	-2.788366467163299472e-02	2.807988348843782234e+00	-2.936788314458940730e-01	-3.059924894003255846e-01
nan	1.035855013415788228e+00	-1.075994085831635472e+00	-9.103167262487189548e-01	2.509160779645313588e-01
nan	4.451700670127259896e-01	2.202567599066170612e+00	1.368845673236079197e+00	-1.572956784736997626e+00
nan	-1.338027183214516080e+00	2.341664852345993530e+00	-1.090348881926459956e+00	-1.447355756554036477e+00
nan	-1.961219543257270548e+00	-1.713510483252634886e+00	1.902242988288465053e-01	1.027854652009568409e-01
nan	2.465664399709147858e+00	-1.742956801898182917e+00	7.169045396981581497e-01	-1.055701331347075334e+00
nan	-1.654213046173769630e+00	1.754211239436664238e+00	-4.745898927189131089e-01	7.274084792365367313e-01
nan	-3.705989575501138500e-01	-1.158886792731173454e+00	4.158473187529013182e-01	-1.259796065215210703e+00
nan	-1.522058121967325039e+00	-1.382928097494654729e+00	-1.053823538643831464e-01	-2.130218206570576367e+00
nan	-3.660787695884513138e+00	8.663753018022584129e-01	-1.584303730931068799e+00	-5.335308364976012463e-01
nan	-5.049092642806918274e-01	-3.714471911020250428e+00	2.249900330296364714e+00	-4.204696297064382249e-02
nan	-1.561758233520673944e-01	-9.757055556489948600e-01	2.030906850244573181e-01	2.998427674723033176e-01
nan	-4.129787207140792615e-01	-1.347063867159111750e+00	-1.282737896587698989e+00	4.818543484440174773e-01
nan	4.124435492691770899e-01	1.778150036180932592e+00	-9.668703677973861099e-01	-7.358630561554136973e-01
nan	-2.018706402355712637e+00	2.984976524973981249e-01	-3.380210064852429142e-01	6.152624507318706915e-01
nan	1.087373238675340748e+00	-1.510695720062171343e+00	1.144683255146906165e+00	-1.091475233841490144e+00
nan	-2.508855839102360985e+00	6.642169097646213327e-01	3.260902889609407218e-02	-3.814447400740142435e-02
nan	-1.104123252627807972e+00	-2.351790921698612813e+00	-1.384880730204001154e+00	-5.823093674782864326e-01
nan	8.289480863223619433e-02	-5.616981443184225764e-01	1.294039527954011226e-01	-1.372437356993823299e+00
nan	-1.379939330569148526e+00	-2.204973004695163219e-01	-1.239916976313301111e+00	-1.701555087285501200e-01
nan	-4.198438810055366011e-02	-1.699468867161039176e+00	-2.445845117402673241e-01	1.473677256819020842e+00
nan	1.878762030513987158e+00	7.209227517664484886e-01	1.195593248953629173e+00	1.214352639707044990e+00
nan	1.453903853377610078e+00	2.939807668271654517e+00	2.062008441561848926e+00	-1.170089775579161495e+00
nan	-5.915259355792967799e-01	1.668015259708677034e+00	-1.201294971487041785e+00	-2.348223699582224544e+00
nan	-2.774432957403265565e+00	8.457875693726510935e-01	-1.630815656692103266e+00	-2.316844645193080421e+00
nan	-1.773818680680513848e+00	-1.082557468995553718e+00	6.500622441574293031e-01	1.514637913390299850e+00
nan	1.189381481427492782e+00	-1.693479769547224789e+00	1.060961599221613261e+00	1.610168640449052502e+00
nan	9.685560576969907132e-01	1.004471657208269253e+00	-2.768282174962419240e-01	1.143756070519075241e+00
nan	2.530702104188389701e+00	1.934411155614093936e+00	-1.786069718123050043e+00	5.685516785993010025e-01
nan	3.688057621813967124e-02	3.565500641912205282e+00	5.858053562720351159e-01	-6.653609207365486222e-01
nan	1.012970788252427479e-01	-1.036560170150458760e+00	-6.417001181516103214e-01	-7.145612508239002070e-01
nan	1.779053416816874122e+00	6.040293487828469754e-01	7.388922293165582633e-02	1.148811505052408810e+00
nan	1.448907392009959327e+00	-2.233236676252894348e-01	4.586277141042449101e-01	-2.756182343294761861e-01
nan	1.367798717091564198e+00	1.816748882427386302e+00	-1.271847180824400736e+00	-2.418423470157648469e-01
nan	3.292633675845023089e-01	6.757287675847558628e-01	-1.581931785341519792e+00	-5.284189475910183731e-01
nan	-7.522795723290156555e-01	-1.152972659920727394e-01	-1.270419408134881412e+00	1.457602953977635618e+00
nan	2.809750876310897816e+00	-1.469396272694159844e+00	5.625183495242175313e-01	-9.379539609795824184e-02
nan	2.223575860471199039e+00	3.551304365469995616e+00	1.302942211323327104e+00	1.186443303950748263e+00
nan	1.911950446099534684e+00	1.361545871798438778e+00	-2.720765204898134004e-01	-4.626609767504722970e-01
nan	-6.027295061506872109e-01	2.560009531849570585e+00	-1.797969199909340787e+00	-1.418467343842362061e+00
nan	2.583447620270351575e-01	-1.452323146063500214e+00	-5.475580872986199887e-01	-1.016164166897384424e+00
nan	-3.326588963090599815e-01	1.121696151265956232e+00	4.512686012202890562e-01	9.714466064115797606e-01
nan	1.948001718659078563e+00	-1.482566753522444936e+00	-5.180680544611170335e-01	-1.914069984537862534e-01
nan	-9.936290577453331663e-01	5.134077336445401762e-01	1.295282670438048234e+00	-2.968957520974289666e-01
nan	6.015518691570644894e-01	6.875804590481860989e-01	-1.044027680658509816e+00	-2.251529041408083243e-01
nan	9.357857402212116371e-01	-4.359021873273192238e-01	-8.085896113066710633e-01	1.722917202868263553e+00
nan	2.880818954350492067e+00	2.687322828552304532e+00	-1.506045335894351522e-01	-1.585086536713163463e+00
nan	-1.267808179304241722e+00	3.893389897064438721e+00	2.710362881478322605e-01	-1.468897769673369325e-01
nan	6.290617730522570783e-01	-1.335791571943470313e+00	5.334273345681739276e-01	2.216587704483163057e-01
nan	3.454486721212898792e-01	1.727319538750577421e-01	-6.541734513876111823e-01	-2.795858387403692968e-01
nan	1.575009777062651994e-01	1.137790605182906756e+00	-2.262594357936745793e-01	3.064808081020664599e-01
nan	1.545305971435672499e+00	2.884855133880276923e-01	6.104503021405485175e-01	-1.047973931285069549e+00
nan	2.839505998693399036e-01	1.908136790094150159e+00	1.214581259459780016e+00	-1.195523624400016693e+00
nan	-1.190875291301607630e+00	3.665092922849302326e-01	5.377979906667712529e-01	-2.119349698012557681e+00
nan	-1.186858488787755572e+00	-1.051339686985510724e-01	1.247294752861142011e-02	-3.944808359848805401e-01
nan	-1.237186500248284249e+00	-8.834456352433379678e-01	-8.356982746591156141e-01	1.262402278789728660e+00
nan	1.161367266786297758e+00	-1.919271571037318047e+00	9.476567257483342610e-01	-5.318634293483519571e-01
nan	-5.223558669430194978e-01	7.635376411377161610e-01	1.333868997295223124e+00	-2.127608325759448693e+00
nan	-3.913695280389316800e+00	8.838024499379839583e-01	-1.462099717820217470e-01	2.565274863788640225e-01
nan	1.033802806699296584e+00	-4.076267047422788004e+00	2.196183718198100543e+00	-3.309302847552749588e-02
nan	-2.244079204196087751e+00	2.132987879134756071e+00	1.107701213537554408e-01	-8.454864668088983848e-01
nan	-2.362789212528714877e+00	1.692060478063483142e+00	1.617924343060572534e+00	1.138507235462414613e+00
nan	1.001920064241461406e+00	-3.441232469432140118e+00	-1.226810895526066723e-02	-1.622788996214636903e+00
nan	-2.695400181946272067e+00	1.372829644308636521e+00	1.213530990698225565e-01	1.467427217241024984e+00
nan	8.799914951560178222e-01	-1.497901206938489826e+00	-1.409328329488009068e-01	-7.889406600145786319e-01
nan	3.617759721490076963e-02	1.535168144240235399e+00	1.032663549217658128e+00	2.121162820700525309e+00
nan	2.488185283882663690e+00	-1.185842155641735757e-02	9.694006767434801830e-01	7.182025383527917972e-02
nan	8.030365033983548617e-01	2.905186225488771257e+00	1.533678010436284322e-01	1.030178892738593532e+00
nan	-5.871263613374508861e-01	-6.072359875477502111e-01	-4.598782980050199476e-01	-3.519312553982389957e-01
nan	-5.112778933096400191e-01	-6.335147586961692445e-01	-2.997259370039088711e-01	-1.173682271336150690e-01
nan	-1.010253375935701525e+00	-4.722022632825224608e-01	2.709885249302160237e-01	2.055288847350793535e+00
nan	2.530202541887542012e+00	-4.991524838030952926e-01	-4.949532291100475212e-01	5.057347052127640907e-01
nan	1.267365625268138896e+00	2.662346690571925745e+00	1.430731195393925459e+00	-1.054252696809100831e+00
nan	-4.566740448285997456e-01	1.484194014450745502e+00	1.955091885329413026e-01	2.929955194817524325e-02
nan	1.564394090233315049e-01	-3.697857729342098332e-01	-9.272360332662329396e-01	-2.107934462042188317e-01
nan	-1.023647808423472805e+00	-9.690909589714771788e-02	4.226292679806089581e-01	5.014868907887439775e-01
nan	1.610779112488487375e+00	-1.408964908145211359e+00	-5.010263528855590787e-01	1.230989308179234243e+00
nan	8.413211020562354481e-01	-1.773168947900658488e-01	-1.661274786906057788e+00	-2.143341401255024758e-01
nan	-1.487797086512523403e+00	5.147380742631604278e-01	3.508915481494149224e-01	1.154453311457708242e+00
nan	2.793493664571668589e+00	8.374187834544737363e-01	-1.011062199081433688e+00	-6.012476899778744777e-01
nan	-8.667556263763269708e-01	3.090599978048150565e+00	3.492992441128902059e-01	-6.860425337626284703e-01
nan	1.683313494700530155e-01	-1.503541549635579733e+00	-1.530562193356807654e+00	-5.430031771668910601e-01
nan	-2.309728956790463528e+00	6.634058231870250122e-01	-7.288905414276283246e-01	-5.371261001647796851e-01
nan	-1.501739032618596981e-01	-2.579742838463818355e+00	5.092285885151600633e-01	1.366825580790715255e+00
nan	-1.476678952701513392e-01	1.005043426343747104e+00	-1.195657002152467285e+00	1.100477593201347526e+00
nan	3.168519250014399935e-01	-1.695788857151879991e+00	-8.493804362532514363e-01	1.431227057736677688e+00
nan	1.821234831863670856e+00	7.176048842139517436e-01	1.269681880491577708e+00	1.539811752344454554e+00
nan	1.706013628277110339e+00	3.981628220049393097e+00	-4.312976402293872136e-01	-6.961610362600065827e-01
nan	6.538049685568905200e-01	3.052839881464624039e-01	1.090489215008917823e+00	-2.004570754140279076e-01
nan	-2.665986140268483240e+00	-1.296762787974997666e-01	8.275455526863599864e-01	9.887227519457922886e-01
nan	4.470333543984346125e-01	-3.852161756730136055e+00	-5.934161928709215106e-01	1.113111259566472999e-01
nan	6.997454843205749286e-01	8.487612065109224613e-01	-9.450206147584053751e-01	2.553170348958386793e-01
nan	6.884963993065703614e-01	1.723927422881986748e-01	2.672243626058857124e+00	-1.372261376836004132e+00
nan	-6.082477207932487362e-01	-7.121413738466092491e-01	8.659535794808375098e-01	-1.086080778567057176e-01
nan	-1.573800026267219820e+00	-3.106033844633755425e-01	-1.482485549149780590e+00	-1.089256168194284946e+00
nan	-1.616251589382234011e+00	-2.003265370549748070e+00	3.549915117254383579e-01	2.182861211611393237e+00
nan	6.915227873134335290e-01	-3.006120035591598239e+00	7.961868286030379105e-01	-1.143915395589380823e+00
nan	-2.615428956239608027e+00	3.691211387685536804e-01	-2.165782143477714694e-01	5.424186202157834646e-01
nan	5.954781883992631419e-01	-3.954869585959162492e+00	-5.047780621676072332e-01	-9.210509899702549186e-01
nan	-1.819886462181117048e+00	1.911062829114407613e+00	-9.067764033921579259e-01	9.810960674092386036e-01
nan	7.599396987156614713e-02	-8.143772360981258451e-01	-2.525706015695027062e+00	-2.714196591853451634e-01
nan	6.495809856626011403e-02	9.198875057467685579e-02	-2.017151208134107532e-01	8.161810741601293051e-01
nan	7.498583526138794531e-01	1.290393620628476512e+00	1.086128465269047494e+00	4.186766037388922612e-01
nan	-1.512479729256882344e+00	9.153769806982874346e-01	7.593116326347824074e-01	1.790509600288385794e-01
nan	-2.679081393297153557e-01	-6.910315364165331431e-01	9.625013199878919012e-01	6.023951089427501682e-01
nan	2.062197275329292534e+00	-9.707000152997741216e-01	9.326605592554715329e-01	-1.519979703076281163e+00
nan	-2.870405045827743695e+00	2.342617319840194945e+00	8.424451578204122937e-03	1.113132349959918971e-01
nan	2.840951029551702645e-03	-2.974853130925215972e+00	-1.724002545170355116e+00	-5.991145899259210372e-01
nan	-1.021632296730506262e+00	-2.073140740962591266e+00	-9.827239348575874094e-04	1.040518421492198753e+00
nan	1.076986971661194836e+00	-1.840869498908680457e+00	-9.502364292886527064e-01	-5.021823496476828241e-01
nan	-3.044801061616602689e-01	7.344380741664668921e-01	-8.717185483732206031e-01	-7.368655459057017465e-01
nan	-9.401627062183238737e-01	7.537412763036956953e-01	-1.218808100361076452e+00	-5.182241058974388498e-02
nan	-9.871695381201414099e-01	5.467531764938138306e-02	-1.421025675796191212e+00	2.124279725855837131e-01
nan	3.753213298424091793e-01	-7.900789350243860865e-01	-1.671753103273145025e-01	-4.671784120238911542e-01
nan	-2.572122233351040954e+00	-9.125505297553746509e-01	1.714475160162510226e-01	1.854055323966739000e-01
nan	-6.044291275941767738e-01	-2.667778706862028670e+00	7.040135672913394593e-01	6.208637343994238833e-01
nan	3.974111259440133437e-01	-4.841607008379348320e-01	-1.217665488673675689e-01	-3.492947679241206749e-01
nan	-3.154040305414992362e-01	1.073524959001221690e+00	1.349553717289582178e+00	-1.221882132784515296e+00
nan	7.799938596863809082e-01	-2.832558315429485885e-01	-5.109892867805302386e-01	-4.422995266346909649e-01
nan	-2.195295520341045137e+00	2.259497705468662687e-01	-9.313896613763986698e-01	9.500627257410263482e-01
nan	1.886507044884260687e+00	-3.575510720664428987e+00	9.173608546163887212e-01	2.071064601108125736e-01
nan	-1.171976746029981253e+00	1.061209644553552156e+00	3.744138970492576490e-01	-7.745320447746414372e-01
nan	-8.220381673349915763e-01	-2.372263799139166629e+00	-1.688898656229449013e+00	-7.825605798242880606e-01
nan	-2.593563726128974567e-01	-1.007972666723840227e+00	-4.552613721171238637e-01	2.018290729136898165e-01
nan	5.527367211201145158e-01	2.604895329771402812e-01	-6.383736338662274745e-01	-4.331704955474828811e-01
nan	-1.849804460949711071e-01	1.651934768678868792e+00	-5.312345873236643534e-01	-4.922808691889167809e-01
nan	-1.619563411589040491e+00	9.603966221135457060e-02	4.420150620475015724e-01	-2.213628524654308372e+00
nan	-6.996311337792262552e-01	-1.886148647707391879e+00	1.645670452612577384e+00	-4.951059571176625873e-01
nan	8.362114663791453406e-01	-2.651354385786433454e+00	-2.277823789002212662e-01	4.518015649182063331e-01
nan	-1.887976796706525295e-02	1.153187514422843174e+00	1.314556984725458122e+00	6.782735295587872804e-01
nan	8.951030302212050760e-01	-1.121813645237455859e+00	3.292868907111681231e-01	-1.338723773617862989e+00
nan	-2.375192155013978734e+00	1.343060470442103416e+00	-4.399842988024770252e-01	-1.747371824377313976e+00
nan	-1.328488863041162649e+00	-2.129828206375805610e+00	1.043488736138624473e+00	3.966065799481310328e-01
nan	8.072839321889536679e-01	-1.166038473126166153e+00	-8.519224111653270204e-02	8.927601698732056112e-01
nan	2.343011663659116284e+00	-4.951349011212270446e-01	-1.005626982844122441e+00	-1.242580872513943335e+00
nan	-2.503459684736490054e+00	1.297320573314334480e+00	-1.506731758950178968e+00	1.711008731107949377e+00
nan	2.937752686462849816e+00	-3.403200466147279002e+00	-6.112524413551748692e-01	-1.280578170258903636e+00
nan	-4.032021456581853514e+00	3.865539511390835958e+00	3.161362432877954931e-01	2.013381588304943293e+00
nan	3.012405632647858766e+00	-3.412613626668790090e+00	7.809710540558845171e-01	-3.744629246419824142e-02
nan	-2.293346996434889595e-01	2.703941952277442162e+00	-7.900211139348749523e-01	5.857324030586417152e-01
nan	2.149770392936556362e-02	2.833271985454858255e-01	-1.000296240227299460e+00	-6.859464407601115199e-02
nan	9.245511825878975909e-01	7.711382967865801907e-01	-2.508417212160645240e-02	-1.071593004551548711e+00
nan	-1.612307407454676156e+00	4.487787960541548826e-01	1.240328024256906359e+00	-3.680408287069358297e-01
nan	-4.402248657177167401e-01	-2.262618564890956474e+00	7.999122544716199545e-01	1.327682565374475876e-01
nan	3.965050433681088782e-01	1.243906839696856004e+00	8.794105589934796408e-01	-4.731751918165311155e-02
nan	-1.746516128424223435e+00	1.139001781311764994e+00	-8.823510697955352367e-01	-1.131690970669449570e+00
nan	-1.053232386927015707e+00	-2.351644741779052694e+00	2.166489055804558805e-01	-1.645984138176871614e+00
nan	-6.596296606786674621e-01	-8.306842115389430070e-01	1.050387023329887093e+00	-1.369426739709790342e+00
nan	-2.192057932330713221e+00	-1.355298898075465441e+00	-1.664928693140544924e-01	4.601990003964602782e-01
nan	-1.226802852048690662e+00	-5.662166025229116162e-01	1.274096648910411300e+00	-5.719720547603918126e-01
nan	-3.030585255727474281e-01	-2.180275949505938726e-01	-7.464624200167072621e-01	3.400793677767386392e-01
nan	-8.368732177117494953e-01	-1.429036568522154660e+00	-1.626278050492510063e+00	-4.807336909971756528e-02
nan	1.519470105725291065e+00	-2.193646137769485804e+00	-2.598614577748077636e-02	1.231877170837661684e+00
nan	1.050358839218715978e+00	3.582784358188235707e-01	4.218037288692861458e-02	-1.238743031805147776e+00
nan	-1.382228382954486134e+00	1.515671102147363891e+00	-1.991228344980016995e+00	-5.745318361213881397e-01
nan	3.978752465576625985e-01	3.787823690179519254e-01	-1.671287535121883439e+00	-7.527605061384169405e-01
nan	-3.446103810899588393e-01	2.323436867065661993e+00	-8.274287199025101014e-01	1.029065630441198698e+00
nan	1.532064630933289262e+00	5.269053824253895346e-01	-5.120367999572185136e-01	-2.179354312040285624e+00
nan	-1.676099955922176310e+00	2.393951222744242102e+00	-4.296494813437580218e-01	1.015014805874416171e+00
nan	-1.841362591262571957e-01	-1.411381500399407241e+00	-7.353907773667860415e-01	-4.507497175821982838e-01
nan	-5.484380276398719278e-01	6.696806719386720896e-01	1.350784955762815764e+00	-5.232958130751073078e-01
nan	1.881020088704332682e-01	-2.227180170220124378e-01	7.358928222841045752e-01	-6.152514560922440756e-01
nan	2.343847841052655312e+00	3.984139343002056632e-01	-1.370920797757717802e+00	9.002467113171892521e-01
nan	4.458894131586454979e-02	3.592472353872889101e+00	-2.312440129028331404e-01	-7.904486755707737511e-02
nan	5.249161461047583410e-01	-6.273045585285809134e-01	-3.886243710142161523e-01	2.379520672592337904e-01
nan	-6.523286190400618967e-01	2.581377964921145463e-01	3.830621683721121551e-01	1.142055147830015827e+00
nan	1.629669274580216598e+00	2.512571422448681702e-01	-2.219526381888244082e-01	-4.802791615173983564e-01
nan	-5.090748014389018250e-01	2.245672071890538746e+00	9.130811800301182890e-01	-2.664284330000687095e+00
nan	-4.128504489554215340e+00	-1.395473536765448719e+00	-4.356856087976441194e-01	2.484354904319685531e+00
nan	6.568669225203462858e-01	-4.923621086807003167e+00	2.863165704231794215e-02	-7.238957977787058296e-01
nan	-2.104372470294193054e+00	4.655285089249032726e-01	6.725538411880881418e-01	-4.592520980765249505e-01
nan	-2.260683357823831952e-01	-3.474956522898946520e+00	9.373494027906265069e-01	1.249177396759570291e+00
nan	2.413866552366189744e+00	4.404774106243118936e-01	7.465238603359715119e-01	-8.548726671132642063e-02
nan	-4.603474485408320938e-01	4.943144913414434072e+00	-7.971311182335203416e-01	1.776912899997478701e-01
nan	1.565226453319125355e+00	1.019308442365901568e+00	-8.465523686962581618e-01	1.404338140841691285e+00
nan	1.211129732572765239e+00	4.786810065504034650e-01	4.383538794929042193e-01	-2.031279362992217397e-01
nan	-5.706502883631409118e-01	1.212647340394526596e+00	5.821348102403802738e-01	-1.552865852043714634e+00
nan	-4.919911503096889849e-01	-1.306126692698251102e+00	-6.182421527155682606e-01	1.793142750248088113e+00
nan	1.486126241631434031e+00	2.105024298309401409e+00	7.127169119239727957e-01	-6.596354230470590219e-01
nan	5.034513600482293239e-02	2.207620140145955645e+00	8.060192157461940621e-01	-2.882282003640705415e-01
nan	9.825576149864292397e-01	-1.176390773924790079e+00	-7.075527589823358277e-01	7.229610978991342085e-01
nan	1.692138267457255152e+00	1.957911003585206089e+00	5.075684314546777820e-01	-3.954603030858555024e-01
nan	-1.868048304751417366e+00	1.878324388560254965e+00	1.172812596244308558e+00	-9.672099334981402174e-01
nan	3.774983841612017388e-01	-2.068860697923941228e+00	1.261780534177840751e+00	-2.027238315446320716e+00
nan	-2.092747975869670540e+00	4.889541724159359726e-01	-7.065812126407106097e-01	-1.017890917284790975e+00
nan	-5.280215130545084179e+00	-3.173458107942840112e+00	-1.877630109553982685e+00	1.263146645281060909e+00
nan	4.491838864495599770e-01	-2.935041734459939988e+00	1.350180887844149025e-01	7.845921535475667286e-01
nan	9.451592141074998121e-01	-1.954309376260631170e-01	1.331981033888698374e+00	4.736601089070397591e-02
nan	-1.014842107577065500e+00	2.259155875382917067e+00	-9.396536889140103543e-01	1.707914517648560837e+00
nan	2.663844773498980523e+00	-8.426958260378927257e-01	-3.022516114685361299e-01	6.109212869709775701e-02
nan	1.588703381996479369e-01	2.091480675891208119e+00	8.417290783107918006e-01	1.030247547326802016e+00
nan	1.835565568155331118e+00	8.366941269207744947e-01	1.520403528519954861e+00	-1.043239622238687936e+00
nan	-2.443885042787845130e+00	-6.366128851288070933e-01	7.506392412972405781e-01	-1.145296783650537548e-03
nan	6.264723933877598405e-01	-1.883376147241156762e+00	-9.693801493976413886e-01	1.396649637806989697e+00
nan	9.449944913388685919e-03	-8.471076922954345889e-03	-6.672930381256886312e-01	-7.918412931160447032e-02
nan	-6.684807754980147398e-02	-4.739150778688723253e-01	1.145223666823214526e+00	1.784975793891831364e+00
nan	5.227491981204461791e-01	-1.488002791541040759e+00	4.921076782835339669e-01	-6.711370747388141211e-01
nan	-1.002088491466749609e+00	2.774781252120043895e+00	-4.719147123596431626e-01	9.043170794499434673e-02
nan	-3.378303865613553336e-01	1.333405551166837455e-01	2.491693893194143250e+00	-2.157598758019732277e-01
nan	1.076850630528323416e+00	-9.185310669028048380e-01	1.757457336847828788e+00	1.410367350542895970e+00
