nan	-7.925032148255183317e-01	8.365363812363804108e-01	-7.547180745393264889e-01	-2.505653286406218427e+00
nan	-2.561516322275133817e+00	-1.089790962258102791e+00	5.059139142490377550e-01	3.079000990827612805e-01
nan	4.708280328058419006e-01	-3.015430075643554808e+00	6.138323524772000273e-01	1.423732597531883082e+00
nan	1.179283143452828808e+00	-1.395879174596505456e-01	9.344674088704104653e-01	1.714219225377624944e+00
nan	1.818117080551064024e+00	2.324338611526784337e+00	-3.705930716582634954e-01	7.726714996329272500e-01
nan	5.701495528043789562e-01	1.836467594585893481e+00	-2.064032630553790604e+00	1.500252343661663712e+00
nan	1.667881974275470691e+00	1.914526219204235158e+00	-8.138880745085387280e-01	-8.124936634292324600e-01
nan	-1.322011997466969735e+00	1.082197167713994546e+00	-9.378155646295109893e-01	-9.325172981211276024e-01
nan	-1.381800099579944652e+00	-2.415833458835232594e+00	1.354039267119945267e-01	8.829750535584003357e-01
nan	1.134439175949795153e+00	-1.444138619752999508e+00	-7.340581696336107020e-01	-1.062081715969523499e+00
nan	-1.437021190661275316e+00	2.864960331359027279e+00	-8.648310696634238237e-01	-8.869051283958976351e-01
nan	2.698403271692559002e+00	-1.032255589892922654e+00	-1.013589592104448212e+00	7.074501258718848273e-01
nan	-1.802206504401728804e-01	1.483154437693276373e+00	-6.070613428085364083e-01	-1.690855525376139604e-02
nan	6.092815296126710134e-01	-3.412091770672723179e+00	6.531382654431561532e-03	4.652443696802316397e-03
nan	4.237319239313316332e-01	-1.191323747895851604e-01	-1.146177710019914420e+00	-6.225938376673390007e-01
nan	1.083786309962952776e+00	-9.208327066742461042e-02	-4.662078104465485762e-01	-1.630856285342198397e+00
nan	-1.284008167424089075e+00	2.609561393751524960e-02	5.284333497571884752e-01	2.724054698909295080e-01
nan	8.091408808265535546e-01	-4.416972974560105847e+00	-3.483166589059309426e-01	9.457912477343909385e-01
nan	1.748927290659036515e+00	-7.816221485981944550e-02	2.142012356437191234e-01	-5.716679842204270834e-01
nan	-1.233079141946944679e+00	9.613341887952819853e-01	-1.242105329150607673e+00	-1.929177908523102281e-01
nan	-1.172176452127982493e+00	-1.437687684576861358e+00	-1.876834197618668210e+00	1.539745861586744535e+00
nan	3.342987496954099136e+00	-6.258617124494321171e-01	9.223459297531595713e-02	1.090393828821024202e+00
nan	1.300429195541996430e+00	4.258692649445469769e+00	-6.609131474699968256e-02	-4.555607850376480195e-01
nan	-5.869287282746785683e-01	1.319585974192620137e+00	-9.123017294878481287e-02	-1.236909313906239816e-01
nan	-3.040400610800941816e-01	-2.334070485363878511e+00	-1.222917053361056272e+00	3.697928001100300038e-02
nan	8.152702005654910433e-01	-1.443166780262105542e+00	1.828231736676769303e+00	-8.342489180097343304e-01
nan	-5.596829439773118864e-01	3.960598685316357170e-01	1.351955352388432008e+00	2.392121216646206638e-01
nan	-2.120601516449001078e+00	-8.001190278709374715e-02	1.314000145701438027e-01	1.915382207428823480e-01
nan	-9.557726337761076607e-01	-1.473259582205288520e+00	-4.134407623370359164e-01	-1.396807877419231902e-01
nan	-2.222428362872938656e+00	1.208111969223697457e-01	-1.576387607039009486e+00	7.494126776573528659e-01
nan	1.365764513626664289e+00	-1.798200618019916153e+00	6.265591849360916399e-01	-8.192201763542187321e-01
nan	-1.018775992960367471e+00	2.199697358915813084e-01	-7.290204836397965460e-01	-1.042410642797487963e+00
nan	-1.994754660173484462e-01	-1.258086061403727030e+00	2.535461929677622628e-01	1.240944902526170956e+00
nan	-3.371714283677484936e-02	-1.490503790376158655e+00	3.252049702880919213e-01	1.107626165030214382e+00
nan	2.303352743433794814e+00	-5.089291594787128670e-01	-1.140601977000796019e+00	4.597917627264658247e-01
nan	2.315124491434451759e+00	3.329510680779579346e+00	5.053187318989345034e-01	-3.437088804885299331e-02
nan	1.388118300368621494e+00	-4.387614248198365985e-01	9.151849741895161650e-01	3.374482496540904819e-01
nan	1.605705607280575320e+00	1.709227469951171141e+00	5.906561188944042806e-02	8.275855768392941236e-01
nan	-1.146581773325306086e+00	2.393292699101373877e+00	-7.629921995387950462e-01	-1.450777001804959276e+00
nan	-2.279698049873741361e+00	-2.111551694683886371e-01	3.976594801639853904e-01	-2.660972174341839636e-01
nan	-8.293234723417157728e-01	-1.958661279676979561e+00	-1.447743984396151484e+00	2.909798021565763171e-01
nan	8.659048774664961368e-01	1.165010945864004555e-01	8.058132333277080450e-01	-4.012602083011179155e-01
nan	1.281280292054938763e-01	2.177346738229785750e+00	-2.112334214388925015e-03	-8.701690855920661827e-01
nan	-3.748968209229004978e-01	-1.707358528036485579e+00	2.281333213702507745e-01	5.007107690245551357e-01
nan	1.810925503321855645e+00	-1.873907209959118081e-01	9.392048283397991248e-01	-1.323183258180480881e-01
nan	1.403417416783170113e+00	3.304403352147414541e+00	4.986115889260564482e-02	9.530093947486119044e-01
nan	1.080810138522708685e+00	4.985823725757532188e-02	1.195574759563938771e-01	1.104102624873997129e+00
nan	8.640758860303543454e-01	2.575263958080630244e-01	6.873539777316324262e-01	-1.277034428738544003e+00
nan	-1.240342694110925459e+00	-1.566885557862741640e+00	-8.861278551384945690e-01	1.009051951296443539e+00
nan	1.384519460633487631e+00	-1.757296545857379044e+00	-4.952829192031917849e-01	1.051696494397403314e-01
nan	2.206943306912998004e+00	1.048723628433783084e+00	1.184813921972545980e+00	3.323377453059452313e-01
nan	1.199871750280483429e+00	2.007395030412361780e+00	-1.188580196261068700e+00	-5.858923059544430822e-01
nan	-6.417570813026816090e-01	-2.904190172236014167e-01	-1.111726962975021493e+00	-1.847617749246578178e+00
nan	-3.790067762272272489e+00	-1.147995225862285640e+00	7.960115089094301766e-01	-9.208986703379669070e-01
nan	1.165236237007689635e-01	-3.584837448447186325e+00	-1.191156711212441710e+00	1.306529496393910916e+00
nan	2.166303115224854636e+00	1.127510274180743233e+00	1.413137633011440908e+00	-1.224673998970781552e+00
nan	3.820214610879257844e-01	2.052793545762646499e+00	8.771281450608533481e-01	1.098789517340914346e+00
nan	-5.841966360530184144e-01	1.997930844743259771e-01	-1.118952483346683513e+00	7.032652749897988498e-01
nan	1.059066267587327914e+00	-5.888261094678483021e-01	-5.920966951615559415e-01	1.507948498779457802e+00
nan	1.925909822855333520e+00	1.614021953347666738e+00	9.087029780435993409e-01	3.682478309899235303e-01
nan	8.265505330211608825e-01	2.245409343563635751e+00	-9.043491951479768476e-01	3.499338677077931781e+00
nan	2.088374842545712262e+00	6.420021838609164533e-01	-6.242678911984979040e-01	-2.064591061147503570e+00
nan	-3.442124544288535759e+00	1.877543424937272221e+00	2.553040139336615777e+00	1.238670788986493632e+00
nan	1.934916256022184866e+00	-3.570094396701562811e+00	3.557272722292065953e-02	-3.826801104124371578e-01
nan	-2.768980689777327697e+00	-9.538546930090470166e-01	-4.595177117354899421e-01	1.967812980017942873e-02
nan	-1.543470921452079869e+00	-2.091076491692689387e+00	-1.141146001921279129e+00	-3.473825006368159302e-02
nan	5.166507826974446882e-01	-1.290264150781139207e+00	1.145454288941754939e+00	6.148095581825844258e-01
nan	1.631614107878103681e+00	9.004989195985793060e-01	-5.902846385897178028e-01	7.333922602382757505e-01
nan	9.051548041819119650e-01	2.711256261181426375e+00	-8.782762907348740100e-02	-4.496952357590873195e-01
nan	1.049546262743125347e+00	-3.954606833189222570e-01	1.961327721904700283e+00	1.236953688868984491e+00
nan	1.891319962254457643e+00	1.465886668326750630e+00	-8.915197117805395699e-01	7.752282471721553270e-01
nan	3.642290522416672172e+00	3.098775096368504123e+00	4.212492376398295491e-02	-2.538224634842528027e-01
nan	-6.278057337952177575e-01	3.675960492183550254e+00	2.387556389601611651e-01	-7.582965302278946718e-01
nan	-1.459816030028304734e-02	-4.085201114419008683e-01	-7.855142430799538777e-01	9.053805687020165527e-01
nan	2.607717092335817277e-01	7.348677233651998986e-01	-1.791335003472722898e+00	-1.592883822012946649e+00
nan	-3.542058586876875026e-01	8.883278195898742791e-01	-1.748771437867214562e+00	5.846141371027859801e-01
nan	3.452988356097473899e-01	9.430816038943437007e-01	1.931263699703053283e-01	1.342824363087404160e+00
nan	2.680948010599473186e-01	1.688048826258304880e-01	-7.444594501807668685e-01	9.029205475098579514e-01
nan	7.128358980473243900e-01	3.059164465305534431e-01	-4.009852392120765718e-01	-1.755013845314852272e-01
nan	2.448379769391945682e-01	1.108713740453191043e-01	-3.775256049726596896e-01	8.614385122962183727e-01
nan	1.247893394879613371e-01	8.230208458987857689e-01	-1.025890266801266215e-01	1.017149259042334108e+00
nan	2.127687368037471938e+00	1.983253012041089058e-01	7.781910232311374243e-01	1.110075374384726699e+00
nan	-6.698200915080518847e-01	3.221512311399109763e+00	5.072189758866575415e-01	2.706376497743056664e+00
nan	3.070513327646937185e+00	-4.167210568943512938e-01	9.676042893849392534e-01	-7.528700039093074725e-01
nan	9.307218602839706367e-01	2.865560927747429432e+00	-1.063436659056982370e+00	5.136642440973626655e-01
nan	6.619346363455178572e-01	-2.100606689187856091e-01	-1.109355678551925628e+00	-1.979910148085943788e+00
nan	-3.297006458474558421e+00	3.890693734078505273e-01	7.465437612035173975e-01	3.429137894982478563e-01
nan	-9.141297769253020622e-01	-4.671129960617484755e+00	4.361665736269317306e-01	-4.151798585346681003e-01
nan	-4.447839637401009294e-01	1.367235478673873850e-01	4.707484628126653581e-01	-2.740951529571984957e-01
nan	1.238232767320022631e+00	6.246681929247948073e-01	-1.865837899067930850e-01	-3.298998679767911613e-01
nan	-6.438153987970586245e-01	9.388321232720062692e-01	1.094334123283842386e+00	4.860572492716674908e-01
nan	1.426358189847899194e+00	-1.295656466256979833e+00	2.789072331798458926e-01	3.054609417096503798e-01
nan	3.026375210359754098e-01	2.240285070563057701e+00	5.025385309497523711e-02	-3.234807534703809107e-01
nan	-1.400693605684025123e+00	3.169923875578548045e-01	1.203420413188072580e+00	3.272549295355852150e-01
nan	-7.353836657982174563e-01	-1.457321821229648151e+00	4.053740013401141429e-01	1.076885052787519559e+00
nan	-4.049731367311952823e-01	-2.471927005542561950e+00	6.341196409280793755e-01	-5.919455929151112850e-01
nan	-8.378729144612971913e-01	-1.427545464014482457e+00	-4.157062830049508551e-02	-5.206709106321852909e-01
nan	7.238321259240639849e-01	-2.339057224973435378e-01	-1.426631181684630434e+00	-6.657056139433413788e-01
nan	2.066124665482996781e-01	-6.735592177377225376e-02	-2.430715814698046984e+00	-1.984894794066150769e+00
nan	-1.478912239052108557e+00	-5.970719238624447867e-01	1.748786938530473289e+00	-4.625317473216842834e-01
nan	5.841054741863032085e-01	-1.507372304856811729e+00	-4.130759351600988838e-01	1.452724566660218652e+00
nan	1.401896562486796061e+00	3.089782378338362667e-01	1.598043772285579145e+00	-1.480455024649235951e-01
nan	9.121910807037600932e-01	1.226379223778033989e+00	-1.163569821557216999e+00	-7.260414042698297710e-01
nan	-7.045928795724587523e-02	-5.216165386331839127e-02	-7.159243719274090978e-01	-3.851089137632884296e-01
nan	8.873387849256120230e-03	1.628008045376169832e+00	9.490641187136787948e-01	1.717092839970456142e+00
nan	2.395154852666149470e+00	1.113183749299860192e+00	8.563296434906326748e-01	8.632058726629044942e-01
nan	8.681859000835423501e-01	4.054598783306317955e-02	-7.567550807523778511e-01	-7.341996749060623051e-01
nan	-1.027752179251889331e+00	2.055663937661198482e-01	8.105105748414939137e-01	-7.468519414316460159e-02
nan	7.785549748596163333e-01	-3.173361766726491284e-01	-3.715357209745837608e-01	-1.058473176688943473e+00
nan	-4.741930856863030286e-01	2.461355483497571051e+00	-2.136063911006095828e-01	-3.119853255333359665e-01
nan	-2.691566346004717891e-01	-9.211627883802432359e-01	-8.739261046313300252e-01	-3.450935521101619607e-01
nan	-2.677148665185326570e-01	-1.918008530738213313e+00	1.481519774274848156e-01	-1.165980572230588486e+00
nan	2.387379393016373363e-01	7.715906140502681865e-01	2.729780167788176670e-01	-2.914366726615808534e-01
nan	-5.222624961510267116e-01	2.299269098228802488e-01	1.028284219281152767e+00	-1.569650123740627123e-01
nan	2.593105323745423796e-01	-8.992445214498037132e-01	-1.671638295763618887e+00	-5.874258520579394016e-01
nan	-1.064055914024054417e+00	-2.574334235022686102e-01	-3.799280558589414603e-01	1.135747410598059393e+00
nan	1.868045669393871400e+00	-8.323270985342761108e-01	1.219778253107903776e+00	7.672256619219655072e-01
nan	1.241982655268046409e+00	7.062203315742652254e-01	4.899729372323062826e-01	4.039585759502788420e-01
nan	-3.256637406188935824e-01	1.027711120290126123e+00	-1.318788219312115206e+00	6.741369575414372095e-01
nan	6.459884159287281324e-01	4.894304677308827234e-01	1.761210366779767389e+00	1.300703413132105579e+00
nan	1.192592509318551652e+00	4.044567875989919514e-01	-1.610843167662021846e+00	-1.408495399277452265e+00
nan	-2.719993378547398866e+00	1.477787214320196219e+00	5.073209498335230494e-01	-5.292771809199681154e-01
nan	-4.802769604218068977e-01	-2.138136910029895255e+00	-8.000936161019416293e-01	-9.193383293152855851e-01
nan	2.075413441567758310e-01	2.668122755767451393e-01	1.090888511657731819e+00	-6.636562870273947645e-01
nan	6.693508916916532936e-01	2.876823109959171232e-01	-3.012726504932148885e-01	-4.749881360768102301e-01
nan	7.371160345497047572e-01	1.929149175509728087e+00	6.456649788642164767e-01	-4.060622611938677906e-01
nan	-8.516266860006254102e-01	1.110009293600179081e+00	-1.357709590322837112e+00	2.233391557071540690e-01
nan	4.704028663415812939e-02	-1.487496467673204092e+00	7.214935686852408381e-01	3.616955404487588455e-01
nan	4.373567109978325207e-01	-2.723297170425428293e-01	-1.468095854088442842e-01	-1.998099764321878136e-01
nan	1.302014291157416404e+00	4.400362384440532626e-01	-4.067959792921814199e-01	1.006148146032462165e+00
nan	2.270188188769563631e+00	1.411356023287182238e+00	9.575434898573111919e-01	-5.262192137756005472e-02
nan	-1.222004718283819624e+00	2.239143482928728002e+00	5.720627798790516028e-02	-5.921864954975761819e-01
nan	3.928855763834926407e-02	-1.043625884309211660e+00	4.092810015437584742e-02	6.615294758948128684e-02
nan	-2.699287493443313091e-01	2.793002290203512317e+00	5.332222570343894130e-01	4.734153056972126850e-01
nan	9.353552508690848866e-02	1.180724973481163342e+00	8.020034478727008365e-01	-4.798652832373027088e-01
nan	-2.053676499074494455e+00	-7.941547767037850925e-01	-3.558479101730282479e-01	-5.637794401195479477e-01
nan	-1.327799430954319071e+00	-2.518090093586543787e+00	2.028216577273761478e-01	-6.315539657447548638e-01
nan	-3.071653195933121694e-02	-5.884072726347877591e-02	1.902667882913701813e+00	9.773277113733035426e-01
nan	7.576963490436170456e-01	-2.524140415529354531e-01	-1.512682286254764197e+00	1.619950742177069525e-01
nan	1.380210440970474961e+00	2.225371359206335109e-01	3.219777712730050312e-01	1.405377847863274576e+00
nan	3.266866911672889451e+00	1.369914802375427065e+00	-6.407727409628471982e-01	-1.876580532109081156e+00
nan	-5.020782304962114750e+00	3.201220547295954955e+00	-1.480708322045657166e+00	-4.247709951092052960e-01
nan	-1.527960162502689290e+00	-3.894139197698305743e+00	5.501910378963233844e-02	1.004228210352095196e+00
nan	1.157598720975081319e+00	1.363042993127150382e-01	-1.152597021839242730e+00	-5.969359418420401298e-01
nan	1.326210495137773782e+00	1.463380059302793024e+00	9.091152987165915800e-01	-7.983926303376963629e-01
nan	-7.399483997765184951e-01	1.331050982948853489e+00	-1.078003775860667757e+00	7.277312694825123496e-02
nan	-5.459312440891725959e-01	-5.558049802739776224e-01	5.847302820828771397e-01	4.811354060224948270e-01
nan	1.741208852021212117e+00	8.658739451932522257e-01	4.908652192216853005e-01	7.921855749776819389e-01
nan	9.058502809355798435e-01	3.174815629486738011e-01	-2.307434920188392302e-01	7.915220717392321692e-01
nan	1.534895063600790088e+00	3.232608223184876284e-01	-1.908822082536527853e+00	7.758141273835115204e-01
nan	1.346801878506214356e+00	3.388835707121779173e+00	1.544209410313684305e+00	-8.296718998774139653e-01
nan	1.018160836250220358e-01	3.400525810124213066e+00	1.349622163062383917e+00	-2.295240655244045747e-01
nan	6.030074558678817365e-01	2.922418689771021150e+00	-2.110028778773713476e-01	4.348722967000651640e-01
nan	8.462123121236649892e-01	1.189493221394304800e+00	-1.641225545415493148e+00	-3.925548242994663650e-01
nan	-1.814974249143889828e+00	-1.797435506593990651e-01	2.133452721020630438e+00	1.718053337711012096e+00
nan	4.211803670545011258e+00	-1.479141039074743702e+00	2.135579734130943930e+00	1.850164351627399117e-01
nan	5.714486250301584747e-01	2.289322464454666139e+00	7.748505725523761045e-01	-4.702950012918016842e-01
nan	4.491775352223633666e-01	-2.959090524510101794e-01	4.268358003969136560e-01	-6.169525833217122113e-01
nan	-2.356273897294197117e-01	2.852466485551717224e+00	9.539317214744131856e-01	1.289216877071263312e+00
nan	1.000362781224051423e+00	1.741163340526328818e-01	-9.421692215125456737e-01	-6.300185956834432055e-01
nan	-1.104922504415633444e+00	-8.269039827688895450e-02	-1.253031340809203531e+00	1.497165859405981791e+00
nan	5.376184364881574362e-01	1.005901003489998224e+00	6.335750575005971719e-01	2.927580975028171509e-02
nan	-2.000196835356756464e-01	-3.378363745451441469e-01	-6.439514089944097242e-01	-1.044587292710869697e+00
nan	-1.088749312947911330e+00	-1.712511373075159549e+00	-9.772263791701617242e-02	-1.709362427377784543e+00
nan	-3.284248759105938831e+00	-1.515769718852125969e+00	-1.123663836268532945e+00	2.405109855221159720e-01
nan	6.109411878620349956e-01	-2.838533852923108114e+00	2.170790980174731044e-01	-1.067282056597163908e+00
nan	-2.402813478169019135e+00	1.746410059120478753e+00	3.078306793786435569e-01	4.466475327498418690e-01
nan	5.042977039058854638e-01	-1.761747246159027114e+00	9.676906561711041688e-01	7.244148997695963876e-01
nan	-5.976105871156675020e-01	1.532782609866511603e+00	-8.420339185013782091e-01	-7.212565140201331326e-01
nan	-1.344781846670884962e+00	-2.062324321176316921e+00	1.412484444329547228e+00	7.851928530390587246e-01
nan	1.057705929671824530e+00	-2.103596277615475518e+00	-8.089606405939868683e-01	1.413850958980763073e+00
nan	9.044005754968114097e-01	2.797699006403281174e+00	4.691496255236377033e-02	4.946593260794095448e-01
nan	2.235732407504552044e-01	2.136574569507977639e+00	-3.964477351746734102e-01	-6.361098249215788591e-01
nan	7.815134941793804302e-01	1.135839925749936308e-01	9.675761616100160278e-01	1.880064320564808877e+00
nan	5.312499445917679974e-01	5.694904488090553052e-01	-3.630474041477994851e-02	-8.198591250462967661e-01
nan	-1.841041712037607470e+00	7.929306114196830180e-01	3.686358963286705537e-01	6.537876237803815771e-01
nan	3.648899932282396175e-01	-1.963761212919695742e+00	1.257738448364388750e+00	1.474530092890739663e+00
nan	1.310731175293865292e+00	-1.008717425980434124e+00	2.133575529928247505e+00	4.554831124630550065e-01
nan	-7.827497148349866762e-01	1.176323681174760161e-01	1.808841725985933790e-01	-4.387040540425406476e-01
nan	-1.233859128533904226e+00	4.741876801220541449e-01	1.264723329523600004e+00	-8.204974854239240889e-01
nan	-7.569130101726113669e-01	1.595350619663640224e-01	2.395554967458114054e-02	-1.773913898955620905e+00
nan	-5.589730795690968534e+00	1.631322388058404904e-01	-1.128792952636499120e-01	4.391814123767713296e-01
nan	6.037196564167298662e-01	-4.505390004309091978e+00	-3.056129965982374297e-01	9.851325838927825762e-01
nan	6.102943001087801633e-02	2.653258813796561366e+00	-1.151718526089819505e+00	-6.656992095814737720e-01
nan	-1.391546329351188938e+00	-1.877290554652388144e+00	-2.473477203396845514e+00	-3.323702164180923901e-01
nan	-7.132730793155537263e-01	-1.889581472583951927e+00	1.172613639010442022e+00	4.260141056477741994e-01
nan	2.491736925613959208e+00	-2.305782029375281539e+00	-3.221377881542987209e-01	1.181372700043052282e+00
nan	9.668296069480035726e-01	1.234978846386917795e+00	-1.937037522457077054e+00	-1.896544743022833934e+00
nan	-1.247847708902916741e+00	-2.887201399614816033e-01	-7.137838810503774889e-01	-1.715383015720244542e+00
nan	-7.115921283466020153e-01	-1.321607270818715874e+00	-3.303782457252341653e-01	7.338065583572211947e-01
nan	1.945155142731476161e-01	-8.583325035414574034e-01	3.547466433801673702e-01	-1.354941260750154308e+00
nan	-2.064496637748329810e+00	-5.610140531100701322e-01	1.332852073633614021e+00	-2.522435194410665438e-01
nan	-3.220310365812707465e-01	-1.630396090367366435e+00	7.982857275327152891e-02	-1.912060638870917151e-01
nan	-1.072701186639381798e-01	-1.952812877055782881e+00	-3.415925109185082853e-01	-3.913680072322468506e-01
nan	5.931360429110575927e-01	1.047169160753761874e+00	-1.438525625652970374e+00	2.131048795434551835e+00
nan	1.247383640518038295e+00	9.841909616675861283e-01	1.180654695131850618e+00	1.833887212691100332e+00
nan	2.250559097450855806e+00	2.209821021451550571e+00	1.281569017852919101e+00	-2.608486579122523685e-01
nan	-3.908551508126209550e-01	2.494771974688709371e+00	1.751210729137682443e-01	-1.433592993613752364e+00
nan	-2.310747010047003336e+00	8.012344524573751237e-01	2.506473158807685842e+00	-9.501607864607106713e-01
nan	-3.074979699408544320e-01	-2.415928409781402220e+00	-1.362977510845656548e+00	8.282218141754821294e-01
nan	1.898279261980076349e+00	5.017080551399105692e-01	4.801807700678979995e-01	2.591243889036483061e-01
nan	1.212471347885591744e+00	1.138250299169339286e+00	-6.981439185975552020e-01	-3.484743762796518318e-01
nan	-1.098244153210520713e+00	2.977830262323122312e+00	8.774314782529717416e-01	9.265879198886828316e-02
nan	-1.627309605390409253e+00	-9.193657107918642435e-01	1.112408820877954785e+00	2.806813851609740174e-01
nan	2.214929688894287652e-01	-9.706653442681189015e-01	3.251584379047579576e-01	8.450792164854306066e-01
nan	1.210362092153598024e+00	2.827713337125382642e-01	-2.713325876889313149e-01	5.769048292500382757e-01
nan	5.041037446621625673e-01	1.510818919584552944e+00	-6.346800800911313045e-01	6.173421903615804868e-02
nan	-6.759036428148770259e-01	1.775996705111233087e+00	-5.189700985119638510e-01	-2.060186642352922703e+00
nan	-4.233319876497416701e+00	-1.428739982900371741e+00	8.527508865935397031e-01	-1.115663386467671270e-01
nan	-3.369284325866739316e-01	-2.923197242764343784e+00	-6.591612428988548045e-01	4.376669719088861488e-01
nan	-2.043930771569287819e-01	-3.718556299367733464e-01	-5.354918088264861709e-01	-7.718530683929709924e-02
nan	-1.221660576749906274e-01	-1.830424733285312300e+00	-7.172681902960181821e-01	-1.016419312352268678e+00
nan	-7.117820723203107658e-01	5.723993039130228500e-01	5.905941549380582245e-01	-4.132413240513500563e-01
nan	-4.991742195412428584e-01	1.200184215850347291e+00	1.316961028879058304e+00	-1.399029188219571340e+00
nan	-1.415702696955417617e+00	-9.155625858986218280e-01	-5.303694464775673412e-01	8.370832289718650454e-01
nan	1.114162628145294542e+00	-1.447089116638265782e+00	1.218287575852114779e+00	-1.556902030091527722e+00
nan	1.923574769942435481e-01	2.081159450203173833e+00	-1.419129870771007884e-01	1.012168841174362122e+00
nan	-5.517224251062868845e-01	-1.305529694663918105e+00	-8.032561699323605975e-01	6.199960755056408424e-01
nan	1.512320240022013706e-01	-1.047668418648833200e+00	-1.043969483557686262e+00	-2.817985724281178370e-02
nan	1.142539235911412376e+00	5.881119517571012922e-01	2.645607310152232383e+00	3.220408848733900542e-01
nan	-9.846940358314428821e-01	4.962808100058667682e-01	4.208090909555005088e-01	6.027858441086164643e-01
nan	-5.157560404800842768e-02	-7.338851027024234641e-01	7.928786062319322925e-01	-4.326163122348048451e-01
nan	-9.230992093417642597e-01	2.076936314603827327e+00	-2.335437364884964673e-01	-3.049237030182182728e+00
nan	-4.972262468401243751e+00	-1.221313448175008087e+00	-4.151065898356169348e-01	6.038169828012869278e-01
nan	8.256427172957362393e-01	-4.374063317482995039e+00	1.024745892581398587e+00	4.053693658215611340e-01
nan	3.793995804326969479e-01	2.340879591782107028e+00	2.609670000897674758e-01	-2.161722836616261356e-01
nan	1.013814843855219472e+00	1.751254841536439510e+00	-8.468743599527108756e-01	5.603344512109297709e-02
nan	-2.707323632087745846e+00	2.869925158841293289e-01	1.615963259092176862e+00	1.728195426507504795e+00
nan	1.374429336842513116e+00	-2.292569574014989175e+00	4.180620206636238151e-02	2.232316911446794894e+00
nan	4.891080920494331963e+00	1.945124604869743479e+00	-3.316763919705347785e-01	-6.568419116081102294e-01
nan	-1.441620934193158288e+00	4.692084408817772889e+00	-3.269414452575036822e-01	-2.493927221321540766e-01
nan	-2.304438592770599037e+00	-3.539446273717662184e+00	-2.744992015606126934e-01	-1.328536099440508433e+00
nan	-1.912519550907351373e+00	-3.182980846959969412e+00	-3.507236607775823800e-01	-7.309361488347682068e-01
nan	-7.135330137121789207e-01	-1.698313020195867384e+00	-9.076397063712838831e-01	-5.546201410366219386e-01
nan	-2.040815121582128189e+00	3.813308756795996679e-01	6.671774237469134672e-01	-8.419946643712542533e-01
nan	3.126100405058619414e-01	-3.566692084347311997e+00	2.245750910464240135e+00	-3.764003077859722213e-01
nan	-8.735781131266115995e-01	-8.013274981448451628e-01	1.311301732020976996e+00	1.445751451379129471e-01
nan	-6.436423353170243056e-01	-1.793338694531882993e+00	2.508313602053289793e-01	1.130162455328195259e+00
nan	7.860224745929673684e-01	-1.723395457925569918e+00	-3.337238948897640056e-01	4.536130564838387058e-01
nan	8.361385132321924596e-02	1.527614751910907565e+00	-9.602897685424819363e-01	-1.219817505035490690e+00
nan	5.468597929041991712e-01	2.997026167934841445e-01	2.805033518946870030e-01	-2.000624881586247295e+00
nan	-1.802466829691943717e+00	1.413977161835511809e-01	2.101759148836026991e+00	2.042056524814700680e+00
nan	2.062524309535088030e+00	-1.480767438032834171e+00	-7.682778490887397504e-01	-1.090372592169445376e+00
nan	-1.329614564731076420e+00	2.444025399747996374e+00	1.365083966726768683e+00	6.948185299851131758e-01
nan	-3.826909317171922620e-02	-1.681572666061540433e+00	7.819093227763967979e-01	-6.394531078757836884e-01
nan	8.739887207691483528e-01	1.522599989302428458e+00	1.023308078508774699e+00	-5.225520381934076752e-01
nan	3.395491922948298269e-01	2.502751483199923577e+00	-3.893255964309965678e-01	-1.452835381301197382e+00
nan	-2.654046753890704213e-01	-1.186928418842655986e-01	-5.481184240405087005e-01	-1.863589625703779395e+00
nan	-2.483023610006570792e+00	-6.450651080592157971e-01	1.234388212101438231e-01	-3.593434434109537001e-01
nan	-5.853339949467079029e-01	-3.240728197135322119e+00	-1.611874621374503436e+00	-3.389389205001026584e-01
nan	-5.020567602547498787e-01	4.539193481271482922e-01	-1.392743627865071332e+00	6.542666762829378591e-02
nan	9.860230075841142083e-02	-9.114024374710115728e-01	-2.259571740528954487e-01	4.755163064152483909e-01
nan	-2.103030056789384483e-02	1.023595861524897010e+00	1.363306380943851481e+00	5.667633086171350865e-01
nan	2.918598231187694125e+00	-1.321721592609069740e+00	1.365142295659529603e+00	2.000295574476964600e-01
nan	3.518099300317628630e-03	3.650467180472011908e+00	-2.395035821899496042e-01	-1.239602400877591659e+00
nan	-1.255303297366475057e+00	1.223347685182707201e+00	-2.089770050808045232e-01	-7.431068651758744939e-03
nan	-8.257153518381603607e-01	7.529663300175148954e-02	1.198183158522809544e+00	-3.339848925336389440e-01
nan	-3.882172234851478110e-01	3.026714491708610844e-01	7.225035819373164525e-01	2.637670874227954765e-01
nan	-5.990501887668486791e-02	-1.046607868582568157e+00	-1.362549579541855627e+00	-5.786349982044411977e-01
nan	-2.623300918096122536e-01	8.445742520809745857e-01	-2.503837327912138422e-01	2.776893124107133737e-01
nan	-2.840254787977614104e-01	-1.502098365133867741e+00	-8.370198626208941173e-01	4.877052672715233017e-01
nan	6.240068817035191451e-01	8.574167293250305466e-01	6.504795590481217138e-01	2.161948764045497906e-01
nan	4.624823919890644341e-01	-7.165706109539164981e-01	-1.964723971553667958e+00	-2.020135852666899157e-01
nan	-6.500364895982609914e-01	-7.406351771028363284e-01	-1.093959707136308523e+00	3.193755548595005878e-01
nan	1.735050007745285727e+00	-3.845036560427295136e-02	2.714046605982884386e-01	1.217327156212814954e+00
nan	1.325896192714639987e+00	9.118812176244254220e-01	3.454949943610426399e-01	5.799076657623772890e-01
nan	7.773331942985719500e-01	2.694993812456250026e+00	-1.050656641043162365e+00	1.820630838240690830e+00
nan	3.032697754483606900e+00	1.363176356418098756e-01	7.510313237042648415e-01	-1.109197644942340633e+00
nan	-1.718577288604410169e+00	1.760286669374246715e+00	2.088589943593020415e+00	-1.376926444965205221e+00
nan	-6.470287442069235784e-01	-2.063150545205725717e+00	5.607895573362701169e-01	-1.600496783619841795e-02
nan	4.421883064021775445e-01	-1.181289560069772149e+00	-4.063171408311022081e-01	-1.775560283617331869e+00
nan	-2.682345977829922568e+00	-8.951564150567011824e-01	-2.072668391525981646e-01	-6.037498729813797205e-01
nan	1.534049789283294940e-01	-1.602975675963851820e+00	-7.973326928353935417e-01	2.083773299035084126e+00
nan	2.114757768569081708e+00	2.058824843709637253e+00	9.348212582177093388e-01	-7.082334153346034888e-01
nan	7.839527068676415134e-01	9.453239932234784870e-01	-2.859968226426781723e-01	-2.372622065504915723e-01
nan	3.028183795168147840e-01	-8.547984647326118957e-01	-1.975207735343235127e-01	9.838980734655425886e-01
nan	1.512911273732776563e+00	9.510772367695411456e-01	2.025079896110886679e+00	-6.280010651967766755e-01
nan	-1.172557838827521737e+00	1.974009188146412130e+00	-1.490990512837279680e-01	-1.499262877769153568e-01
nan	-1.308940603739718878e+00	-1.756370273917436053e+00	4.298877493484496437e-01	-1.640388616385616283e-01
nan	-5.352559496190036903e-01	-4.995322859213155997e-01	-1.399580109564391439e-01	-7.377001004978637200e-01
nan	-2.893140391147423163e+00	7.199726458433681753e-01	7.132847417332428830e-02	-5.763960759976152204e-01
nan	-6.169393157397689009e-01	-2.951107073625610422e+00	-1.574030899451235310e-01	-2.771102587752760082e-01
nan	1.702631551906615970e+00	-9.167955282526587535e-01	-7.823996148376146653e-01	1.124597997712710962e+00
nan	3.634761850547691964e-01	2.357351088062599409e+00	2.038829613117049411e-01	-8.753840893823370273e-01
nan	4.088660860838655431e-01	1.556109685065764969e+00	-6.323256154454172107e-01	-2.641757461577736721e-01
nan	-1.434342784854811148e+00	1.673072081454185955e+00	1.585570918785446315e+00	-9.861395213407601890e-02
nan	-4.075879842534499975e-01	-1.390480889684939436e+00	-1.073666516858111430e+00	1.113370549874595605e+00
nan	-4.018760633648077452e-01	-4.503197215052677782e-01	-1.875890025275273043e+00	3.013177255824111556e-01
nan	1.443761330201339232e+00	2.629310298071994012e+00	3.407516047982460106e-01	-9.514139338023246406e-01
nan	-3.552545641024838829e+00	1.957286511206544288e+00	7.229843382229846904e-01	1.105874528973402215e+00
nan	1.513487392083424421e+00	-3.818824761300599224e+00	9.078839498479995829e-01	1.925086306644007705e-01
nan	1.851638561154099083e+00	8.169220223916294765e-01	5.404037393933378702e-02	-2.526491119857876999e+00
nan	-2.534400911966987469e+00	3.426554195104136724e+00	-9.706514252933242659e-01	7.790039524345235833e-01
nan	2.561916480906237581e+00	-2.023214576678636689e+00	2.838009658412360969e-01	-1.004086014983063047e+00
nan	-5.711425968686667520e-02	2.039116349247771520e+00	-8.699759179751938021e-01	2.314691474794947634e+00
nan	2.273032819861338982e+00	2.419801948919459988e-01	1.294631992883785276e+00	2.041814196574089468e+00
nan	1.149322448195850832e+00	3.126367046876794564e+00	-1.165941855254132076e+00	2.226755726630760712e+00
nan	1.479958365416563559e+00	4.256890600313321116e-01	4.751585027605803591e-01	1.687223740280809681e+00
nan	1.065879679042476713e+00	2.348373452141760964e+00	-2.110241167094775605e+00	-6.384893160366025278e-01
nan	-9.273714517745057506e-03	1.701037121533985008e+00	-4.863081431404058241e-01	-3.448798196103959879e-01
nan	-1.797594917075462373e-01	2.230425172425417379e+00	1.664529724075961115e+00	8.193728162471664023e-01
nan	8.015917381385996299e-01	3.396448357011904173e-01	1.694600682033474692e+00	6.297529305030959146e-02
nan	1.348701931708273349e+00	1.102669064319991676e+00	1.955912684210827868e+00	-8.258337627732617037e-01
nan	-1.069781683278295370e+00	1.853564042011879298e+00	-1.046940229916868637e+00	-7.036365251643441621e-01
nan	-1.178794370499988142e+00	-1.080367400033078074e+00	-1.778933728293163874e-01	-1.444887909130883330e-01
nan	8.251094862864754020e-01	1.552373012370178440e-01	1.337995023634073855e+00	-6.409138797012099431e-01
nan	1.101239075834660630e+00	1.238537447042873163e+00	1.310159468549228379e+00	1.377704274771021919e-01
nan	1.463100234249255838e+00	2.091911772104015910e+00	9.742492707023336918e-01	3.300040254817328544e-01
nan	-1.200607945642069296e+00	6.445710684712759875e-01	7.960533616932821133e-01	-2.788808918496306966e+00
nan	-2.894435356161583872e+00	-1.490932291122905262e+00	-9.130884098130372939e-01	-2.111978849633572963e+00
nan	-1.524129715507036797e+00	-3.146394559752247133e+00	1.106061216086339005e+00	-3.867487870871791911e-01
nan	6.906307659706442115e-01	2.735437242073845976e-01	1.026406723634127882e+00	1.126199595702247203e-01
nan	3.777713814269495485e-01	9.965405843691124144e-01	4.064524786965963421e-01	1.155215264124353824e+00
nan	2.842230894463870339e+00	-9.237745316338384916e-01	6.371412242814896709e-01	-1.283104060853758277e+00
nan	-1.659668179644065766e+00	3.400591078765301312e+00	8.163500445922750037e-02	-1.396915033143898643e+00
nan	2.386081678396092531e-01	-1.795991550822046534e+00	1.152854993258985855e-01	-7.804550108277137355e-01
nan	-5.280740276555828672e-01	-1.212416734192647949e+00	9.358731652327593187e-01	-6.548910089804599322e-01
nan	-2.613220242221148570e+00	1.009555539985810491e+00	1.531148115869846338e+00	6.113740441778421353e-01
nan	2.882883166103976436e+00	-2.463132926751570473e+00	2.898227235925809886e-01	-8.119326455697317702e-01
nan	-5.880595586977517275e-01	3.447263342033275890e+00	1.575027273634848957e+00	1.522932159265817653e-01
nan	2.629576428842644864e-02	-1.665636863210864682e+00	1.081283198560537310e-03	-1.833032631815549318e-01
nan	2.726596988792989174e-01	5.191649601064627362e-01	-1.538295509770124081e+00	4.068012454680848267e-01
nan	-1.180400934930081913e+00	-7.514171560745386280e-01	-1.516507995023791411e+00	-9.094249154590584583e-01
nan	-1.819927356973895183e+00	-9.427887599843028932e-01	-1.168623001955653440e-01	7.462671693478619694e-01
nan	1.051765331051608410e-01	-2.394113292265396264e-01	3.515704041290186321e-01	2.192349118411476727e+00
nan	2.546506385866297073e+00	-3.866691725384181488e-01	9.171205078016585466e-01	2.541803549853918209e-01
nan	4.863110540078366406e-01	2.881269048699187429e+00	7.667792436786474708e-01	1.720411596822612743e-01
nan	-1.037848560678796606e+00	-5.261159484447208712e-01	-7.106743404259127095e-01	1.432417895859813273e-01
nan	1.210838600318086655e+00	-7.073605742270541175e-01	-7.296450269011161005e-01	1.889847668689982774e+00
nan	2.215124074176009650e+00	2.991577844284600829e+00	1.219889578207324687e+00	1.931112035860108878e-01
nan	1.987501348883374153e+00	2.795394588333830477e+00	-1.092668275722904515e-02	-4.802528059101685565e-01
nan	3.174966209738097622e-01	3.565433777244563451e+00	9.419420504041775555e-01	1.959677962836259835e-01
nan	-6.615717457737722018e-01	-2.402044865020275255e-02	-2.322093202486741337e-01	6.138845538163060223e-01
nan	1.554250231268902160e+00	-7.726544900522194226e-01	3.227048715590352668e-01	1.942020442726175855e-01
nan	-2.794176488061824726e-01	5.903624395313021855e-01	7.792424125256743883e-01	1.717615146818158856e+00
nan	1.736010024903415383e+00	4.612818388593380448e-01	-1.096303517495318181e+00	1.489419251910699460e+00
nan	1.461436469026591523e+00	1.614443257369486684e+00	1.379630583167308133e+00	-6.173661732168930771e-02
nan	-1.306428681672948677e+00	-4.132008379265816878e-02	-9.880284845242698344e-01	6.843429249290144956e-01
nan	6.264374212367486150e-01	-5.427249526801225521e-01	5.788949385364073885e-01	1.438030220326049324e+00
nan	1.335042378651768447e+00	1.723882943735647100e+00	-2.149418705931080975e+00	2.346057551026393018e+00
nan	1.748978436914622403e+00	2.756531323559128221e-01	8.323258790271422999e-03	-2.112564498678898006e-01
nan	6.492699698598072278e-01	1.565882809239739659e+00	-1.738288063246632154e-01	2.054845127965848839e+00
nan	1.810797843845829869e+00	2.169042328058698121e+00	1.363809783355629079e+00	-9.486224886188554528e-01
nan	-7.477182645624285140e-01	3.019123347682235003e+00	2.270161070336394804e+00	2.210825054578670901e-01
nan	-4.106151699610960382e-01	-2.248177367609120125e+00	1.633640877354134435e+00	5.863938352124552500e-01
nan	8.031396443033402832e-01	3.709715294348288062e-01	-1.397048372529762217e+00	6.234841538590255028e-02
nan	-4.947336773494962481e-01	2.990356372224676207e-01	2.935468501231919825e-01	2.613152990899100248e-01
nan	-6.453904779854809926e-01	-2.147409834708988163e-01	-6.304632961647856082e-02	1.167736540204915352e+00
nan	1.172016441181293001e+00	5.182413043683825604e-01	1.071518193628336196e-01	-6.849319254440422444e-01
nan	1.179551495780223336e-01	5.787844858035191553e-01	-1.957906225962551261e-01	-1.183847291767262000e+00
nan	-9.661390396469573538e-01	3.486337286577606553e-01	-2.434401830475787232e-01	4.082142313121223665e-01
nan	-9.088147300331128609e-01	-5.234497180655502957e-01	3.172879972359817780e-01	-7.603136810061708051e-01
nan	1.059855653073395354e+00	-3.406498807942570650e-02	1.128883991039381973e+00	2.582230039547825484e+00
nan	3.172974926289230169e+00	1.711252722519849501e+00	1.159972235376571098e-02	5.021629370328322128e-01
nan	1.897229575074811603e+00	3.789963919298498407e+00	1.097657416289244514e+00	8.575433588800032148e-01
nan	1.694986494723951465e+00	1.058178821952342030e+00	-5.878396553666001001e-01	8.172251902322722472e-01
nan	1.404544047004266938e-01	2.906275609883381073e+00	-9.375717730671807582e-01	4.834825021730197459e-01
nan	5.228468411367925839e-03	-2.954412095515657755e-01	2.978213537751919771e-01	-1.051111151069777261e+00
nan	-3.551830473580479541e-01	-2.378386124414722858e+00	-9.848455076949638176e-01	7.347320396517484919e-01
nan	6.359176067114267195e-01	7.708775326242602866e-01	-2.347735943863472896e-01	1.258615240469223018e-01
nan	1.740781388571873256e+00	6.813212908040877647e-02	2.675569314846043767e+00	1.185693031331205072e+00
nan	1.521127032557185732e+00	1.859781944861835790e-01	1.110939948905006157e-02	-4.125618779199354269e-01
nan	1.301987015358659905e+00	1.340873359980147006e+00	1.395825417731496376e+00	1.496318321033702492e-01
nan	-3.638916001894229590e-02	2.351565122029901200e+00	-5.490976595721985820e-01	-2.111018802098799940e-01
nan	1.817590316185035748e+00	-1.570774016367768589e+00	2.120931260467214252e-01	-3.935555579198347226e-02
nan	-7.714840493957483281e-01	2.422648554940998178e+00	9.598821056362040194e-01	7.681506945981063650e-01
nan	6.781950999665675717e-01	-1.868955861337975755e+00	-8.954190778036615894e-01	-1.628353058905513961e+00
nan	-2.868512615560752543e+00	1.187919531509905813e+00	8.926434000534533286e-01	2.091832163728825300e+00
nan	2.647251350345449783e+00	-2.754442433773993226e+00	1.517652675723052624e+00	3.240892102301708433e-01
nan	-1.759416695205719416e-01	2.325743749315972053e+00	-1.112017049175944683e+00	-6.263954051238271314e-02
nan	1.200300493602455276e+00	1.896724018259923428e+00	-1.790655385269790401e+00	-8.985159464243454019e-01
nan	-1.971662923628362485e+00	-3.678570661948268317e-01	-7.675638520695159395e-01	2.782833959884903341e-01
nan	1.686874050707393602e+00	-2.531349005009394748e+00	9.414541680735492024e-01	-2.963015454245865876e-01
nan	8.337882004003240866e-01	2.201840501894632318e+00	-2.385313592026014895e+00	1.467507790289009018e+00
nan	1.159757267721957197e+00	4.881559848432076021e-01	-1.758638313962130439e+00	-1.504720581015958514e+00
nan	-1.117196461961945664e+00	3.346873512963814967e+00	1.417874213901477498e+00	-9.729511278947607922e-01
nan	-9.109647775933967795e-01	-1.883770077024888190e+00	-3.654914792189161710e-01	8.721125716849080778e-01
nan	3.388836659886044211e-01	-1.551442418793814726e-01	-5.426494565576891471e-01	2.177757487729563013e-01
nan	-1.338595032384410688e+00	2.890971501840962077e+00	-1.239481530956309863e+00	-2.584340917231827683e-01
nan	-1.277514983650455793e+00	-8.771427037363075385e-01	-1.124500203464721571e+00	9.530673034693155632e-01
nan	-9.427697219274151497e-01	-1.494069864138993342e+00	-9.537573121017219879e-01	-5.341285980094081509e-01
nan	-9.548664829626130057e-03	-1.464911846593218492e+00	2.102056331876336781e+00	-7.611896118549538182e-01
nan	-1.222954817014997753e+00	-4.537125034348119534e-01	9.141231533936836628e-01	-1.000840115385256412e+00
nan	6.574653177880500632e-01	-1.689149742091716755e+00	-5.890177513904898410e-01	8.643401930877196992e-01
nan	1.135264420550459619e+00	-1.982377599866036677e+00	1.417856320614202970e+00	2.237638954450946738e-01
nan	-1.433440045720859590e+00	1.705663501233958268e+00	2.343306496480872525e-01	-2.441993909851253586e-01
nan	2.908217886330402568e-02	-1.242330262397437268e+00	1.984419583085014586e-03	-4.160256873375297038e-01
nan	8.167114974467688526e-01	6.472102870684490750e-01	1.061087022226684384e+00	2.828742383783861558e-01
nan	2.540193772958181828e+00	1.011217883713710686e+00	-5.034727319769459475e-02	5.768425757249890928e-01
nan	1.072551270599671480e-01	3.530328809176454641e+00	5.380432076905585781e-01	-8.600811518995714611e-01
nan	4.407706786485994233e-01	2.207005439827409266e+00	1.918526035903066029e+00	9.867967682585988554e-01
nan	6.250536915825437578e-01	-6.894055878085239009e-01	-4.979049797182243942e-01	1.096582396350472173e-02
nan	8.162043947502670704e-01	-1.276456857607203066e+00	1.009146462155706025e+00	2.047696071591452949e+00
nan	1.578854429340009302e+00	1.170453151986475815e+00	1.154562225369131001e+00	1.734319630696887493e-01
nan	-1.752530683690947944e-01	1.179102510953934368e+00	-2.419167282186018564e-01	1.191198924875999099e+00
nan	-1.360834898818351180e+00	1.557349128322975396e-01	-4.163404135158284974e-02	3.259559591693763081e-01
nan	8.431853743708464521e-02	-1.982658996777006966e-01	1.010253420017309889e+00	6.662358780840299532e-01
nan	-1.090817347107280177e+00	4.158915684543339486e-01	3.551176813942167210e-03	2.493883671598283946e+00
nan	1.126977872816168791e+00	-2.295339927764878496e+00	8.581406429522058232e-01	8.601830059787718419e-01
nan	-3.686836649361353579e-01	5.233742745590194145e-01	7.180044530139756409e-01	6.764851545563823620e-01
nan	1.688825475453437308e+00	-3.186333468574077954e-01	2.125494078377563045e-01	8.638501922943369049e-01
nan	1.330710534562574487e+00	1.652329590569504569e+00	-4.944727435550352879e-02	-9.985854594968075482e-01
nan	-1.252996967037375287e+00	1.150730590686297017e+00	-2.534318872780563225e-01	-9.489431205902443267e-01
nan	4.663190030284267706e-01	-1.247014387121848422e+00	-9.606994370696629870e-01	1.263967595443401315e+00
nan	9.198529812095749270e-01	-5.009878939271507070e-01	-8.152472104209315118e-01	-2.351555667147820827e+00
nan	-8.403474395734578106e-01	-2.803962733348430714e-02	-3.594891841646927211e-01	1.091425929261559347e+00
nan	-1.295281454476066685e+00	-1.893106204928942438e+00	3.576777307957179075e-01	2.494960655629712587e+00
nan	2.705878340497106738e+00	-1.293551568892500780e+00	1.037152947732618707e-01	-3.602700605546224066e-01
nan	-1.360099911013260998e+00	2.377771587829520250e-01	5.890619506172672937e-01	-1.166902485023441516e+00
nan	-1.375119289842148484e+00	-1.918976955688023178e+00	6.625722533421478655e-01	1.526861878225508340e+00
nan	3.579590062994313371e-01	-2.403089338571009925e+00	1.157000050123549562e+00	-9.607116928973763459e-01
nan	-2.280652365299989937e-01	-1.407412826525330507e-01	-1.318660360199021275e-01	-9.182314525292059049e-01
nan	-6.869038807001637270e-02	2.271769649220620746e+00	-6.470218633740620895e-01	4.800327373825465371e-01
nan	7.388644823364909353e-02	-1.255742670619499624e+00	1.330949412371942309e+00	-1.357876282209469765e-01
nan	-3.921735159487169664e-01	-7.303394099207785040e-01	-8.657888245568090557e-02	-3.380354721211042412e-01
nan	-5.801430195654759814e-01	1.306128893661556933e+00	-5.346969256570396345e-01	-2.055660346088202139e+00
nan	-2.124335312653403474e+00	2.818908438990692211e+00	-2.326088281562533056e-01	3.298995608379743372e-01
nan	-2.729715173178244303e-01	-3.413501530980090681e+00	4.333094878095573033e-01	-2.326820086958306444e+00
nan	-2.250686346842846852e+00	6.293005670163854814e-01	1.501860588194023904e+00	-1.016407573736032022e-01
nan	-2.750173976234660422e+00	-4.348909893516947900e-01	1.340244981683137215e+00	-1.359829586648119815e+00
nan	-9.490148834225087260e-01	-2.454480111113868102e+00	-1.001229214739406848e+00	-1.014533318292043379e-01
nan	-1.343370871306741821e+00	-2.287767419670642788e+00	-6.264290150360870557e-01	-9.343771395310039862e-01
nan	-2.658585207383086235e-01	9.135270437945173239e-01	-8.317808746633401640e-01	-3.861055773736201124e-01
nan	-5.147334634834419553e-01	-4.710685432838811471e-01	-4.664244777071103742e-01	2.113058309218548148e-01
nan	1.450030268116067944e+00	6.456638632610394168e-01	-6.511191974115592140e-01	-2.516983901071105034e+00
nan	-3.491460046789321314e+00	1.653502071638532911e+00	1.205560157367817492e-01	7.245311522331298049e-01
nan	1.360699705666907899e+00	-2.341186569732925715e+00	-4.508365998453250367e-01	-2.596477504509140874e-02
nan	-1.724911856425321410e+00	1.069525891659645733e+00	-3.824547615679843027e-01	-2.252885112367409626e+00
nan	-2.533290613499357580e+00	-2.722627274740049064e+00	-1.320539218085893252e+00	-9.329696391549939793e-01
nan	-7.034946536120876281e-01	-4.167272056533139590e+00	1.305080874393301504e-01	9.030748605913206661e-02
nan	-1.579044183679390700e+00	-9.869385249773818813e-01	6.788821677811280875e-01	1.319567005000432891e+00
nan	2.139275768452391091e+00	-2.662677036761367688e+00	-2.130985531803994415e-01	-5.377607708216976951e-02
nan	-1.351967886414575659e-01	1.507315687459975351e+00	2.447958450106506145e+00	-2.083259559844505004e-01
nan	1.066485314704301857e+00	1.508128745810122018e+00	6.135124451220510533e-01	-4.521040883165610702e-01
nan	-4.323191112286636772e-01	1.093715186793417837e+00	-6.542659178004706089e-02	6.399239866287860234e-01
nan	4.328601967309347875e-01	5.233149000545431750e-01	-1.270639443564059334e+00	2.579432900204949378e-02
nan	-9.436640337755769492e-01	1.643112019891314279e+00	-5.345737503875294117e-01	-6.107470317182979169e-01
nan	3.291086683133004342e-02	-1.730580234922105554e+00	6.084054536982640427e-01	-7.544434390287138026e-01
nan	-1.613477654705391284e+00	-2.949964997236680930e-01	-4.904601373207307935e-01	-1.018927457910870249e+00
nan	-1.360356240159230623e+00	-3.634801365321138622e+00	-1.037915110349941772e+00	-1.564766779687770948e-01
nan	4.089071055008161037e-01	-4.608621899646236919e-01	-4.823808972732859801e-01	3.212589176188661577e-01
nan	1.228487775936856874e+00	5.189557457333549007e-01	-6.434694470461668203e-01	-9.097877338166028283e-01
nan	-2.299281098520154831e+00	1.667535756020221083e+00	1.293390953693296597e+00	1.381651065842026904e+00
nan	1.837893307951675936e+00	-9.276075326280175393e-01	-8.046292256161605705e-01	3.586745845689149892e-01
nan	8.356805751393159287e-02	4.066687042952793263e+00	3.121447141695181671e-01	8.676963750673591380e-02
nan	-1.714057280903982017e+00	4.903232603396402989e-01	8.343855238707179600e-01	8.115261669842679382e-01
nan	8.221726112008055365e-01	-8.419076915005403450e-01	-1.617193085843732669e+00	2.366119858636887230e+00
nan	5.438028247623620803e-01	-5.081306438693341532e-01	1.646868856782323087e-01	9.505972066874663895e-01
nan	-5.796241311326906231e-01	2.203107268130156671e-01	1.451022668044412989e-01	-1.224610891316123329e+00
nan	7.274191982914806065e-01	-1.556198164672417672e+00	-7.097749163397224503e-01	9.581315860365281489e-01
nan	1.533943935702015704e+00	1.098078840810971180e+00	7.561310827737742768e-01	9.842465394509313237e-01
nan	1.045768451891260220e+00	1.478963249353865139e+00	-5.179863728284579416e-01	9.220487622327955268e-01
nan	9.410849859028556086e-01	-1.459275622584236931e+00	1.861552187150148807e+00	-4.371630601723882625e-01
nan	-8.281088269357166354e-01	2.010940088030920059e+00	7.101952632679560118e-01	7.808499324883370063e-01
nan	2.020481898815679855e+00	-9.523332079820612250e-02	5.692500791345287414e-01	-1.258539250911793639e+00
nan	-8.123904682763871676e-02	3.921273545893950718e-01	5.546587818414753235e-01	9.362748068518831346e-01
nan	1.116753761199021477e+00	2.005612547584713745e+00	6.502883459332005067e-01	-5.938789222593916506e-01
nan	-1.069070641172001457e+00	1.710593699241217625e+00	1.141176847712925158e+00	1.045413907486077099e+00
nan	-4.272934397845651322e-01	-9.058873661785397102e-01	7.881126603014666498e-01	-8.668251378873726987e-01
nan	4.565157052843186181e-01	2.199631966075683565e-01	9.664209326818593571e-01	1.554316695893682043e+00
nan	2.307590226234579323e+00	9.249320829042086967e-01	1.292921388289957063e-01	-4.233659748241250798e-01
nan	-1.486307850118206986e+00	4.159360535107889945e-01	1.454151004593139618e+00	-2.656669506496643351e-01
nan	-4.424892103691261402e-01	-2.763259259125950607e+00	1.394060840212655084e+00	-6.464532613834035324e-01
nan	-1.035431676971294124e+00	-6.020494179525373024e-01	1.826960596836282313e+00	9.873925547754789367e-01
nan	2.575864116727742292e+00	-6.816468816505888428e-01	5.177727186563516604e-01	-5.786015976642857467e-02
nan	1.103946692494429671e+00	3.630737045801721408e+00	4.663226262643099251e-01	1.708083181983633958e+00
nan	2.315195454824109600e+00	8.162137571474301634e-01	1.237514450246377073e+00	3.605557238973554346e-02
nan	-1.264652753578824118e+00	3.254649434728505319e+00	-3.053594137535289299e-01	2.571032757432819560e-01
nan	-2.836481400623124260e-01	-2.162098945895191360e+00	4.180646480867282744e-01	5.676651047975723730e-01
nan	1.746936973688666961e-01	3.595871462296533760e-01	1.634978737046336894e+00	-1.903449847224340852e+00
nan	-1.907885206360960595e+00	-3.004369458822498951e-01	4.388783791783528176e-01	1.939640390815415005e-01
nan	-3.300362103625040788e-01	-1.161840923434919182e+00	1.510788058096700137e+00	6.761106412998980630e-01
nan	2.919402807419582135e+00	1.716245190660175002e-01	-6.317141597622718541e-01	1.099802067633163238e+00
nan	1.930998543827325387e+00	2.467582112419114626e+00	1.248611655920407237e+00	1.134143102157308070e+00
nan	7.067558719526265687e-01	1.309039439169377816e+00	3.852078608812014027e-01	1.545614465287749706e+00
nan	2.548437444529736418e+00	-5.586004015386247801e-01	-1.708304216443702062e-01	4.420238490714671897e-01
nan	1.313889578986913609e+00	1.176320604788039015e+00	-2.204150601262636622e-01	-1.949972062316543409e-01
nan	-7.847469249766902966e-02	7.906142857104062616e-01	7.270361250225656491e-01	-1.124046557997563811e+00
nan	5.468858522517097143e-01	1.048263318422951507e+00	-8.308236071644620191e-01	1.051384248112993136e+00
nan	1.589255354554757638e+00	-1.452732216779556218e+00	-3.025237554496273962e-01	-2.120345114076635507e-01
nan	-1.705374909348212065e-01	1.177304891217094251e+00	-7.676067506956599784e-01	-2.977797794302309287e-01
nan	3.000091022661930396e-01	-4.880926089730526218e-01	-1.174103773703550679e+00	-8.858103703267296014e-01
nan	2.003151506483858979e-01	5.671378319579309935e-01	1.559996045975136150e-02	4.013274680498787883e-01
nan	1.388822603149924562e-01	5.442079076208339306e-01	1.186113620867697976e-01	9.691043182685403490e-02
nan	-1.829559602174074096e+00	9.331787611940742244e-02	-2.153323309179925538e+00	1.843851988860942148e+00
nan	1.908017074819577275e+00	-1.886238040632638224e+00	-5.732855331482770156e-01	-1.387357482155826993e+00
nan	-1.682773700293971553e+00	1.616352864093561603e+00	1.212726796563411646e+00	-6.403222563884064522e-01
nan	-7.841319696744892820e-01	-4.567026301444476744e-02	-1.055962839738457726e+00	-7.655451642522681510e-01
nan	-1.033540003733983470e+00	-3.645514385862602125e-01	8.553710261665780079e-01	-1.736421932376771782e+00
nan	-1.157988608405785103e+00	-4.615992729727852462e-01	-6.825502114443711132e-01	-1.360392927407323427e+00
nan	-1.971535140580163326e+00	-3.268461708212331285e-01	-1.402544366806617759e+00	8.842261881403592483e-01
nan	-2.710371904039627911e-01	-2.891700089469940060e+00	2.668825920308261490e-01	-1.787776644156008565e+00
nan	-3.107039356534935237e+00	-3.963133579111246529e-01	5.630699939703779355e-01	1.668611819535519514e+00
nan	1.856845485420851816e+00	-1.482956049473112659e+00	-9.283477150673342670e-01	-8.830808627425245083e-01
nan	1.409558048780179540e-02	2.414437708247661796e+00	-4.530999686236997226e-02	9.070055299045831632e-01
nan	1.948438933241567028e+00	-1.448738264485738059e+00	-8.744664143296978498e-01	-1.211383619066900286e+00
nan	-1.072317776123044020e+00	2.864903657231462120e+00	2.331603959368794055e+00	1.716720659691639006e-01
nan	1.338166127507852465e+00	-2.475773246772118519e+00	-3.616680184924302432e-01	9.912389323729394741e-01
nan	1.982526167013674234e+00	2.701801694091789940e+00	1.226590881793469867e+00	2.699208628446685132e-02
nan	1.372875441532415586e+00	1.894551125894606391e+00	-8.988184579469751245e-01	3.619688214393286252e-01
nan	-5.968868737304541261e-01	9.290604952631309477e-01	3.102254255233137803e-01	1.531128819447598877e-01
nan	3.871612504425162027e-01	-1.427182871604566472e-01	-6.584677378124921265e-01	-1.256190060472398562e-01
nan	3.069682347127705713e-01	3.317221170769542038e-01	3.899297822765704913e-01	-1.242450418881055202e-01
nan	-6.304511839318254207e-01	1.926318289569514342e+00	-1.759155897264552015e+00	-4.114256120485777490e-01
nan	-5.485073269536218099e-01	-1.047325138867521765e+00	2.126066925371584926e+00	5.958285653420625216e-01
nan	1.147318568287876150e+00	-1.112637823098917123e+00	4.194400416581985924e-01	-9.078464263132773882e-01
nan	-2.037954929818146521e+00	3.202537923211083992e+00	-4.869583254611312695e-01	-1.024353331888133267e+00
nan	-6.535565614777443244e-01	-1.101059483255008686e+00	1.185873546510032017e-01	-9.210256309496985816e-01
nan	1.531242930901245414e-01	-1.537965159967656703e+00	2.965716885942400460e-01	-1.202161334221350186e+00
nan	-9.217922040324169064e-01	-5.730050367411320122e-01	3.519170037350154989e-01	-9.188043194394264201e-01
nan	6.368334640016328763e-01	8.733587357557501818e-01	-6.510660885976818912e-01	-8.217009874812974957e-02
nan	-6.858106335222057259e-01	2.934699902062239962e-01	1.671352447584624201e+00	5.626056313839692402e-01
nan	7.495929260493162660e-01	3.533663580854878861e-01	3.372964539766206138e-01	-5.982459572681020354e-01
nan	-7.999336678176587334e-01	9.474248069403338190e-01	-1.603563598144182256e+00	-5.343942065367471850e-01
nan	-7.958033102862240860e-01	6.048815620430008089e-01	7.089214760213884414e-01	-2.012361429329756479e+00
nan	-2.124061036291075233e+00	7.981556097347781709e-01	1.690041244099731221e+00	-3.398993056820670544e-01
nan	-2.212812952425995849e+00	-1.932947911674564700e+00	-1.457982629168672606e+00	5.554308292289711346e-01
nan	1.162007945665604947e+00	-1.719396503831580825e+00	2.206577357469806877e+00	-5.338913951786873335e-01
nan	1.165779202999164266e-01	1.849275438731813548e+00	1.347013310805172948e-01	-1.739764237787569390e-01
nan	-5.955488883460550165e-01	4.501940252114313701e-01	6.104826128184207695e-02	-3.446766291188744780e-01
nan	-4.227673681785484305e-01	-8.708681426277335991e-01	-9.449086422128329110e-02	1.070484413723026863e-02
nan	4.292579348516065707e-01	-1.645164007158191222e+00	-3.555627803692296834e-02	-6.762592656297994331e-01
nan	-5.971709588740270469e-02	7.266944664434676904e-02	4.554040105081031548e-02	8.843122636067617393e-01
nan	2.048307740860658477e+00	5.911648225839424287e-01	7.448352707038164988e-01	-1.293978403864940674e+00
nan	-3.560763197834584393e-01	1.218026657884255348e+00	-1.533118613291587495e-01	-7.263710766252797768e-01
nan	-1.125298660044806276e+00	-1.120458859692999576e-01	-1.898265798854590625e-01	6.682145614529831634e-02
nan	1.481358146673782628e+00	-1.624896868723176624e+00	-9.789441522358725001e-01	-3.855533449459929707e-01
nan	-2.266331014461766991e+00	2.425614729516042178e+00	8.418998722251843647e-01	-1.737033311184070505e-01
nan	-5.068502924840320167e-01	-1.683046101865161237e+00	5.815602913158273157e-01	2.264264609263059724e-01
nan	9.796124969584181219e-01	2.307936491541469071e-01	1.111227938444338204e+00	5.334939776416672830e-01
nan	4.773168623995993620e-01	3.037566112743578017e+00	1.161417596715820455e+00	-6.470222152167677265e-01
nan	-6.205250519304387202e-01	5.460261319562075277e-01	-2.112109931143663910e-01	2.919515790770173536e-01
nan	1.226607459437734082e-01	3.314577074767806053e-01	2.068938045234668177e+00	1.699510675759423328e-01
nan	-3.664361432732040624e-01	-5.239316808292798777e-01	3.138261494636171101e+00	-6.812495379158853837e-01
nan	4.786667183970354511e-01	-1.116595450861288530e+00	6.792315348416961829e-01	1.668446400139219410e+00
nan	1.647593484585951895e+00	-4.523633340934022362e-01	-7.979881395460802773e-01	8.125172232010073881e-01
nan	-7.191899803439483208e-02	2.258417613581666039e+00	-8.964477685549308017e-01	-1.889965266921008469e-01
nan	-5.385509945034706591e-01	-1.647149069015430844e-01	6.028421023096459247e-02	-5.968587620296094132e-01
nan	-2.364157539767166138e+00	-6.163173745571803863e-01	-7.128616996666155003e-01	9.924407723374908397e-01
nan	2.264472680406468541e+00	-3.594434081451348462e+00	1.290445171988363837e+00	1.647765117935405810e-01
nan	2.200888739438839614e-01	2.706264565871861816e+00	7.612727010955870899e-01	-1.267116349197513703e+00
nan	1.687515998947735962e+00	1.705396092940641428e-01	4.904490449562822763e-01	-2.830450528389275577e-01
nan	6.473247197848721601e-01	2.480885433066610801e+00	-1.620411719836205133e+00	1.339583326409928166e+00
nan	1.185006647344061026e+00	1.078179873780048315e+00	8.489168821946787569e-01	6.260929098074971555e-02
nan	7.305774480389245484e-01	2.602838651536995007e-01	-7.965949029224472788e-02	3.575951006181170566e-01
nan	7.058466582081086571e-01	3.360250835739275743e-02	-5.076171991635585190e-01	-1.790683344489283124e+00
nan	-2.182552917872781606e+00	7.859606581871081410e-01	-6.422662129521772290e-01	-5.560667043032065937e-01
nan	-1.148423944141424347e+00	-3.808816526274084069e+00	-3.232195993075308582e-01	-1.778654645040068871e+00
nan	-4.375459772294256311e+00	-1.522594890743503626e+00	-1.300744298821614908e+00	-3.727434039613417571e-01
nan	-7.811588933359403519e-01	-3.578652436301037021e+00	9.275603318321243851e-01	5.895896132398553702e-01
nan	9.153848881158046513e-01	-8.321610886013407482e-01	1.483492958986223909e-01	-4.178339981203167408e-01
nan	1.297644785191853778e+00	4.554876761955011788e-01	-7.307989824290210823e-01	-3.465686751240432129e-02
nan	9.621886801678802836e-02	8.756008327528649327e-01	7.474276737635379142e-01	-4.762572824289682538e-01
nan	-9.059656197341849904e-01	-1.247143198462997926e+00	-9.599653011179116735e-01	9.571427813257786799e-01
nan	1.121742895878872659e+00	9.842938248785741973e-01	1.270819876465534737e+00	-1.635147372137533361e+00
nan	-7.715351435742823227e-02	6.855534295499351449e-01	-9.809119110397419572e-01	4.571805350323520090e-01
nan	-9.074444014904682332e-01	1.796652233784510111e+00	8.890346899173535711e-01	1.970939284583989703e+00
nan	1.996212735248679593e+00	-6.097230067977099655e-02	-1.229815905338345949e+00	1.366548299023393920e+00
nan	1.383555920776103898e+00	1.688269515421121802e+00	-1.023625991631228471e+00	5.222565362798498034e-01
nan	1.125784533075124383e+00	2.626429722269221667e+00	1.457466228771110428e+00	-5.678106810778726921e-01
nan	-1.866033118093396004e+00	1.944599050472062274e-03	-5.244151780395305273e-01	-1.260948838626672341e-01
nan	1.753228388322461140e-01	-3.447129785078947073e+00	1.248396689176289875e-01	-8.123253127759073600e-01
nan	-4.909263613377392588e-01	-1.053787157319094447e+00	-4.385870921898640806e-01	-5.440192376409140884e-01
nan	8.463189062318068334e-01	-7.061689004551637838e-01	9.323378391089589545e-01	-3.548366184867581263e-01
nan	-1.322660892900705543e+00	2.706226725841515135e-01	8.549713292427744971e-02	-2.658386260095246811e-01
nan	7.876457710374534793e-02	-4.448941337763470116e-01	2.038892452016414780e-01	-4.304924291329677577e-01
nan	-2.980146530252787418e-01	-4.477970250210972503e-01	1.849957272154806875e-01	2.100506285612817325e-01
nan	1.549066057227965976e+00	4.000706159231410819e-01	-8.132836712980536786e-01	-4.864618071277701516e-01
nan	-3.082380732261864598e-01	4.995096523616642248e-01	2.256402363932802135e+00	4.458905493594995662e-01
nan	7.029742238012062217e-01	1.493056827204382042e+00	-2.773555353485516184e-01	3.484998476536031037e-02
nan	-4.446144319388291022e-01	1.803233465370286837e+00	4.226597692753127911e-01	1.454654612238591271e+00
nan	2.024990777256981289e+00	8.183920742772808898e-01	5.751340914881607480e-01	-1.581939500396709608e-01
nan	-3.816217929108930429e-01	2.452472882156418343e+00	9.075276123230564540e-01	-4.416455674621782568e-01
nan	8.272908932779119429e-01	-1.038257911133460443e+00	8.275770991509730223e-03	7.569432340780369861e-01
nan	9.185994266427331967e-01	1.528869265256748156e-01	6.274886929346454867e-01	-1.334799922460253585e+00
nan	-4.696851120412032232e-01	-1.979218051168385450e-02	-3.532515079695233706e-01	-5.430886201454658835e-01
nan	1.409246438597642204e-01	-2.545835703769219749e-01	4.821129348684962124e-01	-4.689859838792374558e-01
nan	-8.174922253668739369e-01	1.163247210057903436e+00	1.472080488784592633e+00	-8.783090235957595748e-01
nan	-9.230146334600658475e-01	-9.356193184689344244e-01	-9.649214431353497767e-01	9.192670304250949442e-01
nan	1.823221121938985778e+00	2.636252590016791020e-01	-1.147056707924700270e+00	5.540786313068710722e-01
nan	3.293636152386628879e+00	2.950289367816695041e+00	1.354258612536725304e+00	8.063527268936240278e-01
nan	3.027405310304824848e-01	2.125767899338119271e+00	6.657943339331201527e-01	9.425536844684310189e-01
nan	1.349956135645584920e+00	-2.242784582533526638e+00	1.127357660003592610e+00	3.919407907014658132e-01
nan	1.349120577942716448e+00	1.205164697099232685e+00	-1.450781704610714540e+00	1.270187477333203585e+00
nan	2.448596726588819550e+00	9.502638933415130662e-01	3.812343786058622341e-01	1.795597425000277358e-01
nan	-1.588622050961554788e-01	2.484040263412922389e+00	1.012218830627994171e-01	-1.535510453527250352e+00
nan	-2.006831405986731376e+00	4.378262093478942907e-01	1.269115347196410337e-01	5.708120064064566707e-02
nan	1.441653368359330889e+00	-2.348524643788228339e+00	2.518283554762857368e-01	4.632729783300573168e-01
nan	-1.426368636849594251e-01	1.845116187711444367e+00	-7.662616673661739597e-01	1.905198613010998798e+00
nan	1.983659533405272457e+00	-1.025610158091642798e+00	-8.472576916769363198e-01	-1.973536168438848604e+00
nan	-3.502125713397906459e+00	2.708032300202426246e+00	-1.107897180273848647e+00	-4.010378648306784366e-01
nan	5.936879504624270609e-01	-3.638870097768412748e+00	2.581036162831943925e-01	2.796007451627570695e-01
nan	-2.361125985198909150e-01	-7.269560150993206182e-01	1.145064346641017305e+00	-6.454420544610122157e-01
nan	-3.046235010225176731e-01	-2.344521970601331606e+00	6.963596682511327129e-01	3.122070060199995667e-01
nan	1.343356982106450381e+00	-1.468111993359824119e+00	-1.119584776137773519e+00	-1.655542747145107407e+00
nan	-2.344820632057474263e+00	3.521475278600211256e-01	-3.228834097429996164e-01	1.563225303375854081e+00
nan	3.548153253105500227e+00	-2.945889259325148224e+00	-1.592937084760818411e+00	2.920041652056429848e-01
nan	-1.353142507561749142e+00	2.750626794130489827e+00	1.825742961414301258e+00	1.498282733771083564e+00
nan	2.377249785734428578e+00	-1.834953669888201189e+00	3.047106443708566537e-01	2.028434872276828616e-01
nan	-1.296089308819374231e-01	6.985328021092105377e-01	2.449495711484764304e-01	4.936577216578822425e-01
nan	5.682835587497601093e-01	-7.717928559698470359e-01	-1.531239654952546658e+00	-6.031998828405847890e-01
nan	-2.147662118829842814e-01	-2.645083723119535657e-01	-1.011630816921438580e-01	3.296589353503733832e-01
nan	1.375128649321996077e-01	-1.147090742887484083e-01	-6.616215115859216400e-01	-1.720686704480547169e+00
nan	-2.330745789175186822e+00	1.098592782985857941e+00	1.014051839592939208e+00	2.888588216858224422e-01
nan	-5.666153326553047265e-01	-1.698334566705190563e+00	-1.064057630821484413e-01	-7.967997824114291250e-01
nan	4.294367670681523697e-01	1.323174360951097084e-01	6.763804426719364216e-01	1.093722225789294455e+00
nan	1.588653661719657162e+00	1.577637716021004444e+00	2.232801058891818347e+00	-1.470668951658191226e+00
nan	-2.600782538672842925e+00	8.206486155868449872e-01	-2.234265543612534710e+00	-1.001038139763191115e+00
nan	-6.683397315152728169e-01	-2.546391591424421286e+00	-3.029191581791813803e+00	-1.291633295672578008e+00
nan	-2.270833708464432998e+00	-1.155194844829687595e+00	-8.046895460380957266e-01	1.236306208190266043e+00
nan	9.004642475286461778e-01	-2.068037913570051956e+00	6.067588801792389575e-01	1.120582223494833274e+00
nan	2.834790178202005739e-01	-6.331146612036926413e-01	5.226216239984541323e-01	2.041963460730463531e+00
nan	3.028603454323442801e+00	1.214208690838105564e+00	-3.095274465229321148e+00	-2.300249935310401950e-01
nan	1.359392638472089576e+00	2.915882972119199668e+00	-3.497625982080506124e-01	1.968785450149844740e+00
nan	2.427265391054704846e+00	1.586821285138321214e+00	1.532286704929194832e+00	-4.321466451252794494e-01
nan	-6.405234180368847285e-01	2.642919008400383518e+00	5.109751147831342877e-01	8.161422758436830405e-01
nan	2.203873150495649913e+00	-2.064713882283146340e+00	-7.665730873614434726e-01	-2.306305032700369517e-01
nan	-9.651857223515889483e-01	2.361706801930817612e+00	1.089395369913308986e+00	-1.035259493802731301e+00
nan	-6.639974028374264758e-01	-5.921705363509839337e-01	-8.313783572927149201e-01	7.283850895314255558e-01
nan	5.530484776197344132e-01	-7.887935654796967011e-01	1.607027286003540834e+00	-1.766555887684257753e+00
nan	-4.063539938181815359e+00	1.567352325476903063e+00	9.353782445190071959e-01	1.097883567187971643e-01
nan	-5.877748854078390650e-01	-5.822177603528859713e+00	2.099667696894989444e+00	1.378344148666260927e-01
nan	-1.451618169984852713e+00	1.197954312935906040e-01	6.833672105600514524e-01	-1.270870063799137251e+00
nan	-1.163801166588302127e+00	-1.762839601030192993e+00	-3.662539758225443753e-01	1.239564845363498202e+00
nan	2.841420591953535801e+00	-2.093480160060884998e+00	1.012350285160939084e-01	-1.887082489819802977e-01
nan	-7.335128564171471410e-01	3.788258650008724526e+00	-4.651604587217585962e-01	2.368170717785611057e+00
nan	2.980487425928424194e+00	-1.173472278909173383e+00	2.037877010451688786e+00	2.869801550374978527e-01
nan	6.568737322325941541e-01	4.181774432362058924e+00	4.258754018130432861e-01	1.024429139776109610e+00
nan	1.515370101448753504e+00	1.811035045149981482e+00	-1.856843261235307518e-01	-1.351872550496524106e+00
nan	-1.624407341123419002e+00	1.567068650136521857e+00	-7.497897994798505827e-01	-1.268172868696280986e+00
nan	-1.830350063216059642e+00	-2.146929335627456137e+00	-1.459772075269159641e+00	9.061404247539996959e-01
nan	1.406042899031387572e+00	6.917092319860507210e-02	4.119933798794970237e-01	-2.218645279114068170e-01
nan	-1.006446220350226017e+00	3.348310273442827167e+00	-1.984438683728513952e+00	4.916165089683527945e-01
nan	3.691978198063706751e-01	-1.915574335535547013e+00	1.118528708184787890e+00	4.052882930176021081e-01
nan	1.038956261118197943e-01	-2.027229545596354043e+00	1.047512490602036772e+00	-7.303188494384046381e-01
nan	3.164806668723185723e-02	-1.187462090045092289e+00	5.185309367097766797e-01	1.075044000864920468e+00
nan	2.169352104163993822e+00	1.591107946713453680e+00	3.938760272976460364e-01	-1.220641535338153449e+00
nan	-1.160203768972317917e+00	2.333117201416192721e+00	2.113048764282171366e+00	-1.785910604797990686e+00
nan	-1.619303430729235549e+00	-1.573899522381208671e+00	-3.527454302827414540e-02	1.562828659413047827e+00
nan	-1.169791710553840236e-01	-3.148337504345628091e+00	6.672560284214461568e-01	8.940593223381395616e-01
nan	6.456987403467016051e-01	-9.173698838129863420e-01	7.197224729828257672e-01	5.921811748648418972e-01
nan	3.572464575128443398e-01	6.697242997585932667e-01	1.928519160176765057e+00	-9.750685157684211291e-01
nan	-2.190664477341591532e+00	1.457642532815022207e+00	5.833462918727884139e-01	5.283001270814478012e-01
nan	2.286544900541080061e+00	-3.899879847520099752e+00	6.849588294303528002e-01	1.917584999713713434e-01
nan	-1.741804402090437076e+00	1.092672788365965930e+00	8.315305364265328514e-01	-3.907001000895216625e-01
nan	-1.191416370847709905e+00	-2.589593579963318959e+00	-1.887835576176680186e-01	-1.088645158375737554e-01
nan	-1.990814240828053361e+00	-1.552862421810710769e+00	-9.434642769375154447e-01	3.031294515052254668e-01
nan	1.773424905587476008e+00	-4.759358544139674407e+00	1.110663942997628162e+00	-8.598857994159827545e-01
nan	1.686321368977099500e-01	1.442111451789969578e+00	9.631724679302784420e-01	1.430285665572994747e+00
nan	-9.630852554875646288e-01	-5.069039602419106449e-01	1.172905063263231629e+00	-1.563216907746835194e+00
nan	-2.014978908881199349e+00	-3.537257118727208827e+00	-3.180604449444665027e-01	-1.163713304817631355e+00
nan	-1.135151977991588845e+00	-3.379827858356604153e+00	9.227512646491341508e-01	-1.071513035298892191e+00
nan	-2.339613696448769709e+00	-2.014321697204569883e+00	-1.019289621651243927e+00	2.600230623984122746e-01
nan	5.387685454835772214e-01	-1.490261721622437863e+00	-3.808992045641808599e-01	-3.383660160736515765e-01
nan	-1.053797930062769561e+00	-1.458416375196457171e+00	-2.030300445337867576e-01	-7.576500846879397066e-01
nan	-1.267512192162953744e+00	4.056745277999740384e-01	-1.297419458712779361e-01	-9.628887150949554385e-01
nan	-1.818245732384272006e+00	4.160833648195210177e-01	1.276531722113364742e+00	9.417896529166666086e-01
nan	9.040572980570760198e-01	-5.421492898790649662e-01	2.211474384140122318e+00	8.927969523369075899e-01
nan	-7.222836691562884992e-01	1.088888266972422247e+00	1.203621755733959020e+00	-6.565381048636457217e-01
nan	-1.009098035753111411e+00	-6.596366088917305914e-01	-2.642389306006229233e-01	-8.660993759312940465e-01
nan	-1.013362137477557656e+00	-1.294289505818626784e+00	-1.182170991697783169e+00	8.904501296212140593e-01
nan	1.014051948828676775e+00	-9.994674015394882094e-01	-9.592528607063478541e-01	4.433112318444034083e-01
nan	6.629731268951649659e-02	-6.394532727841244490e-01	-2.053207782236680656e-01	5.099922252163117120e-01
nan	-7.867500998411917079e-01	-6.312523347344620728e-01	-1.025146851973826712e+00	8.527334982062412250e-02
nan	9.869107322262260507e-01	-1.381804514649230375e+00	9.270802435011096243e-01	-1.230122331113603140e+00
nan	-2.971241326196502719e+00	1.524986878775782095e+00	-1.110540971090600681e+00	-7.011296846387209403e-01
nan	5.962390920519007320e-01	-1.722954340810997076e+00	-1.594861341723595283e+00	2.622603845187165272e-01
nan	2.562516155182387179e-01	1.127103314472492457e+00	-6.257834555133646726e-01	3.578738304936381343e-01
nan	1.032131970246275010e+00	1.614254197838232985e-01	6.689446038170070441e-01	1.476019737682637611e+00
nan	1.845270605499619521e+00	2.257323771041909399e+00	6.877397453759694912e-01	-9.961682115608713195e-01
nan	-2.483093335645600419e+00	2.263319888358222620e+00	-7.369740908204243379e-02	-2.598213233161822400e-02
nan	1.914095110227371777e+00	-4.860426563384059762e+00	-1.000392199685350647e+00	4.948335534456321794e-01
nan	5.844723683325289132e-01	2.324143181884008147e+00	2.649870434876994141e-01	1.395014396703532444e+00
nan	8.658852550935043357e-01	-8.033363018295847091e-02	-3.611392944021249996e-01	9.231242228613715239e-01
nan	1.472947802293111064e+00	-3.873405086879317949e-01	1.092683573773803429e+00	-2.382039732155482314e-01
nan	-8.940583193649490612e-01	1.103928927860205356e+00	1.199482479846246230e+00	-9.713340817054402429e-03
nan	-3.578814649486980470e-01	-1.217188457527377254e-01	-1.142189313905118242e+00	-7.952491930773953888e-01
nan	-8.329370030616666254e-01	6.128008400631418384e-02	1.495609747944472989e+00	9.012707856431147191e-02
nan	5.617696207119120960e-02	1.248645012446929936e+00	1.738063771926358525e+00	6.175675617664632133e-01
nan	1.466185533702785371e+00	-5.916760902431702496e-01	2.377651960772551865e-01	-3.599158447106072800e-01
nan	-4.087326132209441742e-01	3.796919678644699037e+00	-9.996247771644838354e-01	2.731454462113877546e-02
nan	-1.299884523172688988e+00	-1.105105682626431829e+00	-5.551239559065022089e-01	-1.330419209244504630e+00
nan	-2.725984101919811220e+00	-2.941068078437217626e+00	5.827110847376865133e-01	2.298032791863316771e+00
nan	1.076222439492782179e+00	-3.247115044783484894e+00	-8.800979554860536291e-01	2.656662948591649864e-01
nan	4.912210811958637735e-01	6.307088073602609146e-01	6.518999529909592638e-01	1.729290096346862926e+00
nan	2.352261933902820790e+00	4.964361411827755699e-01	-1.041082245064758771e+00	-1.097557361051356706e+00
nan	7.748106656505981960e-02	3.179407209225701969e-01	-1.108959166995028722e+00	-1.542295276811904037e+00
nan	-1.447622688573295013e+00	1.479701935647378397e+00	-1.166073824974070527e+00	-7.830655681574297811e-01
nan	-1.037752814554485647e+00	-9.936470205349106077e-01	-6.775701448910331770e-01	7.017648441301335138e-01
nan	3.934624960978170272e-01	-9.816055144909935359e-01	1.926609611977073255e+00	1.293295269564148642e+00
nan	1.919969085279682686e+00	4.521100596410608796e-01	-5.292268967070361541e-01	2.304045493920126031e-01
nan	-4.106509770055868369e-01	3.154797661470933878e+00	1.437098538922217728e+00	4.894058912070562983e-01
nan	1.184992702711131551e+00	-1.877487983641483948e+00	3.227749503605403247e-01	7.045377768340255198e-01
nan	-2.234219045238194923e-02	2.341891009612807828e+00	-6.309190699098137234e-01	-1.650557865933787616e+00
nan	-2.102562076565788640e+00	-1.189737654458047800e+00	-7.152012439084960704e-02	4.317912784057653663e-01
nan	-1.419152614534061607e-01	-2.331508566408423189e+00	-4.825452476002546898e-01	-7.031558901448295984e-01
nan	-1.763646233157825316e+00	4.190676563334554405e-01	-4.095031433972074475e-01	8.013065802502633561e-01
nan	1.514398052116570748e+00	-3.965960701486236140e+00	3.126161269724400671e-01	-1.054476101567379809e+00
nan	-4.029977341463087948e-01	1.160201140028258582e+00	8.604258886573504794e-01	1.110947122853335411e+00
nan	-1.160230324604640373e+00	2.747430393106793378e-01	1.241396934524003903e+00	1.552490008242485287e-01
nan	7.058281933480532455e-01	-2.963542969629655133e+00	3.261498186673682298e+00	-5.360670738152916170e-01
nan	-6.425245670014577692e-01	1.665244843872523139e+00	-1.065505281015073580e+00	-2.606916879943533605e+00
nan	-5.029406517429949375e+00	-1.937248655245625617e+00	1.090033724006894134e-01	4.705820394481479707e-01
nan	-1.595319407486835428e-01	-6.293259248847903997e+00	3.963426506718195075e-01	6.769741051226777495e-01
nan	3.197998649171526764e-01	-1.368750284056645672e-01	-2.381067451122098055e-01	6.012786371065330648e-01
nan	-7.088858435031772931e-01	6.162685845570121668e-01	4.750510801805054029e-01	8.306102275741134022e-01
nan	-4.802657215200145657e-01	1.135570823358510673e+00	-1.941161637524482453e+00	3.651491520458421403e-01
nan	9.972887395827754187e-01	-1.257388108843268348e+00	-1.185686261193174759e-02	4.828065524042204348e-01
nan	-9.074055123057795935e-01	2.729592244388685529e+00	-1.561485643794011224e+00	3.352942264183501053e-01
nan	-1.699720248266506917e-01	-1.004534491886628800e+00	6.239298538553036400e-01	9.107588545456758444e-01
nan	1.447718000902655122e+00	-2.869417677876929806e-01	1.826312467683663954e+00	-4.990036907947569267e-01
nan	-4.000891478770944865e-01	1.885553526562408599e+00	-1.122036027614598863e+00	-3.309313114614635953e-01
nan	-7.505852195550357653e-01	-1.351520177076345752e-01	1.702437943793262132e-01	3.541489223708524370e-01
nan	-8.060886046111859216e-02	-1.497448838416501227e+00	2.121935156107778997e-01	-8.274851106409002455e-01
nan	-4.317550714824601732e-01	3.510634048581124933e-01	-1.755103259216340916e+00	1.355694103854096388e+00
nan	7.398201150890948430e-01	-3.160516761801306362e-01	-2.285828191962564038e+00	-3.496595394258888434e-01
nan	-1.056509629780879145e+00	-6.661422242534973392e-01	4.677772499008029383e-01	-9.882537197668411766e-01
nan	-1.016674780714715842e-01	-9.189991843444939024e-01	2.323583752657522872e-01	4.450526363852737033e-01
nan	5.320989183006576972e-01	-6.344830818265603245e-01	1.169828287807240130e+00	8.497815400158846844e-01
nan	-5.429129751787046265e-01	-1.402485128741557174e+00	1.061452113708500233e+00	3.371322069662027188e-01
nan	-6.268975289397873407e-01	1.670128424417645085e+00	-5.996235160924112684e-01	-4.076307471010714445e-01
nan	-2.056855082388817368e-01	-1.465813726125465344e+00	-2.590216439802280668e+00	5.385522492349965606e-01
nan	4.578909169888450981e-02	1.137291449912672059e+00	-4.109424139535168274e-01	3.794669293537345500e-01
nan	-4.945721417653314855e-02	8.117314608634846884e-01	-9.451683646294618546e-01	-3.366523331080468751e-01
nan	9.588815512740809233e-01	-3.244301619533730974e-01	-1.707311017047286605e-01	-1.034742877812286244e+00
nan	-1.890734348380732843e+00	2.065391586291569936e+00	-2.405898684243890084e+00	-2.147465854923539252e-01
nan	-9.922192042522520739e-01	-2.972628960869644565e+00	5.847404818921095870e-01	-1.049876743250416133e+00
nan	-1.753752516931001981e+00	-1.190785976026688786e+00	-3.164348425301432011e-01	-4.965859375847057611e-01
nan	-2.568903033462386798e+00	-7.191099018997830772e-01	-7.558378162518978316e-01	-5.696310809357552074e-01
nan	1.109166947497249867e+00	-3.546151530075619007e+00	-8.120068182687310010e-01	3.218411599637830967e-01
nan	1.034617065521354240e+00	1.085984646327993630e+00	-2.278017449263829430e+00	1.815353553406416243e+00
nan	1.352191962706878581e+00	1.109515071546897991e+00	1.669232989466442607e+00	9.277427527328598877e-01
nan	1.089786969981187958e+00	1.639237320752090499e+00	-2.032180613524004364e+00	-3.084312501723026401e+00
nan	-2.828226409326031199e+00	1.711292373843220416e+00	-1.170176881833699500e+00	-1.381744156993119921e+00
nan	-9.935124627900515648e-01	-3.971817851843177483e+00	-9.300841844889208287e-01	1.164032458067719988e-01
nan	2.485831108003135059e-02	-3.108305718239129378e-01	-7.190278238665828159e-01	5.627744190933179347e-01
nan	-1.788738550846502573e-02	-1.995334587271744953e+00	-4.780974110008226474e-01	6.233961170143510477e-01
nan	1.672256168922123809e+00	3.054357349992426585e+00	-5.880775088575661558e-01	1.246299169130164586e+00
nan	1.083209759799391048e+00	2.722504672338695642e+00	3.562754586599507500e-01	1.528749933995849464e+00
nan	9.158019895772656627e-01	4.122240855835841433e-01	-5.190946870439662186e-01	6.937899101206608243e-01
nan	4.542417175863067702e-01	6.530143217442276882e-01	-1.023911503160428227e+00	6.622800158773715085e-01
nan	1.574714196073496275e+00	5.528770134291028926e-01	1.187313912621161593e+00	-1.399321347608251664e-01
nan	3.416201376144106794e-02	8.012818702703981000e-01	1.117028002176391421e+00	-4.663593698490074435e-01
nan	-1.163588760549542966e+00	8.321312233507702771e-01	-1.841982690148290525e-01	-1.437141069724299225e+00
nan	-1.439881958143897300e+00	-1.486956895225245656e+00	-9.200347206356609409e-01	-4.854237345558027883e-01
nan	1.166834551346573212e+00	-2.871029022232225891e+00	8.315985583737107723e-01	-1.539038940632641239e+00
nan	-1.193879251597680158e+00	-1.882561504448552414e+00	1.789368898144330977e+00	-1.434972519747411024e+00
nan	-7.946689337362216055e-01	-1.691304014007726675e+00	-2.440061659149407092e+00	-7.224525035740501089e-01
nan	-1.078762296398308340e+00	-2.866025684935973317e+00	3.702219878930778085e-01	-3.148020683377137363e-01
nan	-2.116243947361177380e+00	-1.181361271147778336e+00	-2.136790526991490857e+00	-1.463498804668643682e+00
nan	-2.022051664103311719e+00	-1.436579794074893224e+00	4.651199539465736832e-01	-3.492624890763257328e-02
nan	-7.852326670284137666e-01	-1.667038589752499744e+00	-1.679044920941757502e+00	9.067630535892899912e-01
nan	1.983733841192808711e+00	2.728455865858228080e-01	-1.173189786158175929e+00	3.682443459075077086e-01
nan	6.757421332561748262e-01	3.679151728355319229e+00	-5.828095066003977642e-01	8.571462211968672307e-01
nan	-2.694220130686852954e-01	-4.339736364915809386e-01	5.358425312114372119e-01	6.497811753020475700e-02
nan	6.847100603704417976e-01	-1.029403029271743542e+00	5.126496636976790588e-02	1.433175214696581212e-01
nan	1.366464703261147662e+00	6.581199529132123471e-01	-8.321716421061299274e-01	1.142427604950221776e+00
nan	5.718053075327260704e-01	2.680938080456988448e+00	-6.413457559960200616e-01	-5.569205244829100732e-01
nan	-7.401760540719022341e-01	1.816795972715792740e+00	-1.577009087524927411e+00	-4.846416491288868533e-01
nan	-8.828325052401633233e-01	-1.995358878668442859e-01	-1.214700871808423344e+00	-8.199180888787422905e-01
nan	-2.272360947370034800e+00	-5.755311183373423845e-01	5.290988614961430470e-01	-4.662320386100585190e-01
nan	-9.085819877117236043e-01	-1.946799905199693370e+00	-4.537556606267671988e-01	1.315947129331664023e+00
nan	1.262170331700169790e+00	-5.261646755590292379e-01	2.375442331960795073e-01	-8.045794390857894385e-01
nan	-4.851691348722002584e-01	2.497486234703483632e+00	-1.075262678566546226e+00	-3.113324640365827123e-01
nan	4.596983250738401749e-01	8.418204884385818154e-01	5.066485576599564222e-01	7.987023961084426249e-01
nan	-1.163111668743709970e+00	3.022736695138851237e-01	-1.888651022932831491e+00	-2.178172574365507264e-01
nan	-5.652660879262803029e-01	-5.757190442928529217e-01	-4.755673877074793193e-02	-1.317536071452463098e+00
nan	-2.974818285114142480e-01	2.289552358319087988e-01	1.347585286832236440e+00	9.588633298329437560e-01
nan	2.938938855274894291e+00	-8.608950501430072677e-01	2.388539260259160968e-01	-1.427012865670987063e+00
nan	-1.159705401476074593e+00	2.000765266752954297e+00	-1.593718050442412659e+00	-1.753595569802038456e+00
nan	-3.906694660069554459e+00	-3.385591463300773318e-01	4.533952243810004945e-01	-1.930633022979675983e+00
nan	-1.002423966999582028e+00	-3.880439412537981969e+00	2.282208486515674081e-03	8.431732512633491883e-01
nan	1.508927195937012744e+00	-2.490047596265678731e-01	-4.245719823451623576e-01	2.779548451263216813e-01
nan	-1.130336812266088842e+00	1.747742064089029324e+00	1.665036500819256693e+00	1.544547235582765854e+00
nan	2.361478021021579110e-01	-6.571330091579536958e-01	-2.434236937473934215e-01	-1.738366614508655705e-01
nan	-6.073516799458000825e-01	-8.872613077643696222e-01	2.661508874863390273e-01	-8.560080922496503542e-01
nan	5.935953781986119671e-01	-1.001275221255069070e+00	-1.191509992310934685e+00	5.892063571257396548e-01
nan	1.423705681741623819e+00	4.003886023373045555e-01	3.307765664148547557e-01	-1.215958512194609487e+00
nan	-1.046368224400851865e+00	1.561348561976324545e+00	6.607528542442860919e-01	-1.137344882730706719e-01
nan	-1.291202204822810007e+00	-1.217515208093964629e+00	-1.780621599207560801e-01	-1.095498352415481547e+00
nan	-3.644044096994139004e+00	1.212554264371135115e-01	1.058411539329301154e-01	8.847907221395050203e-02
nan	1.334618352641222527e-01	-3.047122528608658509e+00	-1.734493577017334476e-01	-1.432187438994467037e-02
nan	-7.420307576354756574e-01	9.590817736865233645e-01	5.934670480242504320e-01	2.305673158916931309e-01
nan	-5.753065086417875618e-01	-6.744159577330681721e-01	2.041658007479869141e+00	5.598617478981073869e-01
nan	1.441782257545223267e+00	2.858588574807929827e-02	-1.011245768860543626e+00	8.263643216145692971e-01
nan	1.426378513707806217e+00	1.760061241066880555e+00	4.572651940943188165e-01	-4.117516214426607535e-01
nan	1.726120944011378944e-01	1.846384634950556380e+00	-4.719842671369471887e-01	9.630634920397226351e-01
nan	2.181671364914743450e+00	-3.828517613573023670e-01	1.732049898376560870e+00	-5.502435316591175463e-01
nan	-1.618321274848567803e+00	2.325389032312191073e+00	1.533487607171227118e+00	-5.076706861742551480e-01
nan	-1.219876994184171171e+00	-1.116124186172997579e+00	-1.487862593155097279e+00	1.652488824905572196e-01
nan	1.509217079259324690e+00	-5.126346508629180398e-01	1.665546671265528245e+00	1.207998349519107256e-01
nan	7.236681268052342908e-01	2.454660653062164410e+00	2.236234529708363450e+00	3.238808327248031138e-01
nan	4.870804724769518534e-01	1.282316902588758190e+00	2.418213257167810271e-02	8.208107782218259096e-01
nan	1.194074104010910631e+00	1.602307861082313156e+00	-1.275152513811248944e+00	4.562750459986472107e-01
nan	9.478284023235743483e-01	9.993179359637234249e-01	-1.249727467425008343e-01	-2.689745773431393427e-01
nan	3.243921465630406065e-01	1.423736160355761227e+00	-3.700191701522775323e-01	-5.201475939981153873e-01
nan	-1.428648706280113867e+00	1.675691194219783409e+00	-8.756001265653654553e-01	8.933670759353170565e-01
nan	1.659437116773536225e+00	-2.823386902195574866e+00	2.681969690197116285e-01	2.473767930801533121e-01
nan	5.923908171775640330e-01	2.430789850836598376e+00	-1.157509728157917417e+00	-7.457801934360400731e-01
nan	4.572247191880179917e-01	-1.258844744457707110e+00	-2.466381502468204812e-01	-4.374825239050412762e-01
nan	-5.254930485402234952e-01	7.191889510708185940e-01	1.944443629621771530e-01	1.905855236739615544e+00
nan	1.196450841801063536e+00	2.481406267037111757e-01	1.378358234284302819e+00	8.365065583239545965e-01
nan	4.311773017310904788e-01	1.356498907934085230e+00	3.833866640058213870e-01	1.078664132178960067e+00
nan	-8.402103521340915648e-01	-1.386974284202295626e+00	-3.436688610298900270e-01	7.719795107798604894e-01
nan	4.816221255002006152e-01	-1.359829296291306333e+00	2.441513802647253539e-01	1.130816406910173821e+00
nan	9.054098846013270974e-01	1.238323918642890042e+00	4.738315351464890135e-01	-1.022797164107740908e+00
nan	-9.440328365591181825e-01	8.036770075193903073e-01	8.308628258740278216e-01	-1.672282216623400819e+00
nan	3.199417473761223540e-02	-7.595091656580514883e-01	2.292296072007126706e-01	-1.542512145338033269e+00
nan	-2.075636968919793990e+00	-1.284730786681457460e+00	-8.336043954863374683e-01	5.477459126843992054e-01
nan	-1.865407257423139509e-01	-2.282719845806967296e+00	1.950894373547046534e+00	-7.164022859253091902e-01
nan	-1.756183207800838586e+00	7.268985623363410919e-02	-1.235362241897898228e+00	-5.462786151456244799e-01
nan	1.151016648047992197e+00	-6.901709820850900901e-01	8.786164452220198706e-01	-1.547218523699881061e-02
nan	-1.742581147750460691e+00	1.273160146275340798e+00	1.332335257988903399e+00	-2.850975976129700995e-01
nan	-2.188729511998174448e+00	-2.420603771289419726e+00	-9.289345816785489207e-01	4.126699483511524491e-01
nan	2.504251307012517636e+00	-1.683464497389703496e+00	-4.288415704665432537e-01	8.169865224174452933e-01
nan	3.847621829629329637e-01	2.168430496346290148e+00	-4.148090148603442162e-01	6.266043760077857350e-01
nan	-3.032581463467198812e-02	1.242918060112163103e-01	-5.780535746969748256e-01	1.441941540031035585e+00
nan	6.722847204658177755e-01	2.443047462474608467e-01	1.604862823277802386e+00	-1.299296341020923506e-01
nan	-9.559441500868729458e-01	8.008486788561717251e-01	2.502416107136821721e-01	-1.911422648025822707e-02
nan	-2.448870700156108582e-01	-1.168661309468113751e+00	-4.548609642163203293e-01	-6.777271776575759521e-01
nan	1.265436608150839248e+00	2.381237888495354726e-01	-4.966827122379353088e-01	-1.613292267224558096e-01
nan	1.695475233069488885e-01	2.205530869474708666e+00	-1.355016962168568151e+00	4.612286461846005770e-01
nan	1.654457919859830373e+00	2.153603834923246696e-01	-5.386101268962938393e-01	-7.079984206758770104e-02
nan	2.424398385908925202e-01	4.331099924089381048e+00	1.068645645240334091e-01	1.206630127198309754e+00
nan	1.668692252363088491e+00	1.237112137390374844e-01	-1.212419909998681877e+00	1.368758827534718892e+00
nan	1.045606566686135608e+00	3.676161018836685557e-01	-5.193671702069993512e-02	1.393926895824699308e+00
nan	9.394057966394943060e-01	2.085812995760361055e+00	-1.746369104685598916e+00	-2.178265520828882584e-01
nan	4.174681051931067310e-01	9.738021716989020415e-01	-1.899649027431440818e+00	1.543128318677781996e+00
nan	1.717134460766948756e+00	5.836517132518892481e-01	1.599101819057912266e+00	-4.008111317936566276e-01
nan	1.529754189976093581e+00	2.376109676068047794e+00	1.950707411951403181e+00	5.648548092017006139e-01
nan	3.063559146745019612e-01	2.407491489572179066e+00	-8.781810482512820704e-01	-1.206889384146711194e-02
nan	-9.555092751636945492e-01	-8.666604304220940636e-01	1.159308799450002647e+00	-1.277655934481313871e+00
nan	-6.246153827397236125e-01	-7.479123868412163034e-01	-1.164193006116439610e+00	-5.194817800920707995e-01
nan	-5.347515865640516397e-01	4.541569417194490921e-01	-2.325379880960658951e+00	1.576748752330873471e-01
nan	-1.759331561727262683e+00	3.433898283225766956e-01	-3.470378648650777054e-01	-1.453946350560455791e-01
nan	1.682705108901054070e+00	-3.172690000833186641e+00	5.832791998386658294e-01	2.192236477598239475e-01
nan	-1.767760218133521466e+00	-2.768974260340160143e-01	8.818542769180462981e-01	1.897843527562871890e-01
nan	9.926919362216489462e-02	-3.246322696045285561e+00	-8.337455608180666111e-01	-2.922854736275047327e-01
nan	4.593480085347070863e-01	-8.782834691287141338e-01	4.095154277279813293e-01	1.075967956188371044e+00
nan	6.365006706762232902e-01	6.129289750106308166e-01	1.351777233826811087e-01	2.426260094726809535e-01
nan	-2.250995679802218208e-01	2.390997178518921018e+00	4.978293508773243836e-01	-3.511920981318146784e-01
nan	-1.087706638233705725e+00	-1.137092545701281265e+00	1.648181865873069363e+00	1.041734311957095649e+00
nan	1.306036760406005914e+00	2.301442338584831493e-01	8.939834336236025525e-01	4.416796023853825637e-01
nan	1.014039275695359121e+00	6.312331531469526080e-01	-5.977523679876898255e-01	-8.222829011495007279e-02
nan	7.737061017147024711e-02	2.078942959955022651e+00	-1.055937479541569468e+00	2.487911065029734914e+00
nan	3.981728492619536652e+00	9.008555144410580473e-01	1.660322238507159209e+00	-1.531061595075847270e+00
nan	-1.617917674966725006e+00	2.248118536529650768e+00	-9.148256172322654090e-01	2.726077173532592268e-01
nan	2.197300410276741722e+00	-1.374639069940126079e+00	3.655448916660424818e-01	9.822759457516393455e-01
nan	9.943070069580866033e-01	1.840248737531053447e+00	4.497756545140074724e-01	-3.301653512436769633e-02
nan	-6.101261977714598217e-01	-3.118218978723219514e-02	4.338886181782278251e-01	4.887525698722676726e-01
nan	-6.749974163706993213e-01	-1.034270643252151789e+00	1.508539278447899035e+00	-2.026643073639744219e-01
nan	2.125571083209490120e-01	-1.184161495220852123e+00	1.524406937871311263e-01	1.960531419239293749e+00
nan	2.444594380445591408e+00	3.030621448222938219e-01	-1.321912802464530579e+00	-2.539728144585516323e-01
nan	1.729371204288232544e-01	2.936916296452710906e+00	-2.087810509566555839e-01	8.901041452234842444e-01
nan	2.262299125334020555e+00	1.061428794738046993e-01	-7.976425602057636288e-01	1.809327863638515055e+00
nan	1.876635418809215139e+00	5.153785750880021332e+00	6.789567351070017187e-01	2.185341540318085085e-01
nan	-1.246379126105483737e+00	2.584167904535581428e+00	-9.464401572627729742e-01	1.460535406073777187e+00
nan	1.950708067248221544e+00	2.139727209634378902e-02	-2.554873209678041324e-01	1.166732534526431775e-01
nan	4.523436363036933971e-01	3.736946545681699483e+00	-1.947417417766290348e-01	-1.560385760904803520e+00
nan	-2.693594396246738132e+00	4.623574965917099377e-01	4.431094318936530385e-01	-2.190840960537801863e+00
nan	-2.902755758746216497e+00	-1.729978321649404904e+00	2.899897784672587076e-01	-1.413425142239034038e+00
nan	-1.550499990296198227e+00	-3.727812220390415821e+00	1.383173627923050653e+00	1.198925392167744242e-01
nan	1.053701558763255663e+00	-1.800505435543531485e+00	-2.523362306887928508e+00	9.949556878405330096e-01
nan	2.550015528335595860e+00	1.611554814080322640e+00	2.484493684591515539e-01	2.877466161408001044e-01
nan	-2.798069381116796706e-02	3.850140430317794404e+00	7.674321188995696374e-01	5.611100153147364766e-01
nan	-4.272379662787475496e-01	-1.102897461824072334e+00	1.809230859349542919e-01	-1.004375345036075284e+00
nan	-5.005995960043752024e-01	6.780958844602108515e-02	3.050406153071597570e-01	5.258235290768481507e-01
nan	9.592657915906553923e-01	-1.445504380684386359e+00	-2.217288508889054377e+00	-4.102796602606891690e-02
nan	-3.861994604108700546e-01	2.416925308744501955e+00	-1.558890201108252549e-01	1.266533198564913018e-02
nan	8.410448638523869702e-01	-7.345581637088762772e-01	5.571863506019651968e-01	-2.365771842526050717e-01
nan	-2.215195751498702847e+00	7.791467122443473947e-02	-6.652569654268535304e-01	-2.196653054003853800e+00
nan	-3.232717002404486450e+00	-1.755675688568084869e+00	1.848126408285467870e-01	8.849406961094246071e-01
nan	1.736715240201553989e+00	-3.940714829374227790e+00	-4.228356320531049262e-01	1.627949387012018467e-01
nan	-8.361606983180452923e-01	1.536433950997980524e+00	-8.023750231235973196e-01	-1.359051238945902185e+00
nan	-1.026977121354746725e+00	-7.249057662872415708e-01	-6.354308688687009266e-01	-6.150178141767008722e-01
nan	-2.877673764613976282e+00	-1.110701238496802024e+00	5.423681822276784636e-01	-1.239079332027567482e+00
nan	-1.689968512701776948e+00	-3.367292975370717478e+00	-1.357885738859446745e+00	-2.021063719142383586e-01
nan	-1.436805362752125115e+00	-2.971664478700045464e+00	2.001493640454003575e+00	-8.433341605079099912e-01
nan	-5.079152053521582832e-01	-7.179603635327524991e-01	8.942028406558841791e-01	1.966250421469837306e+00
nan	2.120895869166170566e+00	-1.535773539000646837e+00	3.613725675497386214e-01	-1.118604299147099912e+00
nan	1.593097242841943206e-01	1.172337327911368909e+00	-1.167695892348742825e+00	-6.569417242360654496e-01
nan	-8.963153793815443748e-01	-7.761234009794961697e-01	9.315323414363276822e-01	8.811726181207618636e-01
nan	5.156601434983807408e-01	-2.067051090764715049e+00	1.996819879792196759e-02	-4.920542161036479678e-01
nan	-1.249697149087502179e+00	7.200836039437271685e-01	1.845928581992899121e-03	-4.968490799013287884e-02
nan	2.106954349669483417e-02	-2.715225086604100113e+00	6.557779971881287917e-01	1.442374546015599002e+00
nan	2.532130544320490451e+00	-1.598600713397141937e-01	1.660436005070391463e+00	-8.044818131465038269e-02
nan	1.657464335792459664e+00	9.700011065892240048e-01	1.033977522492030898e+00	5.596813881157467474e-01
nan	1.676969216631615911e+00	1.990107537056956089e+00	-5.772542786720810115e-01	-1.066817253493666101e-01
nan	-1.332199674623903540e+00	3.380299046069657809e+00	-7.007083657922026365e-01	-9.641901854682460860e-01
nan	-1.317347991296506704e+00	-2.442211234904139161e+00	-3.263766708494202917e-01	4.712544192776063068e-01
nan	1.163923335147520444e+00	-1.557035015989318705e+00	-7.920028823521269024e-01	-5.539569656279959009e-01
nan	-2.567047126451469374e+00	2.810695364490535031e+00	1.361026065507807470e+00	4.109913141979594786e-01
nan	1.955007244303956115e+00	-1.191790114165123260e+00	4.407786195341240609e-01	-1.085065028303377366e+00
nan	4.317899756504381958e-01	2.169552484418603822e+00	9.623081007989159330e-01	2.197038996345875628e+00
nan	2.424346427035458440e+00	6.561141926421476533e-01	1.467422637354595327e+00	7.536220534651707492e-01
nan	8.542326385645832021e-01	3.551636429509271942e+00	-1.266482992826477361e+00	1.094454821623570329e+00
nan	1.099803484913960849e+00	-1.055313424724914295e+00	-9.405800918231973506e-01	2.415860759684570758e-01
nan	-4.789331780840597741e-01	4.197649379562355954e-01	-1.367446824199098243e+00	-5.351842672417720381e-01
nan	-4.818894376567678384e-01	-1.289280831877672950e+00	-1.363981415360169924e+00	-4.002423998094972180e-01
nan	-1.500181578628154044e+00	-2.319222265017711671e+00	-9.605845720970374035e-01	-1.785623994797373992e+00
nan	-2.582429727085660875e+00	-2.813643062804336736e+00	-5.999075310458986676e-01	2.121101652458028120e-01
nan	-2.629360276113357209e-01	-2.721966973558614278e+00	-5.783847732219632443e-01	-2.416207995764936278e+00
nan	-3.959705573653415467e+00	-1.397172671575144021e+00	7.671114388665065120e-02	1.142124303203138735e+00
nan	3.138118479530974669e-01	-3.089186712923171818e+00	-7.369665422132071209e-01	1.704499117868818692e+00
nan	3.105464348296123056e-01	7.316852110789190400e-01	7.438799192788629888e-01	-4.225354410505970798e-02
nan	-1.960215667500395109e-01	-5.340004128901010283e-01	1.858450189047474721e+00	7.236139325048256410e-01
nan	-3.300236048142990430e-01	2.918741634529291584e-01	1.633950172990110417e-01	8.929783822842233265e-01
nan	3.007299336395746092e+00	-4.508933754078733869e-01	-7.902372649849881414e-01	-2.541084158659212000e-01
nan	-9.238948934091788523e-01	7.663981601383444975e-01	8.778248243955712182e-02	6.454218696997953142e-01
nan	1.073075827874817589e-01	-1.670295211869794683e+00	-1.126451249217198969e+00	2.047318641451452148e-01
nan	4.812809857946405145e-01	-1.996758778555213887e+00	2.935846438974626382e-01	4.930503159688133241e-01
nan	5.452110176964944932e-01	1.562900806565107548e+00	-3.639977651397570679e-01	-6.007674307228092481e-01
nan	-3.263578636851172110e-01	1.685576479059173405e+00	1.759337349245793991e+00	4.572211547557806233e-01
nan	3.037270746465958737e-01	2.680297734106599217e-01	-1.240766596258012333e+00	-3.845801873220661138e-01
nan	1.019503995978841004e-01	6.810510866483960868e-01	-5.781408951799585916e-01	-7.853829476063405035e-02
nan	-4.117825947326473335e-01	-1.126956122010535077e-01	-5.093812340791332716e-01	6.469516019071264168e-01
nan	-8.159338621026583915e-01	1.315089576585672937e+00	8.307811173091397272e-01	-1.087080982627542936e+00
nan	-2.060948757918974028e+00	1.744609768331354394e-01	-7.266746925992597639e-01	-6.882009099981948319e-01
nan	3.175697352335286050e-01	-9.745357127400418040e-01	-6.387072637864820157e-01	3.956332666243306817e-01
nan	1.079909569341095388e+00	-1.283174235713158140e+00	-9.393791276423600900e-01	-1.941464376230327693e-01
nan	7.480697330623983232e-01	1.492354348245220619e+00	4.064683983953700230e-01	1.714785454234937889e+00
nan	7.935990687057993265e-01	1.799180747155015858e-01	-3.890799454624156439e-01	1.205534409364602544e+00
nan	1.193208522956074269e+00	8.929826590673534126e-01	-1.129026614093604081e-01	1.340358373640965661e+00
nan	1.032619342485367575e+00	7.848908699405137135e-01	-2.043782864023036883e+00	2.339645124680749810e-01
nan	1.427139339820230335e+00	1.119282549850872055e+00	-2.775285096591843456e-02	2.239608409206792494e+00
nan	2.861475996367306873e+00	9.984444321497745189e-01	2.002185112257912181e+00	2.215720120782570524e-01
nan	5.985609822467163887e-01	1.605881638515075593e+00	5.289961965959371071e-01	-1.249441781689153430e+00
nan	1.427616237127687260e+00	1.387772369050255250e+00	-8.541037283941734781e-01	1.710834252264421318e+00
nan	1.701182714189680256e+00	7.958683160609231200e-01	-8.469762469037386277e-01	1.927179708170226879e+00
nan	2.717905703736241296e+00	6.902103993628101453e-01	2.590746170595618292e+00	-1.705743771439810264e+00
nan	-2.529389159359034522e+00	2.962180600745593750e+00	7.259397764115869955e-02	-5.131177334118383060e-01
nan	1.010620720575985398e-01	-2.206825552710488303e+00	1.622600861073629774e+00	-7.715642033248660825e-01
nan	-7.683047895948811323e-01	-8.198424781949754658e-01	2.396389683652271063e-01	1.556259461469772676e+00
nan	-3.104256666531726161e-01	-3.050689237552709265e+00	-2.203374490854437817e-01	1.342489114085626545e-02
nan	-1.966230397985432310e-01	-7.098570965845081293e-01	7.207788723857394553e-01	-6.616913552999679204e-01
nan	-6.329826283369985873e-01	-9.938091270208782024e-01	9.671145162233690806e-02	7.845628791073501196e-01
nan	2.840429385334327650e-01	1.293118276928203914e+00	-1.046175895554224855e+00	-1.528097880398834700e-02
nan	1.185882936199381676e+00	2.518784057706683122e+00	-1.291307256753817967e+00	-3.751675287567372563e-01
nan	-8.312479513770890671e-01	9.018060376733572081e-01	1.126800845566182790e-01	-1.098308914341958209e+00
nan	-3.797196457730644958e-01	-1.115093734593588071e+00	1.052617382686185987e+00	9.149312291751356963e-01
nan	2.062956627225653872e+00	7.103643106753315672e-02	-6.153204525280122628e-01	1.142059610135782721e+00
nan	2.426525273546138894e+00	1.594468383303346393e+00	-1.986147313912056400e-01	-5.582545045341293921e-01
nan	7.476509735645142651e-02	3.058866934348927202e+00	2.030979073785205702e-01	1.723368729949987133e+00
nan	1.494018222988208633e+00	-7.291012618090629838e-01	-4.494249636082947585e-01	1.330861254743815447e+00
nan	9.529634139306820684e-01	4.503982171701503834e-01	-8.074289159621235168e-01	2.096628553384249638e-01
nan	-1.355491649518310859e-01	1.483426947043484212e+00	-8.062086654494365900e-01	-2.530860543768104765e-01
nan	7.619068724009542271e-02	-9.989575399393146871e-02	3.176995332528373517e+00	2.465982056382944432e+00
nan	3.565881441158491150e+00	-7.342113676378969611e-01	-2.884664707759830304e-01	-3.805826475059901903e-01
nan	6.183059907409951261e-01	3.117793230448767439e+00	6.140027540156495905e-02	2.789931231505532461e-01
nan	-5.148927258445393784e-01	2.500914705658732196e+00	8.615208158386634674e-01	-1.429908371074368967e+00
nan	-1.568661310822387689e+00	2.499804406062940965e-01	-1.025678752344016065e+00	1.483218289183420247e+00
nan	1.460498643994139423e+00	-1.843491034768660830e+00	-4.308137012380087311e-02	-4.083208390873184768e-01
nan	-1.225306079128773540e+00	1.851305128651305809e+00	-1.240353894172191884e+00	-1.107600102406706810e+00
nan	2.617681514926606390e-01	-1.489490573162102205e-01	-1.849776957283211232e+00	1.808636187581541765e+00
nan	5.021346494958813800e-01	-6.557255106392301247e-02	-1.052499344363929890e+00	-6.213214313822981172e-01
nan	-2.251930345205815254e+00	-1.442205679608422830e+00	3.114069003655557943e-01	1.103540793853581947e+00
nan	1.964385157888495881e+00	-2.567689975953743708e+00	1.854579136045118926e+00	1.053543566955942756e+00
nan	1.598116241986539121e-01	1.269179367385745660e+00	1.557211681724835275e-02	6.106373904657087792e-02
nan	2.295602298581853606e-01	1.823196886778492842e-01	-9.476970204810823972e-01	-1.503956742439480410e+00
nan	1.314711415558036389e-01	2.687963052964288391e-01	-1.769103015770032261e+00	1.421889069215616919e-01
nan	-4.427434798602019050e-01	-7.249973415487075412e-01	-6.108355425092282243e-01	6.597909570107034494e-01
nan	4.463898066615545890e-02	4.455134659910633399e-01	7.199678942721581265e-01	7.499980843353427629e-01
nan	2.879370714430007805e+00	1.185105222701932970e+00	-5.028824053537255256e-01	-2.227660237329193826e+00
nan	-1.913030751817591302e+00	2.919954588151974839e+00	-3.901443316675968775e-01	-7.274326317186548263e-02
nan	-1.465496052524628556e+00	-1.869335657693992125e+00	-1.350525867257003909e-01	1.684260307287507086e+00
nan	2.361961582201417276e+00	-1.881307991602957141e+00	-7.877644301164981044e-01	-4.339000251761868099e-01
nan	-1.996116367616095066e-01	1.254756292196375522e+00	-1.846501810167598956e-01	-5.829662818052138151e-01
nan	-6.548548898077476421e-01	-8.438486746225427604e-01	8.124811968377880778e-01	-1.585919838410372873e-01
nan	-1.239993078721281394e+00	1.537362906102450744e+00	-1.206291026478536699e+00	-1.030987585986798516e+00
nan	-2.748050841100176944e-01	-9.945274152018352964e-01	-3.159304028893297756e-01	-5.048773938874361739e-02
nan	7.235451473505098985e-01	7.585100768338991495e-01	1.761392890837120140e+00	-8.629273247010152970e-01
nan	-1.087463160666765960e+00	2.134209886915424015e+00	4.736792946986461139e-01	5.042226409342047688e-01
nan	7.365685409746793866e-01	-3.271630681100058391e-01	8.101547690318704475e-01	-1.324372357687399471e-01
nan	9.096693403257687383e-01	2.491606438566685844e-01	-8.380251151588650194e-01	2.510401213438502865e-01
nan	3.527107823179757018e-01	1.376775674325468213e+00	-9.752736211358647989e-01	-1.532414328805250747e+00
nan	-2.879289611560784667e+00	1.500122211272524098e+00	2.410621324245185160e-01	5.716263039848950012e-01
nan	2.665306711812209794e-01	-3.352239756599414644e+00	-1.362384162660487785e+00	1.594525095296774608e-01
nan	1.763943504508836524e+00	1.173442084257965812e+00	-1.176926189585941973e+00	1.712275922195849009e+00
nan	1.865045078065479922e+00	1.371509325339308472e+00	3.712980627849959414e-01	-1.244500379250016220e+00
nan	-1.498427297874905584e+00	2.182441505121449854e+00	-8.352285990026581119e-01	-1.012049478099697808e+00
nan	-3.021991924839920074e+00	-7.793358035629287528e-01	-1.935136706254263483e-01	-5.687429824606836659e-01
nan	-2.217967656222684880e+00	-3.464346903368224151e+00	1.853464567034975030e-01	-1.864400597930530035e+00
nan	-2.780748206802902800e+00	-3.199143940988861345e+00	1.628220017105511674e+00	4.987443768839412428e-01
nan	6.869046885923003609e-01	-3.089147808109871551e+00	-2.039750604534940059e+00	-8.859840782889745192e-01
nan	-1.648571486702704814e+00	-7.142308162202604116e-02	-2.269959373854494311e-01	-9.082973529256890277e-01
nan	-2.018591599068225051e+00	-1.238933072221948262e+00	-2.292492202847228988e+00	-1.000538086913753011e+00
nan	-4.239097683145379714e-01	-2.138792887218180283e+00	-5.089483333251729746e-01	-1.228166876229543458e+00
nan	-4.204586501227773887e-01	-9.033799645599895900e-01	-2.902372840613468563e-01	4.285160242418673548e-01
nan	8.906130277069941314e-01	1.239841574685973224e+00	-1.194659864481474321e-01	7.321561715989706176e-01
nan	-1.064373667739758389e+00	6.885576825904129450e-01	4.175089222194846017e-01	-2.647423957564101205e-01
nan	-1.779428406951376385e+00	-1.971783271420329831e+00	-1.104429490630013833e+00	-1.969156114402451085e-01
nan	4.871272856051930833e-01	-2.950880683241507985e-01	-3.295627437652358660e-01	-6.684598294927018847e-01
nan	-9.247895691465426449e-01	3.032888714189295065e+00	1.069584168313949091e+00	-2.054076341519311732e+00
nan	-2.512949867034704354e+00	-7.325772948169146925e-01	4.863612744571564339e-01	1.200059612905132411e+00
nan	5.699037992574540468e-01	-3.062468587435058343e+00	3.912011697682308414e-02	3.041801207220556358e-01
nan	-2.489786092949565766e-01	2.474814961087492104e+00	-1.319377788906180571e-01	1.973259800978223455e-01
nan	6.029590745105370408e-02	-2.018032806533549550e-01	-8.021166302115787516e-01	1.389421084280448415e+00
nan	2.036473613207276934e+00	2.535509196316348968e-01	6.078806527284934536e-01	-8.067905128804121473e-01
nan	-6.026024766665998289e-01	3.666071991441251843e+00	1.962605561787360287e-01	-4.751775339295301603e-01
nan	1.721620702201322350e+00	-1.215573689425164972e+00	-9.332120713718694560e-02	5.080685647374919567e-01
