nan	7.182462384719779935e-01	-7.757138369515423904e-01	2.889298220334866538e-02	7.059355907235135286e-01
nan	4.358429370977327522e-01	5.516335427187275542e-01	7.622962201709497787e-01	-1.612878308172772668e+00
nan	-3.190011423134899715e+00	6.432660972307854275e-01	1.709439647235691639e+00	5.855885876795245970e-01
nan	6.881577445153304051e-01	-3.765198016372142131e+00	2.072535999907938464e-01	3.960884476048665559e-01
nan	1.983912547734954179e+00	4.689085426629557851e-01	-3.083303052377435738e-01	9.960282595243891146e-02
nan	-3.742563025779156449e-01	2.677459785307440665e+00	-1.652626524825391574e-01	1.029801944318910145e+00
nan	1.105256310359148619e+00	6.424712141275618071e-01	3.561678391986319303e-01	-7.379233444081737536e-01
nan	-1.105180787960851951e+00	1.686282257242687432e+00	-9.992324458109072549e-02	-2.472317813723501623e-01
nan	-4.728398999548673043e-01	1.006651390388440426e+00	8.048313657444546854e-01	1.001968860597934441e+00
nan	1.670198576303891791e-01	-7.037822697552549300e-01	-1.629070730550592483e+00	5.627175512406971114e-01
nan	6.182719997007068979e-01	-7.104431006642066837e-01	-1.861060113147616490e-01	-3.999876254092999961e-01
nan	-2.134064186034944299e+00	5.501006471796808794e-01	3.029771397639079433e-01	8.411490668701937512e-02
nan	-8.099554174167310494e-01	-1.758369790531485011e+00	-4.317641592978813669e+00	-1.322439030598351550e+00
nan	-6.684603640559030335e-01	-3.968079247044157820e-01	-1.155658953158143154e+00	-6.322376046801800875e-01
nan	-4.105403909900772752e-01	-2.990553938027052938e-01	4.912607381791610495e-01	7.580725523412078504e-01
nan	1.463331313465032757e+00	-4.732152069087984247e-01	9.027137213921444525e-01	2.147435920557694833e-01
nan	-4.617293839430701152e-01	5.755960501040646715e-01	-1.162419674470399844e+00	1.847453128513901088e+00
nan	9.736042073353204929e-01	-1.291904281101520668e+00	-2.699617995370636181e-01	-5.358639566765668188e-02
nan	-5.814750946919777785e-01	-5.243222097093985790e-01	-7.815991807030627792e-01	1.450530968408638932e+00
nan	2.442797960368165100e+00	7.462804396328761580e-01	-4.352513778894278040e-01	-8.190877120976708392e-01
nan	-3.113199571563436407e-01	3.841455729522585294e+00	-4.866887442695789767e-01	1.155572654031029600e+00
nan	8.148267993538040876e-01	6.960893041585963781e-02	-3.497404670797813475e-01	1.017363910672503424e+00
nan	-1.799717550108761444e-01	-3.863397128154224536e-01	-3.407721912404839681e-01	5.211617744401123575e-01
nan	5.754768718468916688e-04	8.067095719588986968e-01	-5.176648751847418017e-01	6.617300349937713655e-01
nan	1.079249612121718105e+00	4.027852175232576326e-01	1.009053837428193212e+00	1.215063157377963110e+00
nan	-7.644430194423335045e-01	1.962840961449513255e+00	8.512139147317407950e-01	-1.253438610457019209e+00
nan	-1.306961311654410096e+00	-1.594387417157316911e-02	1.135705287358075521e+00	-5.145790274524507657e-01
nan	5.583273950462038782e-01	-1.485475375126353859e+00	1.135924665139730338e+00	-8.319048522342580299e-01
nan	7.131887670408429969e-01	-1.290156352238902127e+00	4.237165560720264068e-01	-1.352133579512317274e+00
nan	-1.590089686911930089e+00	-3.358445189971093203e-01	-3.938157707611365521e-01	-8.295577129709610364e-01
nan	-1.092186522598098231e+00	-2.673115362789651339e+00	1.191677273233365364e+00	-1.709166233213083308e-01
nan	-1.758438225901486129e+00	-2.241563504809725993e-01	1.742864049699199169e+00	-1.993612475807943207e+00
nan	-5.179353556270229753e-01	-2.147346345542844315e+00	6.223292432620546322e-01	1.598248175891546330e+00
nan	1.857826370999810406e+00	-1.539454593251282644e+00	-1.600960246236059481e+00	9.336217018345024932e-02
nan	7.173958955687483874e-01	3.314991628318253447e-02	-1.162955253944111034e+00	4.024911025896879546e-01
nan	7.106274850690614819e-01	1.669741460334473793e+00	-1.572615242903475874e+00	-1.121320481096379940e+00
nan	-2.176436816925230833e+00	4.169681643341626165e-01	9.880757110385552933e-01	-6.735448872932359166e-01
nan	-2.786639403475491550e-01	-3.547196060329712353e+00	-4.858398645325697207e-01	1.137103342443064768e+00
nan	-5.447293400303596655e-01	-1.159392185536636255e+00	-4.865800317397381836e-01	3.937168300216973282e-01
nan	-1.039310144409789638e-01	8.142866575425282694e-01	8.244644650841793654e-01	-8.718405753831071081e-02
nan	-1.153263016492460380e-02	1.986396583327031617e+00	-6.235887672782543939e-02	1.060066037690330809e+00
nan	1.826206894137055947e+00	8.874861220141753992e-02	-1.333889530221495923e+00	5.723055087685352538e-01
nan	1.044612494583588180e+00	2.770562974782281529e+00	4.467988144610050560e-01	2.215051270542922335e-01
nan	-1.473388682073689449e+00	-6.678732745290731909e-01	-5.871073393567608489e-01	-9.686467850255294776e-01
nan	-1.108319894002949058e+00	-1.302710928676934055e+00	3.464451654809206499e-02	-1.994405235328593706e+00
nan	-8.516636248898963313e-01	-9.796040759660409325e-01	-4.150855310438607004e-01	9.917385464763260883e-01
nan	2.326667891921986087e+00	-5.293972621182432281e-01	-8.433062929821446563e-01	1.893582086358478744e-01
nan	-6.624223192150371364e-01	2.449139589028647368e+00	1.150951454200885626e+00	4.678008476938312343e-01
nan	-1.635696540585065417e-01	-5.006649768428013125e-01	-2.598882263439151186e-01	-6.425448563804729840e-01
nan	-1.568738808797276896e+00	-8.582575423638401091e-01	5.299584961768469965e-02	2.300541129030234944e-01
nan	8.966950009440367575e-01	4.980607630532780661e-01	8.986665395317260385e-01	7.129322745455490828e-01
nan	1.499177982167350986e+00	9.236387363237419379e-02	-2.059036618269146857e+00	9.097698750558420588e-01
nan	-4.423244462445616865e-01	-8.676156820969072037e-02	2.685549331527218087e+00	1.543203805322134858e+00
nan	1.891242774290747386e+00	-2.092181759836874377e+00	1.681481387453558130e+00	9.705397378511539941e-01
nan	8.442427834391762476e-01	-1.203871664114408713e-01	-4.512053813341013880e-02	7.427023192429502707e-01
nan	6.918866511720567214e-02	1.167322645781228241e+00	6.751050537370391069e-01	-1.065290984454409923e-01
nan	1.960063323813248326e+00	-1.044392115159472390e+00	-2.766136380068289768e-01	-9.609174048240602672e-02
nan	-3.062207633393563277e-01	9.408849369726950407e-01	6.960800226363748067e-01	9.796175096920474168e-01
nan	2.099066034904385702e+00	-3.754627230109102154e-01	5.404169231001311191e-01	2.500171821197737732e+00
nan	1.502846347645751868e+00	3.773948904550602723e+00	-1.478309113512952799e-01	8.277758355114946953e-01
nan	-2.075804835893685141e+00	3.454200749817219140e+00	7.908111558145012321e-01	-2.828865786988920550e-01
nan	1.052622976155888290e+00	-2.770624127441592144e+00	1.331697260380461989e+00	2.868726429016137391e-01
nan	-7.920461677631465136e-01	2.306582940133660387e+00	-3.855990168692876030e-01	-6.075309617439317300e-01
nan	-6.430291498355741320e-01	-1.198379296069129740e+00	1.082106351015707846e+00	-1.697139979605040594e+00
nan	-1.559120331366444123e+00	-1.209678126831603473e+00	5.000840394523944354e-01	1.355345890473352577e-01
nan	-2.384745745613372769e-01	-3.080131040649784602e+00	-2.983491963898434185e-01	-1.326974212070488324e-01
nan	-1.023567924745536040e+00	1.092036675933254264e+00	-7.632716234826872337e-02	5.663705575095797640e-01
nan	1.185016500034852260e+00	-3.340577798781239505e+00	2.539354998372556627e-01	-9.281425292293842277e-01
nan	8.839314819280285063e-01	1.090175342708074480e+00	-1.553629429932671113e-01	-6.885580996478752880e-01
nan	6.690277804243083271e-02	1.677245764344247991e+00	-6.695172218206373316e-01	-4.465317879062206674e-01
nan	1.280531925689182837e-01	-8.922359487611142281e-01	-1.662215948773957119e-01	-4.668475502784826259e-01
nan	-2.132733979293289117e+00	1.248777397287084145e-01	6.420042434518085095e-01	-1.515344929402686891e-01
nan	3.624130084644860972e-01	-1.927578795482223883e+00	-3.522256000096066902e-02	-1.562650789104149951e-01
nan	-1.053006891549351121e+00	-1.053454607045690272e+00	5.592754591185018498e-01	1.111648706762991878e+00
nan	-5.469353353741210899e-01	-3.334919624749294043e-01	1.064781269986214696e+00	-3.345342183515935819e-01
nan	-3.569508749971339601e-02	-1.957554319046673319e+00	-4.275981790279110295e-01	-5.394624084614643156e-01
nan	7.929100270207691814e-01	1.216721416586787452e+00	3.463160564099741767e-02	-9.174668549879004820e-01
nan	-2.115013836445210904e-01	9.600210956313482979e-01	-1.932948396377662595e-02	3.811906259260685603e-01
nan	5.320376489889261373e-01	-7.400588522362696597e-01	-6.467918368912374261e-01	-1.727115250316378470e+00
nan	-3.198776683745642835e+00	-1.628498436010962003e+00	-3.596096982782396312e-01	8.295597021076438482e-01
nan	1.269322737416293201e+00	-2.373607627709346524e+00	-1.588318843695178950e+00	-7.343350940843359487e-01
nan	-2.356512565598292142e+00	2.980361311734249785e+00	-7.385769525497336563e-01	-1.501532762561477441e-01
nan	3.716471609781321628e-02	-2.613790237345292589e+00	-9.588066626484753607e-02	-2.769252657435886444e+00
nan	-2.081840015687549617e+00	5.513602674148422311e-01	-7.204394106129770325e-02	1.268135707700822068e-01
nan	1.113183976211300497e+00	-2.385819430830231180e+00	4.205065218610870015e-01	6.028496640456856154e-02
nan	-5.981560840259307898e-01	9.001860400091027392e-01	7.136493548765383554e-01	-1.150598717633491003e-01
nan	7.851914347676034467e-01	5.114452613327402641e-02	-1.048901971177555043e-01	7.554668082960299680e-01
nan	1.418339703872488311e+00	2.265576872705924671e+00	1.634269415275382720e+00	3.891843250952533584e-01
nan	-1.543244001804159549e+00	1.370402986142709612e+00	1.834890873803210809e+00	-7.019754013803619630e-01
nan	6.552010009775480759e-01	-1.536546450362365590e+00	5.518456308454344067e-02	5.052950038834698177e-01
nan	5.327319180395538867e-01	-7.836503419656762892e-01	1.381557465971354759e+00	-6.570968574000684015e-01
nan	-1.512575630172158236e+00	-2.373636306190824996e-01	8.155720986044764920e-02	-1.412542443791202917e-01
nan	-8.909002392646347968e-02	-1.749101791650536031e+00	-6.376701562559172753e-01	5.054937986018084167e-02
nan	-1.509246310459001705e+00	-5.727145190825840004e-02	-1.717458060053999924e+00	-4.505573505876234869e-02
nan	-1.514402538163830858e+00	-1.499790594025514956e+00	1.426787212433099805e+00	-1.209975204960281464e-01
nan	7.891682563148251506e-02	-2.893417852626002151e+00	4.735148568271849712e-01	-4.908988545278992199e-01
nan	-3.330033132395348039e-01	1.201261051875946118e+00	-8.850876212668030707e-01	1.344948366674692419e+00
nan	2.101963090681406854e+00	1.170230648664664752e+00	-7.573133616526140921e-01	8.212889439129396063e-01
nan	3.056377569828722107e-01	1.842486022359120179e+00	1.297820746106368217e+00	3.158392914033263804e-02
nan	-5.043576191029348621e-01	1.930767740801556442e+00	-2.257205623181461451e+00	-4.389175015846208394e-01
nan	2.533108968825044105e-01	4.782704023238201207e-01	-1.430301868993948955e-01	2.395330476852920221e+00
nan	1.810724965912636986e+00	-5.650537848704327848e-01	-1.666313040848673710e-01	-8.404335129147579020e-02
nan	1.782047022383952961e-01	2.961060550275246506e+00	1.241252986280664050e+00	-1.962734568460439366e+00
nan	-1.027260618434220341e+00	-1.965980471528254725e-01	-4.762801025799903165e-01	-1.127970242621642916e+00
nan	-4.653975127052429883e-01	-3.772916369931266223e-01	1.295552263919666602e+00	1.036571231162391582e+00
nan	1.730106321423027005e+00	-1.394154022120909664e+00	4.336035736103398541e-01	1.517715846984075412e-01
nan	1.093648603712328304e+00	1.456572458318371233e+00	-4.698491477846669651e-01	1.271833701721934551e+00
nan	1.457776735961910708e+00	4.117440705722892336e-01	-2.655329053418422625e-01	-4.426206808528277969e-01
nan	-4.057162457143304035e-01	1.926513739717644613e+00	-2.837202862667159708e-01	9.474386367082834326e-01
nan	4.106918656705977888e-01	-5.985239079011581698e-01	3.521857779185637582e-01	-1.037397382714436711e+00
nan	-8.863656074225180204e-01	3.084718480708207866e-01	7.424348253723322966e-01	-9.993894725856193872e-01
nan	4.968503250242604086e-01	2.819294830271867891e-02	-2.137798768836608188e-01	-1.180191444626396136e+00
nan	-5.285980987183451774e-01	-1.299366786638389559e-01	4.361192924799914827e-01	9.098491185790833491e-01
nan	1.561584618108646350e+00	2.250363354521071280e+00	3.662868450156813172e-01	-7.004901180711103903e-01
nan	-3.267168515433382936e-01	2.880711302815487596e+00	1.097525360883677914e+00	1.603860557591293423e+00
nan	2.176611023595138583e+00	-2.027720852607998836e+00	5.313824940269881170e-01	-1.203420958674506602e+00
nan	-2.017428482422272573e+00	2.608366500104160490e+00	1.326303890243296868e+00	2.419854996260029090e-01
nan	3.695334999607760018e-01	-3.135720013317174093e+00	-5.539096621597483505e-01	5.195361777952248739e-01
nan	2.075954449791433287e+00	7.888506075637310433e-01	1.460437889814087398e-01	7.638648753408779912e-01
nan	1.570514937094667385e+00	1.787418478940137945e+00	-6.776053793788070490e-01	6.584887671882325710e-01
nan	6.906881260199354555e-01	1.972319993016759421e+00	-1.945420002551133676e-01	9.314519169948283217e-01
nan	2.713276588969198988e-01	-5.788960481173871520e-01	1.685501215156283372e+00	1.539367170791193118e+00
nan	1.256792910160747789e+00	-7.243604925797773042e-01	1.845015766457687167e+00	-5.868351337246758836e-01
nan	-2.330906560820038553e+00	1.907390451595785574e+00	4.990661435959817260e-02	7.619431873444689751e-01
nan	4.212667234922676807e-01	-3.062442531398565482e+00	-6.638987224964203356e-03	1.267129207740220476e-01
nan	1.327567323497180318e+00	1.757474844856428131e+00	-5.452014382343680632e-01	-2.650903849557771294e-02
nan	2.128323611410377625e-01	8.309069795016369442e-01	1.507541377334879362e+00	-7.421839343076448436e-01
nan	-2.816047686752981782e+00	6.593596033389568234e-01	1.104754278661990163e+00	4.487602783847383092e-01
nan	2.927142689060401093e+00	-2.973817539212313399e+00	-8.517254645415898162e-01	-1.988615600626204349e+00
nan	-1.153695948870308019e-01	5.064986570557652001e+00	-2.089533963460996624e+00	-3.537143564447460253e-01
nan	5.837268799597332691e-01	-6.717998126840489803e-01	1.331383138559553370e+00	-1.377490524904893543e-01
nan	-6.039428253802299196e-01	1.069941632306769197e+00	2.039805876193363510e+00	1.665063426929840107e+00
nan	4.549146136693349440e-02	-3.050270239207654166e-01	-1.164378392493827130e+00	-1.949216170711128848e+00
nan	-2.441144698395941948e+00	-3.435575597383266899e-01	-1.191336885980091020e+00	7.513512748834310084e-01
nan	1.446432352809204236e+00	-4.221311659363636615e+00	-1.499028390382378673e+00	-1.121372635589549027e+00
nan	2.558189761473075308e-01	7.458252272252069437e-01	-1.106692217385094601e+00	5.190877675591852869e-01
nan	9.841282759004370551e-01	-5.027269937393004096e-01	-6.618355974115979201e-01	-1.313080184000786285e-02
nan	-1.061249122621314323e+00	-1.886464186295899736e-02	9.164718297720417794e-01	2.632059215554435561e+00
nan	1.675203151780829458e+00	-1.093008990375281764e+00	3.238786217017696201e-01	1.207508985859385264e+00
nan	3.578030763027522099e+00	2.269544275198957628e+00	1.300255498897326500e+00	1.117929057217594835e+00
nan	2.513568384878845041e+00	2.578828527337668319e+00	1.147668465574434471e+00	1.707890325776398877e+00
nan	1.170449355468504038e+00	3.032580368090011191e+00	-8.914863336795514348e-01	1.178015331558814882e+00
nan	6.414111943715585795e-01	-5.624271304884378431e-01	1.981597457076321289e+00	-9.095109512000333629e-02
nan	4.215964510976320800e-02	2.346219633671827953e+00	-2.311016197459101959e-02	-1.951888922806505611e-01
nan	3.973108453943050011e-01	2.365871621116037993e-01	-3.286951939502993220e-02	-1.067594581203821225e+00
nan	-2.268303366328550119e+00	-3.486287091153805195e-01	-5.793364521303808745e-01	1.856347445076828695e+00
nan	3.228380118597886650e-01	-2.794708105079513505e+00	6.566642042989736527e-01	9.928616765316122805e-01
nan	1.177790301689342733e+00	2.164868901687810876e+00	5.082164827136529395e-01	1.206655000417346857e+00
nan	-7.502699214267538608e-02	1.239186160619554444e+00	8.823942999107714513e-01	-7.175056792714289144e-02
nan	-7.194734573594179228e-01	1.072661564055874539e+00	7.114357903913818282e-01	-5.019915781400787619e-02
nan	-2.103182324826716187e-01	-2.414791600994524501e+00	-1.543984854332223877e+00	-5.159244409439937007e-01
nan	9.663116423144763045e-01	1.315137863820003972e-01	6.544237416245963779e-01	8.976174840983667247e-01
nan	1.373982586688715424e+00	1.043403867361232251e+00	1.153455872724910458e+00	9.634674948705691522e-01
nan	1.587683835239083185e+00	9.652498322590474800e-02	2.411371235430332521e-02	-1.808178137659871842e-01
nan	-1.519412983757943314e+00	9.793101146105310795e-01	-6.479189117266090925e-01	1.460000391374977058e+00
nan	4.492775164520057540e-01	-4.614420741490394828e-01	-1.499840093123845086e-01	6.017226103274780913e-01
nan	4.263096311315752174e-01	1.054120006224526174e+00	6.943273609704686544e-01	-3.846925497285685891e-02
nan	1.783929617315283822e-01	-6.622387967175419332e-02	2.175183901117880403e+00	9.556048981372131657e-01
nan	1.046085286523253055e+00	7.295653876747677513e-01	-4.714860710171478453e-01	1.701965975696333733e-01
nan	5.275373303391901469e-01	8.539394926063557101e-01	-1.942971538716710356e+00	-4.474932893873220241e-01
nan	-1.433361306965828863e+00	-1.591826400678965969e+00	-6.997187770651666638e-02	-1.641846226135144526e+00
nan	-3.631893263390126858e-01	-9.650386248500841813e-01	8.178856993045163781e-01	-2.459609668250609893e+00
nan	-2.049790630996580099e+00	1.477203987010957675e-01	-1.160401668964687327e-01	3.095537759965679703e-01
nan	-1.105893077334696994e-01	-2.146852171313033963e+00	2.090277329893987179e+00	-1.607286301613066959e+00
nan	2.390318861739433309e-01	-3.524288505922100190e-01	7.235607601999879401e-01	1.442028996938407581e-01
nan	-1.627442583616057092e+00	8.682660431344279006e-01	-7.699120508727742840e-02	-2.348501181074238442e+00
nan	-2.277168678582719430e+00	-6.086262058788214357e-01	-1.716715139246280275e+00	-5.058748652290961934e-01
nan	-1.073673336042599402e+00	-1.448003494283989667e+00	7.521814270328733842e-01	-3.640551743628575032e-01
nan	9.724516109510388251e-01	-3.047112857432084709e+00	-1.517032916906136064e+00	-2.444707826820067542e-01
nan	-4.433472229169325152e-01	2.792474880643497137e+00	2.707596677785237271e-01	-5.972234822420220413e-01
nan	-2.943871531346463399e+00	-7.249933116799058830e-01	1.991315513273264504e+00	-1.135040150970107187e-01
nan	-7.959040516580655478e-01	-3.558613120256496565e+00	1.052821058812963617e+00	6.869680069515488041e-02
nan	-1.634510681633478901e+00	-4.428842922464536480e-01	2.097931033569711001e-01	-1.367507737811022306e+00
nan	-2.664583322019798750e+00	1.882115030513096254e-01	-3.524114285479822972e-01	-1.101087673456126792e+00
nan	-1.782540304365740180e+00	-2.531283223960699491e+00	-5.677225877806231225e-01	3.266742692887115718e-01
nan	-7.366814156663982205e-01	-3.624588279234714605e+00	-2.677380121314594519e-02	-4.743243718881732796e-01
nan	-1.493461554989994333e+00	-1.633255067361715218e+00	-1.666347054449039966e+00	2.998424736894496623e-01
nan	-9.841416799326303533e-01	-4.712305303373587329e-01	-3.477185216046987937e-01	1.556056045395282639e-01
nan	3.155404730099248267e-01	-1.328035691806271679e+00	6.917996790170874988e-01	-4.388889600384822121e-01
nan	-2.930172483156068264e-01	8.086363237395042258e-01	-4.738275684018257716e-01	5.519679316408986347e-01
nan	-4.089859831437206994e-01	-3.082929403877668229e+00	-1.392706949649860082e+00	1.461345371650542291e-01
nan	-3.657072445331191468e-02	1.732625279239619065e-03	3.040955276766068582e-01	-2.929903855653845923e+00
nan	-4.663885697326733748e+00	5.634308211741765327e-01	7.672416276114181199e-01	7.339488594366284924e-02
nan	-5.168234610979890453e-01	-5.130635391555759206e+00	1.255410770797608544e+00	-6.374037829071159678e-01
nan	-5.837471314411010193e-01	-7.795629253828845195e-01	2.524006214166634177e-01	2.750934244532384554e+00
nan	2.814930330469248787e+00	3.609786663522223105e-01	2.763222813077353401e-01	1.088799229026378823e+00
nan	2.560092972050808324e+00	3.531773350654327182e+00	6.920594977262183312e-01	-1.410165356714803586e+00
nan	-1.752750151369903975e+00	4.228727596132928923e+00	4.474513642454491791e-01	-3.791205552237371101e-01
nan	3.881112019771617572e-01	-1.768378686458205395e+00	-4.489142284781711956e-01	-5.701082254877981592e-01
nan	-1.344141984482412067e+00	-1.004044124423366657e+00	-1.083015992432788233e+00	5.598211179179534147e-01
nan	1.137497062311242146e+00	-3.258852018000120587e+00	-7.117392222549987491e-01	1.042071249373116154e-01
nan	6.945444427693848732e-01	1.827742676222918750e+00	-2.402512846337741259e-01	-1.245241549822233118e+00
nan	-1.803666264276001296e+00	1.781467555499008260e+00	6.082999953306476859e-02	1.192749742667013724e+00
nan	1.829730879818041611e+00	-1.575803171077799547e+00	-2.919118214210318640e-02	1.451223073361927574e+00
nan	6.652742510706307622e-01	2.627797541140590720e+00	-1.904237603772927834e+00	2.790495216861628158e-01
nan	-1.035866608749912210e+00	-1.040855964117599619e-01	-5.620563544024372860e-01	6.792008770485963298e-01
nan	-1.039756378804463921e-01	-5.871981820523195506e-01	1.362934657828416052e+00	1.691611213063898000e-01
nan	7.894703406147912661e-01	1.398994230345640633e+00	6.389370637855819046e-01	1.601423330665710243e-01
nan	-1.033004711733650938e+00	-2.407641896728974773e-01	6.903780515937024687e-01	1.648991185829426165e+00
nan	2.891815259438421215e+00	-1.696048155061357310e+00	-5.559691092052971850e-01	1.925587260446585569e+00
nan	2.998696316039112908e+00	2.835892875415677139e+00	6.904508365375991996e-01	-1.791633595614262331e-01
nan	-8.423993499077032654e-01	2.088483216998624048e+00	-1.419896095912827061e-01	-2.917641272826398402e-01
nan	-3.059271256276923090e-01	-6.786370858643062665e-01	8.356521721434444494e-01	-2.147079761402792553e+00
nan	-2.021272785862374022e+00	-2.214657492457620391e-01	6.283154520533842380e-01	4.785806782056812869e-01
nan	1.494142500975024657e+00	-2.961043875395745317e+00	-1.787907677762092140e+00	4.651227259115111035e-01
nan	6.259224728438276264e-01	1.219719636068067992e+00	2.076343282717218186e-01	-4.605112600874897710e-01
nan	1.389984130957496733e-01	3.213667804400951455e-01	-1.185302611393157735e+00	-1.732782921266326215e-01
nan	6.712079570516665816e-01	1.402659190809330436e+00	8.086554200547463322e-01	-2.508311183203232098e+00
nan	-3.672955595037942444e+00	9.189729958352611527e-01	-3.599888695712314957e-01	5.793000200924496301e-01
nan	3.463707991002198949e-01	-3.970604900769831858e+00	1.132245572046743254e+00	-1.951393062959472680e+00
nan	-1.371967480359883806e+00	8.168577661179274862e-01	2.983691735334736972e-01	-1.368152330359258262e-01
nan	-6.782289599556372561e-01	-1.384495182371682898e+00	5.075392877866887753e-01	-1.112209990849143848e+00
nan	-9.079887434863734841e-01	-7.517151907657684262e-01	5.695848892067280067e-01	1.838431206719309152e+00
nan	9.322044114418885918e-01	4.365990448632349752e-01	-4.038164578247361303e-01	-1.685973660369395111e+00
nan	-1.975254557071115524e-01	3.341807082825949404e-01	-8.695568744531134708e-01	-7.051836338952549577e-02
nan	3.573477582569683508e-01	-1.174067922617741733e+00	2.987400481475466774e-01	1.609266178005422265e+00
nan	1.089057936631505630e-01	-2.441981090285392786e-01	8.202944156425856503e-01	-8.738243144485523251e-02
nan	1.055794049672299728e+00	3.996924363754342791e-01	-1.337970565496146458e+00	7.328530531398916859e-01
nan	4.043716076424738182e-01	1.361791341611523709e+00	-3.094660403056468945e-01	-1.438022563442018953e+00
nan	6.548604724513640285e-01	-5.571989371273752267e-01	1.053159650237196487e+00	3.149532422211433480e-01
nan	7.064757114261408510e-01	3.559879745496356551e-01	8.985842969306576666e-01	8.737475792238058592e-01
nan	1.154892416822880463e+00	2.267601444243583675e+00	9.289130032220279665e-01	1.474609363544172824e+00
nan	3.745358275686536675e-01	1.531875162444696681e+00	1.051753473047877668e-01	5.279502752469038551e-01
nan	1.371548643858442773e+00	-1.187886415339755586e-01	-6.206634465202642836e-01	-4.500517477465423299e-01
nan	1.395992155915299904e+00	4.419043683974573922e-01	-9.353738803929296797e-01	9.011794330712425971e-01
nan	6.013981169482909284e-01	7.443869424137876667e-01	-4.816523571160134520e-01	1.427980057915179568e+00
nan	1.864103271950274587e+00	7.932807101729815180e-01	4.716814215328029025e-01	-9.478976213700320841e-01
nan	2.945019271499587088e-01	2.850811390315140859e+00	-6.936596667905241542e-01	6.776153022320670072e-01
nan	6.597298635176461756e-01	6.948878909358753297e-01	-1.206214399547802074e+00	-1.888773477342521545e+00
nan	-7.956711142768282397e-01	1.747862779402727273e+00	6.415815838452482156e-01	1.198554100437019487e+00
nan	5.798299602533528718e-01	-7.614430681322450489e-01	-9.260908485496219811e-01	2.337998978024808661e-01
nan	2.788219828701286040e-01	-5.026061812718282118e-01	-1.833892515554546021e+00	-6.549495035335834991e-01
nan	-1.457473385532408905e+00	1.404086869746711486e+00	-5.704102909006156796e-01	4.980500098750745841e-01
nan	-4.025187499347999132e-01	-9.542221124505426699e-01	-1.716360761480488217e-01	-1.592605414844974199e+00
nan	-2.620186334975016518e+00	-1.109825529608050587e+00	-2.066512963858848362e-01	-7.593888005513479422e-01
nan	-1.458717007847319946e+00	-1.635659590467542390e+00	-1.518776686176932955e+00	-9.085451380305606950e-01
nan	1.973415846498356441e-01	-2.485214768956153897e+00	-2.277842963338607141e-01	-4.930085179249342753e-01
nan	-9.674033734481225499e-01	-9.725521882767140802e-01	3.680571005238809090e-01	1.557870690701803840e+00
nan	3.571321809537337799e+00	-1.463078235220781842e+00	-1.700473689353920514e+00	2.009060841782976947e+00
nan	1.835239561571499589e+00	2.716479146946580325e+00	4.323105435629472360e-01	-5.155170453957692855e-02
nan	4.484515885892063070e-01	2.647818419316716021e+00	-1.122285941719625368e+00	2.963544936254308704e-01
nan	-2.670635034344772674e-01	1.468562715163108656e+00	-3.107230808507618902e-01	-2.086661841255453287e-01
nan	-4.231772139442596670e-01	7.237593008171452347e-01	1.184372555547834160e+00	2.066728288373335942e-01
nan	1.395687382409587007e+00	-1.686084215851851642e+00	8.827569231251061188e-01	2.385721855353765686e-01
nan	-8.340604090060017572e-01	1.875774500857493310e+00	1.027258831782313676e-02	-1.331327491999868551e-01
nan	1.108685572266751240e+00	-2.747810310150359037e+00	-8.875915791740101035e-01	-6.153580951986775682e-01
nan	7.582811291054125657e-02	-1.419948171386733460e-01	6.091511637160743620e-01	-1.984765859245021524e-01
nan	1.139643037892603405e-01	-1.644538572463504877e+00	-7.294294611574384524e-01	-1.787529849068935750e+00
nan	-3.205824050119000734e+00	-2.033600035204241596e+00	4.384040810540349997e-01	-8.809390172533485552e-01
nan	-2.184546667495309347e+00	-2.744166854164617586e+00	1.418207598815387216e-01	8.568935452938764019e-01
nan	1.827373011796651348e+00	-2.626295245241113463e+00	8.657700244412848412e-02	3.712947168540740028e-01
nan	2.823539730060624642e-01	1.102040845503458488e+00	-2.005444882963105246e-01	1.072291955327544510e-01
nan	-1.549214528584777484e-01	6.609253117652833520e-01	-8.617205180417886190e-01	-7.277054759024329522e-01
nan	-1.300948953992151935e+00	8.098541346816012787e-01	-3.784944905488763500e-01	1.733517664765868549e+00
nan	1.696020655073846362e+00	-4.546304852179848810e-01	-3.999304568959264894e-01	3.715620912972034673e-01
nan	6.499259037805600325e-01	1.212244404635370421e+00	1.607053910034949684e+00	-4.994597502642971615e-02
nan	4.735649418826951562e-01	-1.279083118771210392e-01	-4.651394493168287680e-01	4.750640505163529204e-01
nan	2.277828085920224677e+00	1.216221311860367305e+00	-1.968970953396179224e+00	1.219879711733873329e+00
nan	1.482724074321781771e-01	1.015108089423408799e+00	6.912033953707537037e-01	2.046666267573741482e+00
nan	1.757521151166624884e+00	2.086342924554850597e+00	-5.770804544744597697e-01	6.689914433281249906e-01
nan	8.358781532029035954e-02	7.779107610617835844e-01	-1.541241922310419676e+00	3.666335302780449057e-01
nan	8.617856181795369164e-01	-4.073850882135165441e-01	3.579581945975801038e-01	-4.941193504481400933e-01
nan	3.246096239857648724e-02	8.671794740512652755e-01	7.252441291366068521e-02	-1.517203674715641215e+00
nan	-4.147611942039441946e-01	7.231763573279516299e-02	-6.760143820148861726e-01	3.574685460348616534e-02
nan	5.506098990961939554e-01	-9.736174779162192205e-01	-5.144809041905293867e-01	4.276270336625876411e-01
nan	2.568765016479873653e-01	-5.680502974399720406e-01	4.895008144980805276e-01	-7.727740376635079400e-01
nan	-1.121511554600690852e+00	2.468910387584215105e+00	1.445027844927039389e-02	1.589417023650340877e+00
nan	2.133399726361048465e+00	1.912112855949398282e+00	-1.735174862341859914e+00	7.225906676464949330e-01
nan	1.121519218834151843e+00	4.554217505691305234e+00	-2.381830420704680762e+00	-2.976388784823558731e-01
nan	2.818357507039233489e+00	6.576178305582529582e-01	4.248650433913579993e-01	-2.688188330370472889e-01
nan	1.107751443877649233e-01	1.847807280487598236e+00	-3.234681938466572593e-01	2.091600614214123022e-01
nan	1.452933143903320623e+00	5.792642086190231271e-02	-1.591167330511943367e-01	4.477847298050111613e-01
nan	-6.075774536348058641e-01	5.376064375525476668e-01	1.744818469895175639e+00	-1.437033867875144866e+00
nan	-9.237203971618249687e-01	-1.474973775166180223e+00	7.873829172757772499e-01	-3.915344456586562771e-02
nan	1.023007480934305491e+00	-2.074376170541573750e+00	4.026847138640280432e-01	8.306384782892115570e-01
nan	2.205096364653996055e+00	1.613808904216974094e+00	-9.261522581420969513e-02	5.039814874814517731e-01
nan	1.779789947858895882e+00	1.711133010449022995e+00	6.721672514042112967e-01	-1.153911003773754107e+00
nan	-1.487937235347531750e-01	2.274634805920435987e+00	-9.591129855529376691e-01	-3.437880272964152772e-01
nan	-5.402475296016440165e-02	8.442939353379553813e-01	6.311944556747369761e-01	1.008706736569411788e+00
nan	-7.438322015047771352e-02	1.265972715833507678e-01	-1.699107216764510264e+00	-6.196997796450928186e-01
nan	-4.121688254945660157e-01	1.754861593192706293e+00	5.692558931735611921e-02	-1.151436404612287134e+00
nan	-1.098450491334144852e+00	-4.386564722141841344e-01	-1.248926060589456322e+00	-3.103171923207472260e-01
nan	-9.674883446186324232e-01	-2.225873090888958572e+00	-7.024197114854625612e-01	-5.617045732219202447e-01
nan	1.412011570605558930e+00	-2.122147616330626541e+00	-3.301185932213347995e-01	-6.040804443191855749e-02
nan	2.209638232028227289e+00	9.343940184737156152e-01	-1.114224852457957882e+00	1.417639758371922021e+00
nan	-7.639242298733783798e-02	9.133959731623266798e-01	-7.654404119594423461e-01	4.648854326648549362e-01
nan	1.920503780751998235e+00	1.720338232023052472e+00	-5.230737018276638839e-01	1.205824209761497956e+00
nan	1.114508834437193618e+00	2.723977146957575979e+00	-6.801311662472266928e-01	1.580476751237314348e+00
nan	1.868005882715022103e+00	1.365367364787002824e+00	3.041498214700988800e+00	-7.881184674995879436e-02
nan	-1.048457054973267744e-01	2.652373096460207691e+00	1.076995952644246524e+00	-7.073129404418930788e-01
nan	6.134699927455281587e-01	2.456964190505316614e-01	8.285275913183213214e-01	-5.680540682444672473e-01
nan	-6.112368063831600251e-01	2.034630308253243314e+00	-1.203533790931275327e+00	3.339221587552827497e-01
nan	3.514647921795296948e-01	-2.461755942231237615e+00	-7.147877286380630579e-01	4.915422221896526556e-01
nan	-7.443240555818579907e-01	-1.173225032863036921e+00	-6.183096242638846940e-01	2.436521886474649415e-02
nan	2.901533029205351499e-01	-5.164378249128760423e-01	-6.060078028512774218e-01	-5.834064389326431010e-01
nan	-1.582209191883632293e-01	1.005141874028286919e-01	6.833568965001409444e-03	8.981182463222958656e-01
nan	1.078404050083650256e+00	5.014122795098785446e-01	1.972722875130360043e+00	2.339846670031679454e-01
nan	-1.880209052119492519e-01	3.077450245675145801e+00	-7.721759910100109772e-04	-5.386438555077778245e-01
nan	-9.797595582608700227e-01	-5.124448259723846100e-01	-6.929817562223614669e-01	1.387320713785639148e+00
nan	2.262901274054760048e+00	-1.668141346815151360e+00	1.119767070413461907e+00	8.455539766476468655e-01
nan	1.178393374344937738e+00	3.168935979650177703e+00	1.291014547488114950e+00	5.775957428279759887e-01
nan	-3.651750722738629218e-01	1.677648335592528683e+00	-1.042832381107152984e-01	1.185120391950420071e+00
nan	5.273641918190948852e-01	1.383293920856275339e+00	2.005214243994438039e+00	-9.939799237049365965e-01
nan	-1.096660801737719071e+00	1.320110319808971866e+00	-1.783543926166240023e-01	-1.168963459115579528e+00
nan	-1.381719719008413394e+00	-1.530632622258520481e+00	-7.172532252819834309e-01	-4.791021673310075779e-01
nan	7.719080787408030275e-01	-1.040350333082162848e+00	-1.054570889964524083e+00	-4.091072498414808356e-01
nan	-2.191853244063146633e-02	3.130697757624704813e+00	-5.779934515660298811e-01	7.791289587435947794e-01
nan	2.298074741748578065e-01	7.401696458605976359e-01	6.363632583234504203e-01	-5.427201265553671661e-01
nan	3.082516026404933385e-01	-5.937125129467591966e-01	2.420231349292661926e-01	7.995822390219980980e-01
nan	1.251636773155776039e+00	1.351052856735705188e+00	5.652746091300651088e-01	3.584326822784738020e-01
nan	1.109400054202555275e+00	1.661302148898765152e+00	6.215459769883983389e-03	5.374752691684109296e-01
nan	4.211444552083647430e-01	1.478808517607353323e+00	1.226263214459873824e-01	-2.088460794767555695e-01
nan	-5.056857462478671073e-01	-8.435412994874729176e-01	-1.929589060185105120e-01	-1.382673881890247092e+00
nan	2.221018729299268912e-01	-8.719875716684717393e-01	-1.189410475572048931e+00	-3.343580674390615459e-01
nan	-4.405446125484104303e-01	4.325802856610543867e-01	-8.311965449770756242e-01	1.547542729744303847e+00
nan	-1.005300463106220121e-01	1.433857560813442289e+00	-3.741969028628890914e-01	7.362977288529595210e-01
nan	1.392845211678733541e+00	2.050070312233652547e+00	1.161213340633832081e-01	-7.925800855646245591e-01
nan	-4.092480063106549992e-01	1.867626113170155477e-01	2.034624597992061634e+00	-1.941784181769647510e+00
nan	-6.342425936785731633e-01	-1.016019147335744277e+00	-3.113764624471829778e-01	-7.695692894820630459e-01
nan	-9.163197736531346616e-01	-1.362167904889181491e+00	-5.943609603199108138e-01	6.411246308301963293e-01
nan	2.011671771500494366e+00	1.564444754617823063e-01	-1.558706724163789969e+00	1.997487126316435102e-01
nan	3.249173952552991684e-01	1.026767673138066606e+00	-1.288558073508670743e-01	-4.439147901827346365e-02
nan	-4.593476857080246167e-03	-1.904244653201993653e+00	-9.853606577172927539e-01	-7.058795377611030153e-01
nan	-9.613024706028370225e-01	-4.946034101888238110e-01	-7.466304469223079554e-01	4.302832307800275730e-02
nan	-1.481977245731735948e-01	-2.039136256208696985e+00	-2.445620675806817967e+00	-1.073535274448859989e+00
nan	-2.055556779247625254e+00	-4.940515791655522571e-02	-1.830824785853244707e+00	-6.276675806131020233e-03
nan	1.021604181813624140e-01	-2.426282583226160305e+00	-1.113658139367553090e+00	-1.410030790196081574e+00
nan	9.588876781789745785e-02	-4.786944820750761997e-01	-3.345171428784483592e-01	-1.350662676440942400e-01
nan	5.244042379975899504e-01	1.189177446041888464e+00	-1.259878819774954195e+00	-5.721444495037179140e-02
nan	9.603386117716661285e-05	3.968893382334619524e-01	-7.194665789423748681e-01	1.871090970013192523e-01
nan	-1.203198148744634433e-01	-1.464943713694966121e+00	3.723086403010675838e-01	-3.233576070352938148e-01
nan	-5.860722574274901397e-01	-6.876679157832382705e-02	-2.133062248206778033e+00	-2.912088863872087097e-01
nan	-1.254311412853417462e-01	1.008338759036127463e+00	5.946069874437024394e-01	1.620143217842474614e+00
nan	1.196082380369075882e+00	-3.499392113051870146e-01	-1.187945660806023040e+00	-1.227014747945808004e+00
nan	-2.617748325624296601e+00	2.250048562373769823e-01	-4.291919254464016120e-01	7.064486774123074353e-01
nan	-8.810740405979239354e-01	-2.047420324625710109e+00	7.298176298959754282e-01	1.414378975114060077e+00
nan	2.310474995777244356e+00	-3.254004470129147064e-01	1.026314443600074844e+00	1.039475857433133310e+00
nan	-5.002532016272651649e-01	2.427434461338227933e+00	-5.084590038156231590e-02	-4.454701133120788636e-01
nan	-9.813975513543040652e-01	-1.014115082816057889e+00	-1.680130693334634495e+00	3.874316445379458740e-01
nan	6.349730451880452042e-01	1.889802591346574356e-01	1.114984329332634472e-01	-1.894623024705696102e+00
nan	-8.378704635504912179e-01	1.056083994039994423e+00	6.680026131078392604e-01	4.950659461703703079e-01
nan	-6.322602427880923415e-01	-2.861753845887309744e+00	3.423124054850292808e-01	-4.382960249431142596e-01
nan	2.206449667389778213e-01	5.243108174368211749e-01	-1.259981542442529245e-01	3.033842711078271193e-01
nan	-9.844453735661666816e-01	1.702979586786314448e+00	-4.850858652419744454e-01	1.469853500691194359e+00
nan	3.186918986724470493e+00	-1.662562119210494238e+00	2.793460976751695468e-01	4.895975024928467256e-01
nan	1.015832653057721746e+00	3.203027305028667726e+00	-5.102318421931897330e-01	-5.150632054581448793e-01
nan	2.896280145112264393e-01	8.200547834917526480e-01	5.632728007278889892e-01	5.626237760285932726e-02
nan	4.425450825953038958e-01	1.029224615456896030e+00	1.984294872051042824e-01	3.783586291959894488e-01
nan	3.042294121138791052e-01	2.207787360035868840e+00	4.932973436849962257e-01	3.638893296660864474e-01
nan	9.988096209705790152e-01	1.123455366584077630e+00	5.520282728192702493e-01	5.624798997413849033e-01
nan	-1.445951773974328836e+00	1.169054798918835791e+00	-6.629820655364995208e-01	1.607182014579481066e+00
nan	1.775509217175390786e+00	-3.094596735448218894e+00	-1.082710689177997621e+00	-2.054275346914531397e+00
nan	-1.509983950511398776e+00	1.095383321466198767e+00	1.864540201521004970e-01	4.853694877023571608e-01
nan	1.277028081211771804e+00	-2.816530212059598082e+00	-6.690171363345263078e-01	9.083599123622706495e-01
nan	9.423432220028349349e-01	1.038240248381215425e+00	7.001416310691328526e-01	-1.204038193347371499e-01
nan	-9.580710560863381353e-01	-9.165736348470998607e-02	3.038868708201046265e-01	-1.166970798905319073e+00
nan	-1.240864218467816471e+00	-1.161646052466175583e+00	1.166128075045321344e+00	-9.518179934114233687e-01
nan	-1.159054678188768950e+00	-1.826558234198518704e+00	-8.187136719842340316e-02	1.202221924135642661e+00
nan	3.824573506681486768e-01	-5.124446214032419844e-01	-7.993927955241899586e-01	5.796594588007832893e-01
nan	-4.169113415091968422e-01	6.319479317407927788e-01	-3.154821142437643777e-01	8.480086613082780111e-01
nan	3.009988868217388092e-01	-2.329072976083997659e+00	-6.288960192430820273e-01	1.440606711643614757e+00
nan	1.554258579579172794e+00	7.309187614954371082e-02	4.790883862652470736e-04	-1.191714886324297895e+00
nan	-3.397757073721689558e+00	8.055340888723236947e-01	8.150927218777489491e-01	1.628738220768122691e+00
nan	2.022298420873976266e+00	-4.889972141245907622e+00	-2.992505567635327934e-01	1.823417092963158348e+00
nan	4.513111200430590664e-01	1.157108027007480278e+00	-5.765869120313898977e-01	-1.123575020056761797e-01
nan	-7.972814680442205093e-01	-2.066864201746547725e-01	-1.386335479310239371e+00	-1.497728747522832249e+00
nan	-2.512858043840294542e+00	-9.086768532606637194e-02	1.303659430164550548e+00	-1.385779581047579034e+00
nan	-1.291030929552887674e-01	-2.623972891450344846e+00	-7.572796123021878767e-01	-5.047361935246230669e-01
nan	-1.214476316570835657e+00	-9.900949790866184763e-01	-7.153489309991571954e-01	1.510791195794342512e+00
nan	2.889307102378754877e+00	-2.283134821545212301e+00	-4.245236190090634354e-01	-3.709843196574856283e-01
nan	-8.522945892577002969e-01	4.497027744935806481e+00	-5.762564393543907482e-01	4.638713764294206676e-01
nan	9.951995027065468902e-01	-1.258625052069677785e+00	5.147527160702675131e-01	-4.596727076525749522e-01
nan	-6.467683623450801722e-01	1.550519571290113419e+00	7.787670786674782963e-01	5.406059579850676089e-01
nan	-9.785056582145189585e-01	4.288697259128746442e-01	4.068180620602896425e-01	1.071946877263246778e+00
nan	2.289404919205621614e+00	-9.744556018201937508e-01	-9.062910995007796844e-01	-2.472649246930352651e-01
nan	-1.614452385448739147e-01	8.176856269466348248e-01	1.354078951273429920e+00	-3.054524879012258665e-01
nan	-2.257553234093159222e-01	-2.085430584062852866e-01	1.056844740572177255e+00	-1.424979119943659001e+00
nan	-3.675254723392213485e+00	-8.526959503514801586e-01	-1.804403875685338665e-01	7.228124037776537669e-01
nan	9.140167536402127313e-01	-4.226181682394654970e+00	2.770036714917805121e+00	-6.169879975610558231e-01
nan	1.395338041326162903e-01	5.921376387169600131e-01	9.509261743076148632e-02	1.328331704777359068e+00
nan	1.893088732585434641e+00	-1.029556327123445136e+00	-2.961436898504459792e-01	-8.469039096248266452e-01
nan	4.416120738417891323e-01	1.285783175974567261e+00	1.589575819571269200e-01	8.200059656053623192e-01
nan	-9.142581492107493268e-02	6.617051818728389989e-01	-1.101372443909024862e-01	-2.309681040206470470e+00
nan	-1.466188725006200233e+00	-1.546737347604669743e+00	1.319263105366265343e+00	-7.747081720639731328e-01
nan	-1.516576983141422197e+00	-1.749854745591980620e+00	-2.327757830470411071e-01	-1.836873286434154151e-01
nan	-7.476429236730954830e-01	-1.667663932595729426e+00	4.915430939735713767e-01	-1.773516783803667229e-01
nan	-3.129182557563406908e-01	-2.737705060472515051e-01	9.163398113133839340e-01	-1.307551791189356605e+00
nan	-1.187931230146844541e+00	-9.731940115072756914e-01	2.274779593023609436e+00	5.996005952399813266e-02
nan	-3.697487480923383751e-01	-2.076870506420301687e+00	7.802466134978620627e-01	-4.564084758131961572e-02
nan	2.902143615646082253e-01	-1.943574474899401050e+00	1.866903880322867970e-01	-6.379832185706563186e-01
nan	-1.652833270785720732e+00	-1.722300775824082697e-01	2.171398728239698261e+00	-4.398611010610451455e-01
nan	-1.652290265092453803e+00	-3.144151347787090156e+00	8.709602406774930028e-01	6.430396648482379351e-01
nan	3.090011221262164431e-01	-1.421291524806201467e+00	-1.150425556784255426e-01	-2.154783124355795776e-01
nan	-2.402260897878564894e+00	-7.284014615112238689e-01	6.978906729426278543e-01	-3.922985907965313435e-01
nan	-1.998481594340800471e-01	-1.341595281612097290e+00	7.895711156344844550e-01	-6.488437317342489463e-02
nan	-4.796014958394083094e-01	1.859429169403195581e-02	-3.460002873273011759e-02	-4.478282971321592698e-01
nan	-6.748855324376358267e-01	-2.726091704028759555e+00	6.897216686553635512e-01	5.027301306170260942e-01
nan	-1.760778518379527702e-01	-2.421575698040412394e-02	-8.201266530037008007e-01	-3.631609621762252327e-02
nan	2.904281785570693719e-01	-2.358960145374976669e+00	1.943764078332702039e-02	5.754731319152183167e-01
nan	9.135651837979457124e-01	-4.241103177446658989e-01	-8.709182962830443187e-02	9.428761078135874385e-01
nan	1.990561411375839640e+00	-1.248389224431579292e+00	6.596006495927002611e-01	-5.323783831062681715e-01
nan	-3.386114597395943893e-01	2.275431501786452149e+00	-4.623540079447267109e-02	1.020707934545123319e+00
nan	-5.291067653323147102e-01	-8.658544711258158166e-01	-1.528795604136683695e+00	2.115903908590303750e+00
nan	3.254152347781703369e+00	-2.652019676357732503e-01	1.883814217030735705e+00	1.136439432029596075e+00
nan	1.979210468684861723e+00	2.741041563759902822e+00	-4.476876892392581686e-01	-2.046298452939934176e-01
nan	4.288833268172901336e-01	1.849512216935232267e+00	-3.108546072511299552e-01	-4.405225466197741357e-01
nan	-1.204841428110947854e+00	6.659949058140520739e-01	-1.578302854538094768e-01	-7.229857280332568914e-01
nan	5.971539603866388157e-01	-2.009251505471913557e+00	2.807709764987552647e-01	-2.417581529661043671e+00
nan	-2.274329062931877754e+00	8.492939552299885175e-01	-8.395450485411154462e-01	4.752353566991204259e-01
nan	-5.515802276759607103e-02	-2.928149839876847516e+00	8.447271753007628003e-01	-2.766390108750740318e-01
nan	3.792423107451248221e-01	1.510151094872075050e-01	-7.281802809718154190e-01	4.390035730124741131e-01
nan	1.066784963343931358e-01	1.059454826356436841e-01	-4.192550659584688422e-01	2.612353295947526521e-01
nan	2.076670457947340509e-01	-6.261092903947249599e-01	8.172185234542608256e-01	1.050950661533575983e-02
nan	3.415113376558679414e-01	-2.009332390248558253e-03	-1.681366667340204346e+00	-5.162667720174736463e-02
nan	5.717558999875844983e-02	2.739957551470780794e-01	5.044456925605599329e-01	-9.819819202991745266e-01
nan	-1.101741693678166323e+00	-8.971200385594026161e-02	-3.547717428654478811e-01	-6.262508446189373190e-01
nan	5.830350069639570476e-01	3.141996228891288379e-01	-3.103775537010470403e-02	-4.715703506451582316e-01
nan	-1.256070357721442043e+00	5.704015467718781540e-01	1.090712819855457871e+00	-7.231998726490115326e-01
nan	-1.808250371858493022e+00	8.797903699167926028e-01	-7.149556710113579294e-01	-1.083458540110884938e+00
nan	-2.570514125379975034e+00	-1.558354931794250220e+00	-4.157626660583809697e-01	-2.034369053919451997e-01
nan	1.059434500210930663e+00	-2.065819535252864103e+00	8.700248972956977633e-01	3.029737087157857722e-01
nan	1.622562978852414517e+00	2.719988172803682325e+00	-1.184201495045923841e-01	-9.428492621602266865e-01
nan	-1.741208529068442701e+00	2.397781245059060762e+00	-3.085762640246018651e-01	-7.549138191772833961e-01
nan	-1.220966616498906365e+00	3.157847459370155541e-01	1.903717593677564102e-01	1.224163804633751296e+00
nan	1.389804966737660852e+00	-1.258333298629959351e+00	3.052817684934009401e-01	1.485428615295712351e+00
nan	2.608263955969822856e+00	2.335472620243670860e+00	1.050667314332471181e+00	-2.498758743712577168e-01
nan	-5.908495926367017814e-01	2.661071058788806010e+00	-1.107592851676485468e-01	2.505709916457484199e-01
nan	-3.928035265854961655e-01	-1.352406219343694538e+00	3.243527560328544890e-02	-5.032509003123940283e-02
nan	5.474388650969002068e-01	-5.364325273755966572e-01	1.849431369890111032e+00	-5.728145584946753299e-01
nan	6.252327256879250950e-01	1.954965749641810469e+00	5.506380955913976472e-01	-1.451018646168306780e+00
nan	-2.768280023894454267e+00	8.412746716097442290e-01	1.475335878835812853e-01	4.316439353042124116e-01
nan	1.136818480869714154e+00	-3.338212137648473465e+00	-2.264152345406627576e-01	6.676149707171747938e-01
nan	2.120385679545392144e+00	6.413485634329193497e-01	1.839972297616769281e-01	1.959933517714557150e-01
nan	-4.777598318175069192e-02	2.617683901639221933e+00	-1.773924445352168089e+00	1.100943721285078558e+00
nan	1.705431389067864290e+00	3.012778839781808049e+00	1.019527206726079882e+00	-5.627658406217526110e-01
nan	-3.053095350062480784e-01	1.477034299716577515e+00	7.033601933312394472e-01	4.419003551322359113e-02
nan	-1.192041283283013620e+00	-2.333972314073139986e-01	2.617104058932506194e-01	-1.545065974722247493e+00
nan	-2.044781592776474533e+00	-8.033312263296732425e-01	-3.584163415221416904e-01	1.968530149919361261e+00
nan	1.327378212582154271e+00	-1.924267321928476715e+00	-1.884593223509876347e+00	-2.703948903696465345e-01
nan	8.217650827954092740e-01	5.111245346998525285e-01	8.762667912809531112e-02	-1.383669229255186650e+00
nan	-1.366206028567122033e+00	3.583313207154015800e-01	-1.207358715864149945e-01	-1.333386412484167893e+00
nan	-5.610186210869417822e-01	-1.242942086927379508e+00	-5.483371773608368693e-01	-3.411723097399400606e-01
nan	-1.688680100932198336e-01	1.558438006755806349e+00	1.404595503592502292e-01	-9.181057808195594028e-01
nan	-1.731286310006517892e+00	7.796197623142862021e-01	1.187362873278933639e+00	-1.347536341188268372e+00
nan	-1.025796459638870672e+00	-1.797448399303488875e+00	-1.444511791350399310e+00	1.579843979072436566e+00
nan	7.865755067149049484e-01	-1.298634403430575235e+00	5.859612739665797099e-01	-3.555428919712277924e-01
nan	-2.658524751350902493e-01	6.213185282745394833e-01	-8.501533459232033518e-01	-3.433066840455602231e-02
nan	-6.679355934338573331e-01	-4.793890851937543385e-01	1.749322785498454991e-01	1.477757597649288490e+00
nan	3.070942510744615550e+00	-3.470344772299671643e-02	7.391831239928158270e-01	-6.028732649667003507e-01
nan	-1.947230714124058792e+00	3.517818749205517737e+00	1.483054622001822309e-01	-7.387197571155849074e-01
nan	-4.221950736177112473e-01	-2.558204791738465822e+00	-1.126288536970880605e+00	4.122074921305116657e-01
nan	-5.803916658653576199e-01	-1.661445909831556822e+00	7.299599713207510776e-01	9.845199799756692016e-01
nan	8.464122274211700603e-01	-9.595639789885412885e-01	1.167967895742730189e+00	-8.192150495412753308e-01
nan	-1.926511203366255920e+00	1.132019270908829700e+00	-2.129222645807001602e+00	5.647802429916914252e-02
nan	8.875693081017884678e-01	-2.458380865461973208e+00	-1.213840703528616061e+00	-6.826277790834575088e-01
nan	-1.713712232729072138e+00	-6.340362992512272866e-01	-5.681728827665373516e-02	3.589320773872327619e-01
nan	-1.770280470940065465e-01	-1.828185501132910451e+00	-1.505226901986071120e+00	-3.570833244582223842e-01
nan	-1.664839865939541086e-01	4.766939489629343774e-01	3.205311907595354004e-02	2.772995803163670892e-01
nan	8.617741835518000215e-01	-7.021948838314727714e-01	9.432474787774453029e-01	2.553969585245495777e-01
nan	-2.816625037424106193e+00	1.569837045814236109e+00	2.091513332856892726e-01	1.016364451725216389e+00
nan	2.721299988260610370e-01	-3.376735359082000620e+00	-6.813198529028950956e-01	-6.645811381520432271e-01
nan	3.143227111678215113e-02	-1.096133745037718876e+00	-1.043481692405453298e+00	1.215861871541295408e-02
nan	-1.358620488408609939e+00	2.741944682324450877e+00	1.542325960408119423e+00	8.749814642763874550e-01
nan	-4.384909092219141380e-01	-3.888989521978540864e-01	-7.119174228516896852e-01	-1.977365546259289286e-01
nan	-5.402566821509724448e-02	-4.879175175124433883e-01	-5.261382671614670548e-01	-1.298420280746936717e+00
nan	2.464444859736871773e-01	-2.855141271964383234e-02	1.603795253196051707e-01	1.740094629013344107e+00
nan	1.268037046414532520e+00	1.626291249353789770e+00	-1.002443249981410378e-01	1.213491522984878890e-01
nan	1.267728107367348533e+00	1.254184437836866284e+00	1.305825515055994979e+00	5.641634566049256172e-01
nan	5.096355021921484818e-01	1.235794825271321340e-01	-1.108923869327933076e+00	1.215617956089124485e-01
nan	1.459297178713861165e-01	-3.341258826029035456e-01	2.189015513187679007e-01	1.974295887538631174e-03
nan	-2.021208197106225235e+00	2.498801289854415852e+00	-4.953080271666918666e-01	3.808587326149928676e-01
nan	3.008103838700058597e-01	-3.392752040325374807e+00	6.593354587002449030e-01	2.207716160910954406e-01
nan	2.332349100273175768e+00	-1.277069528761349382e+00	-6.282137383104170747e-02	-6.037138982468983617e-01
nan	-7.957876865851543080e-01	3.223292354556212658e+00	-1.029336354130492959e+00	-1.781698554161452508e+00
nan	-1.375819826072688823e+00	5.275116712700382848e-01	-6.110209552703000924e-01	7.063312370956622566e-01
nan	1.666333607661473870e+00	-1.718852463090924543e+00	1.167004551015639741e-01	-1.731662533573663731e+00
nan	-1.132777138411709572e+00	1.253220227013423171e+00	-8.962142536939300408e-01	1.037293748044848946e-01
nan	-9.604059811054589391e-01	-1.194642353759946207e+00	1.118623687296501634e+00	2.284373304623598666e-01
nan	-1.198209377309466417e+00	-1.607630777675516764e+00	-1.108033372647046377e+00	-7.259320529660033827e-01
nan	-5.106585470355361478e-01	-1.955632951799583630e+00	-1.044572275659994692e-01	-9.868009566101249019e-01
nan	-5.105365926993885584e-01	-1.995458780700516854e+00	-4.835531313539104259e-01	-1.001681292534865708e+00
nan	-6.345465498281974703e-01	-8.741982351032095977e-01	-9.508943384226506979e-01	1.026014675171313506e+00
nan	1.640748367003352470e+00	-1.384913241692169006e+00	-5.014542756848317656e-02	-4.832961030226542998e-01
nan	-1.308159468822167604e+00	9.128861764948266178e-01	-2.432279869218599011e-01	1.350733441885218378e+00
nan	1.841038050975454698e+00	-1.499969421870891217e+00	6.315261152414897161e-01	-7.046027594142365569e-01
nan	-1.499456261777484922e+00	8.778574246466598341e-01	1.674908910290108466e+00	-3.035303150551826867e-01
nan	-1.698514353251506515e-01	-1.436659705797436404e+00	2.390902806069220843e-01	-8.344462629754192395e-01
nan	-2.074526998542685075e+00	-1.183411429867251702e-01	1.675291005881267115e+00	-1.197205939987690676e-01
nan	-1.056801799530363795e+00	-2.480558690121092091e+00	4.072255689072379337e-01	-1.905688792850438462e+00
nan	-2.037488018690341907e+00	8.695025934323852290e-01	3.223800629577643906e-01	-3.179814523064737886e-01
nan	-5.908947999322019529e-01	-2.741937719385750594e+00	6.579665228758562190e-01	7.204927010020130140e-01
nan	-1.732613229958486212e-01	1.045556642371581635e+00	4.246836246259587111e-01	9.024321818972331766e-01
nan	2.540152235191337038e+00	1.490951872383574406e+00	-2.226279779545294324e-01	-6.570787526915627952e-01
nan	1.793393442305643015e-01	2.979165801788670631e+00	3.005765003231410382e-01	-1.095130198026637025e+00
nan	-1.008541782374819062e+00	5.867367999891232033e-01	1.579396805121786151e+00	4.429942341200188705e-01
nan	1.509941885668390826e+00	-3.541208275801873029e+00	2.596107666530397817e-01	-1.285000262122232950e+00
nan	-2.214226036631972594e+00	1.626829665205884901e+00	9.632128137961704084e-01	-1.454845642790812299e+00
nan	-4.048456249113918659e-01	-8.167067898316269225e-01	7.069936989288266860e-01	-1.152229553922805572e+00
nan	-9.254965679673602397e-01	1.296228276895359022e+00	-8.814391166609222283e-01	2.389431450691678727e+00
nan	2.059484851893698565e+00	-4.249792238417723356e-01	1.871216954085280104e+00	-6.853250059627329360e-01
nan	-6.423552002551178308e-01	2.140623483863127063e+00	6.923443331513677856e-01	2.670007177909528573e-01
nan	-1.939505154315491975e+00	-1.425289450499228616e-01	2.160774936227881859e+00	-3.224160715969350000e-02
nan	1.842005759185199709e+00	-1.706366655533717802e+00	-7.459425494532719025e-02	-1.276940631956607231e+00
nan	-6.844773225029855412e-01	1.565739626929864903e+00	-6.063973991662933161e-01	-3.706866433208256817e-01
nan	-8.564650181715327548e-01	-8.570351602911305822e-01	1.754935278880261018e+00	-1.048728185816531822e+00
nan	-6.142169804010939593e-01	-1.719700756978952194e+00	-1.528469450870528101e+00	3.838255572422399342e-01
nan	1.061023908820960093e+00	-3.379620126516251322e+00	-9.846368131702396553e-01	3.924334824928876059e-02
nan	1.008602335681584750e+00	1.289253836921189444e+00	8.049490491745898701e-01	1.769855167411598651e-01
nan	2.086755741713082646e+00	2.237937920204112530e+00	-8.381799298034847689e-01	-6.759902895527362121e-01
nan	3.778424701113322071e-01	3.027492006970361693e+00	3.279849036743169854e-01	-1.538499469496308614e-01
nan	-3.756887433741723514e-01	1.242072564173262172e+00	-4.879920053353787868e-01	5.076118642945028903e-01
nan	-1.504670736117685870e-01	-5.564525803177597929e-01	-3.261756960356831381e-01	2.510973409500598108e-01
nan	7.757911817638281082e-01	-5.099891801471880814e-01	-9.945424388513450786e-01	2.998957872444490275e-02
nan	-9.608833251293985578e-01	9.092375388950263426e-01	-1.002930175618736763e+00	3.319934211893289522e-01
nan	1.356766228981057809e+00	-2.844075964609826812e-02	-1.633596093718144848e-01	-5.491407011222111390e-01
nan	1.629368110342986009e+00	1.992287901264018224e+00	1.159918264928322174e+00	-4.136029473327659245e-01
nan	-6.732046399258346803e-01	1.894562805888013290e+00	7.160542835189345201e-01	-9.295414987789704653e-02
nan	2.796969809147589192e-01	5.848327745209984663e-01	-2.893632170232956699e-02	-1.767988196367757392e-01
nan	-1.706461339207570926e+00	6.024142894597555031e-01	-1.491520977932272896e+00	1.667510180542857989e-01
nan	3.679584416458088647e+00	-2.353583297665000629e+00	5.418102401191881440e-02	-1.285074563260199879e-02
nan	8.264187034548110822e-02	2.504288692998640542e+00	-9.314442018735080708e-01	-1.326013314501691465e+00
nan	-8.479025355970077893e-01	-6.578417919941748071e-01	6.220364233124463516e-01	7.850450924871585912e-01
nan	6.419300765748341409e-01	-1.939042935170421700e+00	-9.533392044602649884e-01	-1.928215816984887532e+00
nan	-2.959879606835107868e+00	-6.806481276380198508e-01	-5.549718169416575364e-01	1.536446333137258646e+00
nan	3.309963823132686223e+00	-3.577723458841074677e+00	1.403929542775579284e-02	1.046690822403417265e+00
nan	4.649040888848380293e-01	4.591979167354363511e+00	-1.890345401969316219e+00	-4.106701558750863734e-01
nan	1.699124157238861343e+00	-8.217352602614870216e-01	-1.844078041107315657e+00	6.863429046328738403e-01
nan	1.789578414839787524e-02	5.459949242053032670e-01	6.604721305046006297e-01	-1.727869915591276229e+00
nan	-2.128220931308727693e+00	7.886744954115323392e-01	8.823875586719469588e-01	1.233801631018057066e+00
nan	1.746717737005413440e+00	-2.273881476387605627e+00	1.334650050380803643e+00	4.105966372545557519e-01
nan	-8.719973129823206381e-01	8.708241471847317783e-01	5.563317636591467163e-01	-5.124644607660688855e-01
nan	-3.715730599860788130e-01	-1.707198446182584206e+00	-1.227204943146615879e+00	2.408197561482997351e+00
nan	3.615331454271691225e+00	-6.576753196379847566e-02	-8.834327783061834971e-01	-1.703185891670067065e+00
nan	-2.369524353771386593e+00	3.176190064237339072e+00	1.350177097446925600e+00	-5.968691755195475457e-01
nan	-7.080885413186928101e-01	-3.956538597250925271e+00	-1.280500109930521546e+00	1.890493544956620420e-01
nan	1.550319318575173355e+00	-2.971368860303580384e-01	-1.587368926735433616e+00	-2.890661070506811647e+00
nan	-3.364126377743133389e+00	1.656282208601686845e+00	4.735901817101455524e-01	1.165280593450386259e+00
nan	3.036113950017877983e+00	-2.160418457217780031e+00	2.042188557898257789e-02	1.724403693220487588e+00
nan	7.661248494487835625e-01	2.281692051300358237e+00	2.333429422994463653e+00	3.233440424245928035e-01
nan	-1.998003147825244685e-01	1.270746300836579357e-01	-6.897826107677389462e-01	3.677781364390501073e-01
nan	3.718821147736825483e-01	6.582461695813306424e-01	3.152950925928958981e-01	-1.581628674496828868e+00
nan	1.375832070288538489e-01	1.581908852205791416e-01	1.119409188973131242e+00	2.320939311002077343e-01
nan	-2.948002719748602507e-01	8.767682210312027768e-01	-1.674424380510815658e+00	4.750054281939901091e-01
nan	-4.068673331421976402e-01	-1.502104998721448759e+00	4.350658011326659080e-01	1.307592864025907131e+00
nan	1.192550142816424907e+00	1.471937204537546728e+00	2.404821313536884275e-01	-1.343491067411324069e+00
nan	-3.398710915118421383e+00	2.274001110210072341e+00	6.781576503854580551e-01	-1.392220130895230223e+00
nan	-1.166337562692529639e+00	-3.524877820536650663e+00	-2.033769289070079811e-01	-9.115107481133328804e-01
nan	1.018998278576295435e+00	-1.743695711341428867e+00	7.979554738959629967e-01	1.485102110362582217e-01
nan	8.760558643338229867e-01	2.519284738732804563e+00	3.855068833731724043e-01	-6.023639256801311959e-01
nan	5.549176106506925610e-01	1.420290370662538049e+00	-6.169423832008903430e-01	1.021292166361186471e+00
nan	1.004576533231387625e+00	2.535776688927474432e+00	-3.491319640208074837e-01	6.703249552669240385e-01
nan	1.571807441108409531e+00	-9.198413837406473892e-01	-1.900351780844219851e+00	2.582096226442629927e+00
nan	3.060870841991185198e+00	1.779319616825135730e+00	-2.452872549703310145e+00	-1.245855232570290738e+00
nan	-1.930247924405439575e+00	1.371338101835351875e+00	-1.324537811054673719e+00	-3.595321124931650236e-01
nan	-4.084077394257683569e-01	-1.840837036339769917e+00	4.901534829817088407e-02	7.072358193473777810e-01
nan	5.314591809913953302e-01	-3.942427997710414300e-01	-4.525012411205900920e-01	7.681995632388637363e-01
nan	4.559210010153912362e-01	1.519975118931823133e+00	8.206804066040769563e-02	-8.178125766524058093e-01
nan	-9.360730720958060358e-01	7.655229656259125992e-01	-8.708338289848890357e-01	1.396417063253007629e-01
nan	-1.942653713894065826e-02	-1.623994627836681248e+00	-3.694170680960094932e-01	-5.848577072096907692e-01
nan	-2.413657768746404919e+00	-9.054708746115283091e-01	-9.149780478603937173e-01	-5.849965935220837743e-01
nan	-2.261035529747068118e+00	-1.385678266734422515e+00	2.992467786457881029e+00	6.726050309829633145e-01
nan	7.030248856376342115e-01	-5.627314444518964898e-01	7.877833818842316926e-01	5.003021290671931798e-01
nan	-6.248472484135254579e-01	-9.208050455832614833e-01	-1.161498358074860127e+00	3.796788645024208875e-01
nan	1.816214876706492065e+00	-5.114464350014742422e-01	-4.216384719179365193e-01	-1.235058546724649986e+00
nan	-1.075820125378227354e+00	1.324978909009989492e+00	1.187457009736551994e+00	-6.532821159553641177e-01
nan	8.150708368555936723e-02	-1.060870849023513696e+00	-1.168766606869153346e+00	7.395892100323188112e-01
nan	-7.623486477219277857e-01	-1.729391492406914921e+00	-5.530854995361406123e-02	1.315402910144845672e+00
nan	3.163053380356156685e-01	-2.408244124891818938e+00	5.699349274090378392e-01	1.374750463039858817e+00
nan	1.427454311241082463e+00	-1.359374635430672829e+00	-1.051359863444635695e-01	4.719870065088278555e-01
nan	1.694342730347410120e-01	1.667218989864924783e+00	-6.510332520964073888e-01	2.099807278148169420e-01
nan	2.405987012229384991e-01	1.109975844904877995e+00	-2.433004389068018081e-01	-4.466345623515182717e-01
nan	-3.150711521337814958e+00	1.791771914944514377e+00	4.838600763614563927e-01	1.801086303476975070e+00
nan	7.340969040547125068e-01	-3.183350152162773838e+00	5.007742970069961608e-01	9.517629525976332161e-01
nan	1.765332065015963625e+00	1.345343927667784323e+00	5.519512478141833656e-01	-7.513505543733950409e-01
nan	-2.044571873466329404e+00	2.484309494398297957e+00	-5.665405392668565465e-01	1.256277459064548269e-02
nan	2.485808245561703100e-01	-2.699367403157899581e+00	2.039026299600554537e-01	-9.702397900598519476e-01
nan	-2.165786557094356857e-01	5.762552897328760970e-01	1.328030145222516278e+00	1.143449367266082595e+00
nan	1.738381113566249692e+00	1.076608318840668876e-01	9.936175171723115040e-01	1.319736781154131844e+00
nan	2.219428069242481705e-01	4.298743899525512280e-01	9.521702048186322376e-01	-5.555926097263494956e-01
nan	-1.637715417108938087e+00	-1.267537813842869010e+00	2.021497103097317449e+00	1.189273146989522217e-01
nan	1.126844511188024867e-01	-2.760176854012089454e+00	-6.224523994302643137e-01	3.473115818290169465e-01
nan	-2.331293658728117002e+00	1.103770397690722493e+00	-1.159895961872271647e-01	-3.064385376199983968e-01
nan	-6.653140256732831270e-01	-2.558400108621611047e+00	2.298952047486885863e+00	-1.060627352870135098e+00
nan	-1.581964656703582994e+00	4.902553172739173570e-01	4.846396993210040638e-02	4.990261483001082188e-01
nan	1.426919933676628505e+00	-1.633507610488045492e+00	-7.763731785606500790e-02	-1.017758381899270370e+00
nan	2.372282765005191418e-01	1.822708514692543025e+00	4.956553813673107989e-01	1.888022462917030575e+00
nan	2.827618251791848003e+00	1.036706418339018165e-01	9.244403768504971808e-01	-1.022188907049830675e+00
nan	4.512497366687013844e-01	2.658855053880118557e+00	-2.451237206525492054e-02	-2.725954466856752023e-01
nan	1.041582189764716393e+00	4.328180883171355853e-01	2.299358839768669505e+00	1.302860925094398326e+00
nan	1.730249451543652839e+00	-5.578179984048659001e-02	-1.077248763955315214e+00	1.325704272030654440e-01
nan	7.472672399150796785e-02	1.797855333406133793e+00	-1.093257857955391321e+00	1.138142427668323631e+00
nan	-1.234783389810667487e-02	1.371209292658838175e+00	7.604802742103748958e-01	2.337064185964205787e-01
nan	1.666469089557504057e-03	3.510040876866068471e-01	-6.472509158252625072e-01	8.974461783666888570e-02
nan	6.506393381667104903e-01	1.005088486491591881e+00	-5.726938567730886775e-02	-5.069831359735105236e-01
nan	-5.343273097029052066e-01	2.068972867712485009e+00	1.326813415257504791e-01	5.843105442038400849e-02
nan	9.978838624516320754e-01	-9.851870407555610720e-01	-4.248533889239020089e-01	-5.102158947884534168e-01
nan	-2.244171400913970604e+00	1.129207712642781969e+00	1.839673032250467744e+00	2.309947670073409842e+00
nan	2.510386496230142317e+00	-2.250638504916604887e+00	3.502854685704663851e-01	-1.932109275197938070e+00
nan	-9.109080528162829538e-01	2.590658346739596940e+00	1.679060283422526334e+00	-1.523134177537344591e+00
nan	-1.852232655416397034e-01	-9.363150993868464278e-01	1.019391628079002743e-01	1.145897538547574035e+00
nan	1.337114543833735070e+00	-1.419330007570883678e+00	7.963318096199581975e-01	1.192047027440833240e+00
nan	1.083985200273066329e+00	3.011669761470847639e+00	-9.165058341985464485e-03	5.488387293262078082e-01
nan	9.370420305342385126e-01	-9.241874812767281178e-02	-8.176308561504113115e-01	-4.986356227738580199e-02
nan	-6.376287176583053107e-01	-1.371018412738850056e+00	1.164401383961312986e+00	-3.468441669245526104e-01
nan	5.742496690408843696e-02	-2.670488486913913384e-02	-3.222994434053088469e-02	-6.295216012422185647e-01
nan	-3.935343658755522944e-01	1.079013640223404735e+00	1.447864708644404086e+00	2.296441464194403370e-01
nan	1.235994178439117741e+00	-1.319231211173050866e-01	1.168916002483603389e+00	1.673198542093872643e+00
nan	2.281608185140872713e+00	-2.640229113089112012e-01	7.566215888211118568e-01	2.856536198263847637e-01
nan	5.132543851215717323e-01	8.320559090250472245e-01	-6.298072424077946208e-01	-5.663138244496949275e-02
nan	-5.889311849572002044e-01	-9.691713373739717641e-01	-2.083432729739407852e-01	-3.522298198957447002e-01
nan	-1.297759297954384494e-01	-9.596482571723525812e-01	4.957096895258040758e-01	1.622516921899959108e-01
nan	-1.551502436449138544e+00	-7.058926646225709423e-01	-4.224775543316855453e-01	-2.052233897498507986e-01
nan	1.642146638096877664e+00	-2.354449249955183898e+00	-5.467378749589363318e-01	1.455843164907264509e+00
nan	1.932538872794387297e+00	6.431444807170525468e-01	-1.259108375020332460e+00	-3.981724230296844469e-02
nan	1.749821654847447672e-01	4.095462441289981825e+00	8.508830462663928840e-01	1.044130783651559202e+00
nan	2.711722741731848352e+00	-7.396295076306095284e-01	-4.073637491464471294e-01	5.385796539124417803e-01
nan	4.041217472844688685e-01	2.381571465883403071e+00	-8.726153232118207814e-01	-2.050634485332371248e+00
nan	-1.789066510723857917e+00	5.065167212680604658e-02	9.142221437036930354e-01	1.896209588512544619e-01
nan	-3.816594912547559004e-01	-3.028883773094249499e+00	-2.444877767419295911e-01	4.392705160834602385e-01
nan	1.842211746876106337e+00	-1.599896860875149596e+00	1.004194134314379205e+00	1.557709249506450677e-01
nan	1.590467509906985655e-01	1.831690981044531430e+00	9.940008023275820684e-03	-1.468199591951182992e+00
nan	-1.893978860646412965e+00	-9.104200083687901124e-01	1.666520534219173566e+00	-1.136221104936628867e+00
nan	-1.910265882671981386e+00	-1.315038906867946888e+00	-1.656411350315336373e+00	1.638675127505584139e-01
nan	5.409071051700313770e-01	-2.542527952363705879e+00	7.843399562665552827e-01	5.830690354829388689e-01
nan	1.201371388961471443e+00	1.001239136664688445e+00	-9.039583495391957657e-02	-4.730241590599160162e-01
nan	5.481482634726280168e-01	7.658145663695429262e-01	2.287966425548833005e+00	-3.503528576946619011e-01
nan	-1.708677091042570595e+00	1.570865792229118263e+00	-7.435809030503628403e-01	2.050450183094090661e+00
nan	1.403178580519105934e+00	-2.228100556387600850e+00	1.967258944744561533e-01	-4.923897399567326444e-02
nan	-9.485069235933295262e-02	2.873266546342683192e+00	8.631000670276020026e-01	-3.701812870920556109e-01
nan	1.010434692779551336e+00	1.030766730120967090e+00	6.316149200456891988e-01	-1.593760508514191709e+00
nan	-3.526704737866494632e+00	1.335997926133910774e+00	-1.732452511755788738e-01	7.165516485922251988e-01
nan	1.255589210788133681e+00	-3.911231701977896602e+00	4.446892151556152140e-01	4.769880707918263130e-01
nan	-6.854399119755119063e-01	2.920435925452760095e-01	-8.604314072289652726e-01	2.136637156624531908e+00
nan	1.005370518195153773e+00	-1.607624710563189119e+00	-4.237949078471069456e-03	1.263001882529538600e-01
nan	1.029467246601711850e+00	1.589454157541042578e-01	9.771708776558594156e-01	-7.964399859332212950e-01
nan	1.853291499454962077e-01	-2.565627146441609163e-01	5.025036736084922406e-01	8.324491482075287163e-02
nan	2.481765874188240684e+00	2.883296782449802365e-01	-2.621189843391116270e-01	-1.140031531648507679e-01
nan	-1.265316366687521565e+00	2.785132296161408672e+00	-8.270247352738777646e-01	-2.360622027332827388e-01
nan	-1.061905899627692218e+00	-4.588928166828701860e-01	-1.500799130206229126e+00	-8.831422696591438859e-01
nan	-9.239991066857600188e-02	8.506945387833453331e-02	3.024033330782461282e-01	6.268462904796771040e-01
nan	-4.454946082314560352e-01	-6.210076269021279627e-01	2.296487418045958517e-01	6.156890622364006305e-01
nan	1.795572343055827691e+00	-2.192065150086791370e+00	5.952551964182888344e-01	3.467749792796178676e-01
nan	-6.338207074340755920e-01	-2.013756906848926942e-01	-1.450726960333698912e-01	-2.353168581898406331e-01
nan	1.651816196776507706e+00	-1.324905624404700166e+00	-1.373468707213814366e-01	-3.044023766663808139e-01
nan	5.985003031439176668e-01	3.134569889886727800e+00	1.908680584758712717e+00	1.917968354537807452e+00
nan	1.354759661991159270e+00	-4.488865524604040980e-01	2.014176341238124834e+00	-3.761345764046046813e-01
nan	-1.671861078297314673e+00	2.002703642292036790e+00	1.928521658507570846e+00	5.413650858752792061e-01
nan	4.083769300648206757e-01	-9.395744385512405650e-01	-1.906300062085054314e+00	4.708165457138575594e-01
nan	2.242480987731253705e+00	1.635025477466847121e+00	2.397488578248569216e-02	-2.339298143807598152e+00
nan	-2.712544438740370545e+00	-2.125973191047596522e-01	-3.921053088132206987e-01	3.130639958073500040e-01
nan	6.303249218328177417e-01	-1.441019513100084470e+00	-1.077476541917836483e+00	-1.102330557418879975e+00
nan	2.689174355536534389e-01	3.095589624353034530e-02	-3.537521143429789849e-01	-5.415648150010896611e-01
nan	8.724128693334785023e-01	-1.127678197659610415e+00	-2.664995673822021516e-01	-7.378846557681714713e-02
nan	-1.129677712153232205e+00	-1.067596584365423373e-01	-4.819267822104918164e-02	-9.163398533519482303e-01
nan	-1.851788978478265069e+00	-3.097906048745363350e+00	-7.834054532110974467e-01	7.339541769203516974e-01
nan	1.627135753765405646e+00	-2.298719815213990714e+00	1.398738601798018788e+00	1.858971713217669297e+00
nan	1.132706632242038047e+00	1.290146335036746805e+00	-1.102526424470697403e-01	2.403639787516886062e-01
nan	1.533708799125322431e+00	1.150056820991810058e+00	-2.557134895449781342e-01	1.214310414559420168e-02
nan	-7.311968178725550827e-01	2.084195754771556608e+00	-6.098424537696874870e-01	1.428063195312829103e+00
nan	7.652554034879585076e-01	1.598743325209789568e+00	7.072694798864201937e-01	-4.948867962377087037e-01
nan	-9.622880034921459380e-01	8.562654999635185282e-01	2.363188352249731006e-01	-1.133695081964139900e-01
nan	-1.872306216636516751e+00	-1.413756131054004106e+00	-1.714382201735871636e+00	5.523363573066307763e-01
nan	3.729509178374481593e-01	-2.565402872004360901e+00	-1.244302336975626061e-01	1.638157792917950939e+00
nan	1.632612393156181341e+00	-4.364353626299325439e-01	-1.304959729145934721e-01	-9.607061062086852399e-01
nan	-4.738898594591650637e-01	9.243063471346326665e-01	8.468368791844795851e-01	6.755424463574869476e-01
nan	2.816561317676941067e-01	-4.476446764149240032e-01	-1.280807175184080604e+00	-5.220882048653854302e-01
nan	-4.877573984046982836e-01	4.547657169319460069e-01	-8.648158379394873529e-01	4.383685271975659159e-01
nan	6.653178418493685964e-01	4.087178989730647083e-01	2.641127148126415358e-01	1.089825305136575606e+00
nan	1.792813581512137322e+00	2.037876897039331503e+00	-1.394091965336479999e-01	5.744129122148440292e-01
nan	-8.493367021106732473e-01	1.823952691587683361e+00	-3.556978729983052423e-01	2.545662851108219937e-02
nan	-5.197977082148743655e-01	-6.567220098430688324e-01	-6.298678893595892614e-01	-4.835709495797189256e-02
nan	3.851791140418361348e-01	-1.861513338745090618e+00	3.618239548579624820e-01	-1.255993728736040538e+00
nan	-1.612575807407947703e-01	-6.840973198752307027e-01	1.203685444079191300e-02	7.033482174536417331e-01
nan	9.287533609348777031e-01	-9.625763706920295038e-01	1.400010138640186197e+00	-9.288411286650445353e-01
nan	-1.036210096250989032e+00	7.483140820916157621e-01	6.696243480914494395e-01	1.669309828432126719e-01
nan	4.352419352741309089e-01	-9.891468230516378135e-01	2.900732694329499206e-01	-2.890494947382145630e-01
nan	-1.522169107253593945e-01	3.516138112268656357e-01	-2.179640304319117927e+00	-5.672082730168654940e-01
nan	-4.849109190281027382e-01	-1.569492950820424726e-01	-5.087693029448866477e-01	-4.913444871823387516e-01
nan	-2.025924200722613477e+00	1.041069703322693440e+00	1.752250001720782713e+00	1.368402411811399322e+00
nan	1.532490867588179428e+00	-2.332481413395254943e+00	-5.051946022479893994e-01	-3.203604617578167946e-01
nan	-1.255175141016234841e-02	1.776131000337513477e+00	2.280280717698035531e+00	1.260569314261875906e+00
nan	2.921257031719415309e+00	1.413179062232921890e+00	4.410401148558923956e-01	6.610392124454911311e-01
nan	-7.922137021460144979e-01	2.494074062497399158e+00	1.017660430236728919e+00	5.629248796901152874e-01
nan	6.960591375396681935e-01	1.136519780335798480e-01	-2.277047869641025402e-01	7.396385767073441198e-01
nan	9.269872438818804739e-01	-4.438535725692310807e-01	-6.448346479613495386e-02	9.935787835466260987e-01
nan	1.418166085351591166e+00	-2.651958967001091239e-01	-9.390964476096983482e-01	-1.860546233743659295e-01
nan	-5.476326415222853017e-01	2.033716747045093420e+00	-1.251456896498757132e+00	-5.590736962982399971e-01
nan	-6.732315198784744048e-01	2.131375454583844808e-01	9.037785922741277123e-01	1.001095432046879896e+00
nan	1.527413475079569816e+00	-1.269257306504977256e-01	-1.611854846655686735e-01	-4.413978224233919279e-01
nan	2.096772712972167496e-01	1.004908125009915665e+00	-4.458531886240462150e-01	-4.273432165299549390e-01
nan	-8.873983725806147138e-01	-9.994696840202288435e-02	-1.199760736650369974e+00	-4.044481199591712928e-01
nan	-3.234698232027893861e-01	-2.538879486924715767e+00	1.405360595629838283e+00	1.372332189768496802e+00
nan	7.867872582294328510e-01	-1.193531909122743428e+00	1.650637941336543735e+00	-3.491131371718829701e-01
nan	-4.246589288942730356e-01	1.758868676733239322e+00	4.802471870954540534e-01	-6.065790231686311040e-01
nan	3.949224918817551000e-02	-8.849502065653216398e-01	1.606898147061678550e+00	8.331089591769277325e-01
nan	7.103180986974656497e-01	-1.421772067437099718e+00	9.446976076968199854e-01	-3.187753918008950915e-01
nan	-4.120356276907211068e-01	1.745818152603572315e+00	-1.279438690368597697e+00	1.217345522094296223e-01
nan	-1.062943501980634808e+00	1.820590650640664387e-01	-9.339540760437105293e-02	-1.351404623249244041e+00
nan	-7.426920126796950905e-01	4.825122787216451492e-02	9.569849401061814032e-01	-9.967102598824894022e-01
nan	-1.237472588290613906e+00	-4.537779778675501974e-01	-1.150645784852920850e-01	8.941045737700700213e-01
nan	-1.029314321669697829e+00	-1.417174107013093209e+00	7.367960545196453603e-01	4.185264028028016225e-01
nan	1.384379494781189379e+00	-1.150533934112995427e+00	1.520229552404240847e+00	-1.471935599501518865e+00
nan	-1.239306437306643138e+00	9.580938979183009074e-01	6.214964684203866385e-01	-6.354789340384829899e-01
nan	-9.219893016546201192e-01	-2.458422112355274969e+00	-1.077836949432216196e+00	-6.254688730226516669e-02
nan	-3.138848122498067994e+00	1.650369326059519803e-01	-3.446578624605676350e-02	-4.589842449903889787e-01
nan	-7.445116224092531709e-01	-1.936491058333135618e+00	-4.299082934409501622e-01	-4.645220965119138401e-01
nan	-8.717083232585984831e-01	-1.664597812541070976e-01	1.922895050659929606e-01	-7.419313787273587590e-02
nan	2.311078075152057210e+00	-1.140341527052463277e+00	-7.206359970296827289e-02	3.594797831384773379e-01
nan	7.567336423291071146e-02	2.266671547187340430e+00	-1.114465748005044610e+00	1.433384656075317454e-01
nan	-1.086596221264808093e-01	-3.858164724743367580e-01	-2.646971665746831182e+00	-3.385127937835971657e-01
nan	2.045365640924929340e-01	-5.352991936597881750e-01	4.697171154518468561e-01	9.408454949101273668e-01
nan	3.725486451016294165e+00	-1.140263927397811017e+00	-3.584062821381048258e-01	3.216642200254425932e-01
nan	1.306562257467611232e+00	2.213298457893376092e+00	-1.398658965528750464e+00	-5.511483192945797471e-01
nan	1.785967474838062063e+00	1.797501321593247159e+00	-2.136280058957790995e-01	1.162784458762491369e+00
nan	1.364191681911291365e+00	2.018726252154772194e+00	-2.617664683266633485e+00	6.956306228992108487e-01
nan	1.848278201761448525e-01	2.747504889480139489e+00	-4.783307700519667249e-01	-5.116845103026118613e-01
nan	9.727209008080262009e-02	-1.306708782499043986e+00	1.368164143722674364e+00	-1.124393567049733589e+00
nan	-3.067716274700429402e+00	-9.113928852844035977e-02	-8.135720442674162500e-01	-8.330867171149938244e-01
nan	8.266728798796760813e-01	-2.977939817206360917e+00	4.677847274465682381e-01	4.967065204388525224e-02
nan	-2.315657403631666833e-01	3.560308125350086339e+00	-9.466640548285734091e-01	8.307399538453493770e-01
nan	6.317576016141996931e-01	-2.855350939581174918e-01	-7.378951853520022801e-03	-5.246051386458207011e-01
nan	-1.952696388346012224e+00	1.064550991695314863e+00	-1.257485442460581249e+00	-3.467760876487734345e-01
nan	7.190385411103777935e-01	-1.145628970106373323e+00	-2.664031025605919645e-01	1.422651415300080435e+00
nan	2.469437621266655558e+00	-5.045376220766119024e-01	-8.551823936283893257e-01	1.918556506605923473e-01
nan	1.262078085095967861e+00	2.442136632683554964e+00	1.843670026153033659e-01	-7.592238717119162983e-01
nan	-1.622410971620676712e+00	-6.290040492291271157e-02	-1.841541776936135966e+00	-1.095577187113766060e+00
nan	-1.545765725915856148e+00	-2.267807136751912811e+00	5.012245766721667994e-01	-7.339787874015946123e-02
nan	3.741597117979868492e-01	-8.640781984995671294e-02	-9.373599358162939543e-01	-3.112761082783022104e-01
nan	-7.614531663208816692e-01	3.137551514651107931e-01	2.859121465101042148e-01	1.274376607638063152e+00
nan	1.320704658676776999e+00	-4.197696885453490734e-01	2.543802258246865566e-01	2.735581440184607360e-01
nan	1.581845920005353900e-01	9.895988751687707641e-01	4.742664859510469788e-01	7.926208743636171672e-01
nan	-5.247563179745733386e-01	-7.790835306635313096e-01	5.504877941090442761e-02	1.256162579706425086e+00
nan	1.368375550657675799e+00	-5.001185663715268515e-02	5.603558283456807620e-01	8.108706254755067011e-01
nan	2.328729213083924776e+00	2.370635833894507716e+00	-4.032445467453092403e-01	-8.702322030979980916e-01
nan	4.916485742820202454e-01	9.512775903123589227e-01	1.302312470757714058e+00	9.780826856028808081e-01
nan	1.188280265394865864e+00	3.593541115667672203e-01	-7.301863351532205115e-01	1.034572084808412562e+00
nan	-2.745116481840250700e-01	-2.962561585493364014e-01	1.955103950717826666e-01	-8.263220403944618875e-01
nan	-4.536839817340923009e-01	-3.326341033079743270e-01	9.625200900330170839e-01	1.081685589736889330e+00
nan	2.740807605522100232e+00	-7.580338459247016880e-01	-9.012286424915932903e-01	2.052834032741576387e+00
nan	8.430496555587032592e-01	3.933197755900605053e+00	1.876915335048002786e-01	-9.647607126541716260e-01
nan	5.918480136515839041e-01	-2.753527769249404233e-01	7.625938472614283148e-01	1.182918600343243698e+00
nan	2.616896220663131878e+00	-4.024446076452625753e-02	-1.239972877880510249e-01	6.897799448849755155e-01
nan	1.009403007028562671e+00	2.378591462095693387e+00	9.085880750700959796e-01	-4.485255094401117693e-01
nan	-1.011560516429570011e+00	-5.235057352004037767e-01	-1.248792284157719923e+00	9.450584779014106207e-01
nan	1.121525936638754661e+00	-1.387470719309301659e+00	1.487446897792878531e+00	8.559390813390894692e-01
nan	-2.809769836499620421e-01	-9.924314502448501329e-01	-1.486649093974465041e-01	-1.452994870968557679e-02
nan	-1.120058450430298169e+00	1.019052202818907960e+00	-1.961587013447059769e-01	2.496458040763094022e-01
nan	-1.513436727813765870e-01	-2.252645205302567177e+00	-6.675504580750539763e-01	-4.052688242685327513e-02
nan	5.376851477573107996e-01	-7.912940142219545558e-01	1.728707437819438697e+00	-4.187264506369112738e-01
nan	-6.060267831949128770e-01	1.742619494337052766e+00	1.726805575723754371e+00	7.246094429895327815e-01
nan	-2.971002288373769673e-02	2.280084658486070115e-01	-5.197714208903244648e-01	3.003803265609328865e-01
nan	-2.011106972498444834e-01	-2.153098075841464454e-01	-5.977030661688820246e-01	1.162067192631224266e+00
nan	1.515033234718388133e+00	-4.909306263142207971e-01	5.996321125329800994e-01	7.936077680018047142e-02
nan	-1.384310612952926123e+00	1.866926324457204300e+00	-4.194204202491053773e-02	4.532723472925370700e-01
nan	2.249237171333687613e+00	-1.929629005908121364e+00	-4.916353357929683088e-01	-7.253699487471693130e-01
nan	-1.222416204791161309e+00	1.327620706914014459e+00	3.906156689272038268e-02	-1.249537128718589685e+00
nan	-1.394663461043187613e+00	-1.395281751136533632e+00	-8.716444380272588832e-01	-2.316036680527520986e+00
nan	1.855327219565641172e-01	-1.445833694162612426e+00	-5.458415832291607650e-01	-3.603588223283352709e-01
nan	-9.468105620170284009e-01	-6.673254745788299580e-01	7.901197219976384412e-02	-2.690052032317604147e-01
nan	1.634055086423467085e+00	-1.558180253495668355e+00	-7.385577686699997813e-01	-2.646454372219095991e-02
nan	-6.924713441892997867e-01	1.096671087482319340e-01	1.762086483821270477e-01	-2.038773265562438264e-01
nan	-9.036203077521176574e-01	-1.756200720526750469e+00	-1.613207127124806628e-01	1.536463957504090816e+00
nan	1.162533012243180730e+00	-6.697307561091895289e-01	5.466768098277797749e-01	6.162877793748482436e-01
nan	-3.834501636178815343e-01	2.556354243238986079e+00	-8.571623709688138693e-01	3.321031462781522947e-01
nan	1.560977170163132088e+00	-5.489288897326991545e-01	-7.312737377494592517e-01	1.261016861049296223e+00
nan	8.846984804380549905e-01	8.332922114549609072e-01	-3.943513401413749619e-01	4.634709867033237618e-01
nan	-2.896445792736231928e-01	2.382328332226333778e+00	7.290714148271596473e-01	1.402073573174708876e-01
nan	-5.558713073571934782e-01	-8.675900203121247323e-01	6.623798293675983162e-01	-1.535162360749192434e+00
nan	-1.961489247253929813e+00	-2.834716767950362093e-01	-1.176129265579589633e+00	-9.178303266262772819e-01
nan	-2.248082147160457733e+00	-4.415782407201128024e+00	2.781578185128523728e-01	7.478315439852435409e-01
nan	2.304805600288120981e+00	-3.951737407169226390e+00	-1.022677803178116962e+00	1.615024803397731024e+00
nan	2.875945455737567436e+00	2.771823335147824530e+00	3.212431281184742748e-01	1.310548809825353489e+00
nan	1.122482832409134712e+00	2.140070153024081989e+00	-6.983589711951926349e-01	1.293519255811523383e+00
nan	2.447721825462003675e-01	2.460880717740696610e+00	-6.894739638727243047e-01	-8.230783945986989147e-01
nan	-2.790550481458489163e-01	8.978773186290099906e-01	1.832281345587382371e-01	-3.566134572402068770e-01
nan	-4.279076278389348786e-02	1.596620003179737846e-01	-3.481143517259936981e-01	1.455257906608157681e+00
nan	3.038718304767875189e+00	-8.301043658693668670e-01	7.698056747115350484e-01	-1.146822519165244358e+00
nan	-8.711292829185732778e-01	1.096572121503721409e+00	1.895044288511742170e-01	5.304785292113434192e-01
nan	6.171764662485776931e-01	-8.743774220584672463e-01	1.147511258070434748e+00	-1.815217012503900218e+00
nan	-1.968154934920767207e+00	2.322936954103995699e-01	6.308828371856939343e-01	1.379597517921598238e+00
nan	1.636526817851489790e+00	-2.292853136774739120e+00	7.664261800570565386e-02	6.734909598315654833e-01
nan	1.858011663699888460e+00	-7.820289250704259842e-02	5.626891162520275547e-01	-9.726538230830973630e-02
nan	1.707974036972043752e+00	2.188723512221028233e+00	-1.779966227389489841e+00	-9.274773073298469006e-01
nan	-9.176604830916639255e-01	2.195503166601018297e+00	-6.414090056746530877e-01	1.937730880005004430e-01
nan	-1.259249784226052160e+00	-4.072866514030982543e+00	9.656208675683296550e-01	5.571040920747379888e-01
nan	9.514185602882812010e-01	-1.152283727614876074e+00	-8.956135900066338751e-01	9.248204126183393603e-01
nan	6.375957859416427898e-01	-7.872102314769475750e-01	1.044227697171576041e+00	9.325863264358253968e-01
nan	3.225055521190325347e-01	1.156710970656827708e+00	1.449804903261791234e+00	-6.184076830668580049e-01
nan	-5.434675772688761786e-01	8.474506348192864524e-02	-4.011573542113900936e-01	-5.823217069997544959e-01
nan	-8.482624334594568438e-01	-1.351464635608489395e+00	-1.422206069449429844e+00	-9.395268734429848001e-01
nan	-4.616428640770309233e-02	-2.131231910814609387e-01	-8.795706922117537685e-01	1.630994093195920147e+00
nan	1.394822666795326294e+00	-4.277391863329106925e-01	-9.491710252397494996e-01	-6.017957537839695864e-02
nan	-7.175977702357845267e-01	1.078587432279568104e+00	-9.117510979200457166e-01	4.934235390724830417e-01
nan	1.684449677861564298e+00	1.788046363852553888e+00	-5.490888289781280518e-01	3.534861307132382280e-02
nan	6.453728711712080068e-01	1.620883255299993220e+00	1.154796831476550656e+00	7.688508183310602262e-02
nan	-4.204015970427877891e-01	1.872810548007664000e+00	-1.832826398778784061e+00	-2.459337273465962981e-01
nan	-2.195383782594067856e+00	-7.243654949492419615e-01	-3.710608641914726891e-02	1.790486851646245547e+00
nan	1.990626851112033302e+00	-2.493376311290000480e+00	-2.735382087545932706e+00	1.362983251261898232e+00
nan	2.426092284303572821e+00	2.198680194075202099e+00	-2.017514836050340044e-01	-6.528893721717919929e-01
nan	-8.032268409055878244e-01	2.452889096307304229e+00	1.407868975737517570e+00	1.419957653743208370e+00
nan	3.261542322755736745e+00	-6.150441524370895419e-01	1.179687173419246421e-01	-1.790108608577492655e+00
nan	-6.443084880530016711e-01	3.842906001511988912e+00	1.203101967211976708e+00	-6.826662003466931194e-01
nan	-4.241042506666863332e-01	-1.763755558822171388e+00	8.033261579624578763e-01	-2.073356919891430561e+00
nan	-1.371403405871733927e+00	5.464337440067709162e-01	7.101600686024541753e-01	8.482893637683756038e-01
nan	7.300645168834053456e-01	-1.734461799012136707e+00	6.773257836206951765e-01	1.253902154822591042e+00
nan	1.426211437720898090e+00	-2.743535535691975502e-01	-1.642253092649837987e+00	-1.970595981058984869e-01
nan	8.456158406790301729e-01	1.491589153686334379e+00	-4.193794444764878948e-01	-6.867397882771583140e-01
nan	-1.208146264516407831e+00	2.180212469748253667e+00	2.647366798143765410e-01	1.688156092358936489e+00
nan	7.892701507260049265e-01	5.323570679573963460e-02	7.703914380213008339e-01	-1.258699841399118502e-01
nan	-2.084562933208384372e+00	9.762426270244947135e-01	6.852395611273388587e-01	8.738962665490548343e-01
nan	-1.554705275051478042e+00	-2.344291664611435788e+00	-5.330263298081131668e-02	2.130516012811760167e-03
nan	-8.592070882589377678e-01	-4.842082434439504368e+00	7.066310348283381115e-01	2.784763406881998749e-01
nan	-1.194504539576656921e+00	-4.491044727980503248e-01	9.199742427333172934e-01	2.088413783416109004e-01
nan	-2.030174749971810078e-01	1.081583382687218986e-01	2.774004549075911319e-01	2.274423728111058640e+00
nan	1.797590024651619878e+00	-8.644566385147777199e-01	-3.646580320614050130e-01	2.054974741929198601e-01
nan	8.739970402286648676e-01	1.825668411636802713e+00	2.048475017389452368e+00	5.527868643092150869e-01
nan	-6.647162905226200458e-02	-4.340386909339578603e-01	6.411499466879011511e-01	1.515073618716038517e+00
nan	2.109880311534576336e+00	2.068950375491021565e-01	-9.001875065482259908e-01	-2.711703849483789730e-01
nan	2.480000077603183861e-01	3.102955995731574212e+00	-8.309705729949078412e-01	3.068346377536401159e-01
nan	-4.515514937353286018e-01	-1.044725073090801537e+00	-9.524418115230869342e-01	-4.497385106933046162e-01
nan	1.011448858019639463e+00	4.332232535594800482e-01	-1.375477488496258949e-01	-9.606021211243127578e-01
nan	-9.198012686816056105e-01	2.401736979365443947e+00	1.236490650996220131e+00	3.541279020811758937e-01
nan	-3.275912172054430638e+00	-1.594542050561191138e+00	1.527347241097938568e-01	1.902927248282516359e+00
nan	2.596593293864007723e+00	-2.858557777785244447e+00	-1.367872999095398057e-01	2.425026332281804642e+00
nan	1.309643919230500275e+00	2.033010385936434350e+00	1.004223144142734059e+00	-1.343355376943307089e+00
nan	-1.325599025006628073e+00	1.274932008052142018e+00	1.420816662591609214e+00	1.439347987513699412e+00
nan	2.321404389951069014e+00	-6.432330265533676705e-01	-5.357616097892839990e-01	-1.133357390148774124e+00
nan	-2.975916012409490552e+00	3.589728873425903632e-01	6.845033582831612506e-02	2.051506001162871906e-01
nan	1.247120432304678950e+00	-4.514076690964302863e+00	-2.887273337552046515e-01	-1.048138809498391000e+00
nan	-1.299342657548441249e+00	-7.358878788598066656e-01	1.055668134673737768e+00	-4.628670875033234489e-01
nan	-2.477681816352087285e+00	-2.728867129784819490e+00	6.274854125019175832e-01	5.423942602950535541e-01
nan	2.471730813195524235e+00	-1.263265275237400731e+00	-6.482879769827685212e-01	2.889848878043340674e-01
nan	1.104205623667145586e+00	2.552292334306710764e+00	1.560338721336032575e-01	7.467191959442912585e-01
nan	4.657401069163700225e-01	1.486392846734395867e+00	-1.156049202952125432e+00	-4.889365174854436169e-03
nan	-1.972698698977620180e-01	3.087883884072212259e-01	-3.925001472384954948e-02	4.236103676452108169e-01
nan	-1.825088085590691911e+00	-4.072062854243092556e-01	9.962904625732869057e-01	-7.537007262759563009e-01
nan	-2.260507520783387125e+00	-1.668429749952285324e+00	-7.686285050138914610e-01	4.996948603538466926e-01
nan	5.534705413315164080e-01	-3.582596658428882641e-01	7.562196667961295082e-01	3.101336316000514182e-01
nan	7.294187439794203032e-02	-3.210062676927706304e-01	-5.739239425253084281e-01	2.070998472289849457e-01
nan	6.187117166680922153e-01	1.719614587001739414e+00	2.847958523931498842e+00	-1.779337223176648830e-01
nan	-3.585747112847549323e-01	2.014162182349294561e+00	3.911754035206486679e-01	-3.741804860529230892e-01
nan	3.602124704542969402e-01	-1.509535941767806477e+00	-2.691907254859116638e-01	-1.059143286105286852e-01
nan	-3.523891555509565121e-01	-4.032465448910882433e-01	-2.255459689200476792e+00	8.973453496807497487e-01
nan	2.229995583109844581e+00	-2.135963823152600138e+00	1.432935401549770393e+00	-1.528587509495935137e+00
nan	-3.110184897038300367e+00	1.327183159455298300e+00	2.842842674260461222e-01	4.626612345537424176e-01
nan	7.205876523975471848e-01	-4.110927399254945769e+00	-6.344983400949260055e-01	-1.669499333018123477e-01
nan	6.223132726907460999e-01	5.333734981126398988e-01	5.598438539090315746e-01	2.028469294541888956e+00
nan	2.512358864562795446e+00	8.961543790214170357e-01	-1.232270769610214423e+00	-1.512607719585234101e+00
nan	2.135870976793339260e-01	1.885604755334930438e+00	-3.641502416188264202e-01	-2.059192902865280228e+00
nan	-1.502474886409159938e+00	-1.472738748519897056e+00	-1.380017447052600099e+00	4.121607791228824036e-01
nan	-1.651165442693519392e+00	-2.057301466413049340e+00	1.121488792963990955e+00	7.549753980171407530e-01
nan	6.490161064718195094e-01	-4.204395337687014678e-01	1.631553093168617297e-01	8.787980550781782085e-01
nan	8.910026256939308498e-01	1.773152168960758335e+00	-1.498852019508953193e+00	1.220402500288966380e-01
nan	8.211701901581812679e-01	5.637292437175925874e-01	6.165158412745254113e-01	-4.937197435413514524e-01
nan	5.886746635380196713e-02	1.552863195850244793e-01	-1.124766103425112407e+00	-1.695613726590847969e+00
nan	-1.014569936538299189e+00	-2.061713576417240068e-01	1.156183744931508439e+00	-7.824998526221639272e-01
nan	-9.865927990609462128e-01	-5.675462740690151442e-02	6.329026381999265372e-01	-8.557897841979416054e-01
nan	-5.835490699043233143e-02	-6.475085010951879827e-01	1.031040378711502781e+00	-9.326839118148489982e-01
nan	-1.716352181367065022e+00	-5.819825060969637809e-01	1.107816855124237110e+00	4.580549577615046219e-01
nan	6.694091350734006074e-01	-1.079434264937783716e+00	8.785911712706997445e-01	-2.344175239764995311e+00
nan	-3.082488518800369004e+00	2.577129402808248648e-01	4.027827977167657281e-01	-6.938507567391821729e-01
nan	-1.261255826759581700e+00	-2.016092580326465988e+00	1.138064360147359455e+00	5.938259715192263644e-02
nan	1.326026622678070366e-01	-2.349197613780171778e+00	2.248113813453742615e+00	-2.441495793859660146e-01
nan	-8.011932190247919028e-01	-3.602542748463419264e-01	1.416151311304096216e+00	8.522232370753068942e-01
nan	2.050076953011326086e-02	1.584323468036695770e+00	1.745359340596469022e-01	1.951139853252351175e+00
nan	4.277323727738639114e+00	1.559368994787166063e+00	1.413504267358938637e+00	-1.573235854305007897e-01
nan	-1.716910985349524577e-01	3.958792836638941548e+00	-1.374329222797441019e-01	-6.748447481849896568e-02
nan	7.244420415725169038e-01	1.037354379326650644e+00	2.509237873498537663e+00	-1.559882309283541435e+00
nan	-7.959391155126974704e-01	1.096020993880859384e+00	-1.354039607610547646e-01	-7.959333477726793227e-02
nan	2.772939783525020019e+00	-1.265733778703768353e+00	8.285609592222590303e-01	-1.216205063273614995e+00
nan	-4.485505301101653242e-01	3.365370782916490278e+00	2.072789385778427973e-01	9.883609038556068205e-01
nan	7.791024972931426262e-02	-1.564517497389995127e+00	-9.963637409246584031e-02	-1.411417524544601898e+00
nan	-4.848581742602585676e-01	-5.174402502576734841e-01	-1.459911080886589385e+00	7.699130838092329565e-01
nan	1.056675011350380444e+00	1.740642542059432696e+00	-8.691620006672374776e-01	-7.807473608039778856e-01
nan	-2.871519329716760160e-01	5.089729514826173418e-01	3.113680739742472614e-01	1.467788496961704992e+00
nan	2.464078914402189735e+00	1.552066099007774813e+00	-1.249327363908705746e-01	9.478156713452706716e-01
nan	1.890043665117280947e+00	2.159341194098572281e+00	-8.189757954854092192e-01	4.702682036619269534e-01
nan	1.159549273756940835e+00	7.148065720332008599e-01	-4.135139540699112604e-01	8.302814844461032795e-01
nan	-5.501654143445970924e-01	1.013362227375977920e+00	5.208819657860827568e-02	-1.042102516166372971e-02
nan	1.518748647782767858e+00	-1.426485121492242047e+00	-1.972561219234164887e-01	5.430652080874904808e-01
nan	1.525483568334626394e+00	9.044956944566909796e-01	4.958100703425247224e-01	1.570159998942810553e+00
nan	1.122628166457676935e+00	1.499719053672171398e+00	2.067682875497835540e-02	-1.525166693268996232e+00
nan	-2.890868472821229052e+00	1.470823573199994794e+00	-3.613483789647972677e-01	-1.698166655639268052e+00
nan	-3.231505764164825933e+00	-2.936582134372858199e+00	4.915768767078456114e-01	9.693224003405452871e-01
nan	1.374509387722688381e+00	-3.278447606296089223e+00	-1.024359843436938172e-01	2.261548036446699161e-01
nan	-7.030171538094861505e-01	1.650287906744789534e+00	1.586960296378874258e+00	1.879091009855789890e-02
nan	2.842452255416125229e-01	-6.609117968460482828e-01	8.792355940874581055e-01	-1.338428060188010527e-01
nan	-1.693685047874655458e+00	1.614459324764328407e+00	-1.655335676796483302e+00	-8.306108921510400034e-01
nan	-1.576558170760587574e+00	-1.450447275973672845e+00	3.165550283167118534e-02	-8.573778202651376468e-01
nan	-1.789157073142625398e-01	6.832942553335701330e-01	7.950178107047242149e-01	-3.586356652135547218e-01
nan	-6.978384157181655167e-01	1.220910977815604426e+00	2.291376311942484367e+00	2.524767111476317605e-01
nan	-2.153626688010080170e-01	-1.011102437811531862e-01	-1.695043264246066217e+00	1.939424479520554245e-01
nan	-5.933451590905752804e-01	1.758543506399618872e+00	-4.739988673890369042e-01	1.849653598776701546e+00
nan	1.232388256123520431e+00	4.229748008962005423e-01	2.729830017863452696e-01	-2.588786763141084801e+00
nan	-1.496261701119675935e+00	1.204887542214104101e+00	7.087012180661814709e-01	7.645317849733799243e-01
nan	1.046026812988813948e+00	-6.713596637597800676e-01	-8.512552982100609622e-01	6.103515613254579808e-01
nan	1.756556436307001867e+00	1.927550165098625312e+00	-7.868778270207624770e-01	6.240176201391866018e-01
nan	-4.650827962231364188e-01	2.116082461299802819e+00	2.498484139933629056e+00	-3.188903864689884154e-02
nan	2.290174042142550714e+00	-7.652929865063404780e-01	1.790646567435575598e+00	-1.752421352293697110e+00
nan	-3.725800775258412134e+00	2.420041636967813048e+00	8.406695180732367545e-01	1.771577179898761456e-01
nan	6.148697228790707126e-01	-3.949787476402942143e+00	-7.878224071129304173e-02	-2.687906379102745213e-01
nan	-7.234619471802790081e-01	5.871049157582560740e-01	3.220352768496858448e-02	-8.008555097512877197e-01
nan	-1.099661939321768367e+00	-2.254452580888028024e+00	-5.918375480352565665e-01	-2.755782301422593505e-01
nan	5.913225774994828043e-01	-2.438994790058160334e+00	-5.384530042767204927e-01	-3.183068094976834739e-02
nan	-1.484061290827887403e+00	1.078725387163959937e+00	-5.689667346364765121e-01	1.554845807752947895e+00
nan	1.077045712334192551e-01	-1.888559140848395490e+00	-3.090201838472817972e-02	9.673273817238885186e-02
nan	4.600379532650735737e-01	-1.878243329903068748e-01	-9.029178068127402534e-01	4.652838281014522875e-02
nan	8.398291805771276874e-02	1.574779579432098453e-01	1.037154798306242354e+00	5.772124762687488309e-01
nan	5.107078141402461302e-01	-6.138743113243053107e-02	5.703004147567258819e-01	9.607302615830630721e-01
nan	1.975447891630333075e-01	-7.617477686775391277e-01	-4.637353751203167063e-01	8.458966713794706660e-01
nan	2.698719282030297872e+00	-5.301425120149982906e-02	-5.895676847448568791e-01	-1.691139578878273486e-01
nan	2.735628922473352653e-01	2.817829932438234319e+00	-7.194191853287856819e-01	1.182416246822085792e+00
nan	2.491731593118712063e+00	3.297070789741033403e-01	-2.208940357662684817e-01	-8.200535046650369031e-01
nan	-5.867902790156939163e-01	2.185625093759133719e+00	4.515238471326690761e-01	9.545438750651295823e-02
nan	4.358982038068284215e-01	2.290435467923312984e-01	-4.721849846013616570e-01	1.138861856035512821e+00
nan	6.615696471257903610e-01	1.961180281044764273e-01	3.720598419728254891e-01	9.100668744187234704e-01
nan	2.982077550762989304e-01	-3.928173335605025240e-01	-1.410348451587694063e+00	-3.709536706579514287e-01
nan	-1.390818856333772668e+00	-6.351348198955595326e-01	6.356898597022242470e-01	5.666723193351718146e-01
nan	9.307174767045537367e-01	-6.200848410056384319e-01	-3.222139057362337078e-01	7.290552958869475075e-01
nan	8.006841127789519064e-01	7.509225309548650529e-01	-3.561719408967379263e-01	-9.336192470459102610e-01
nan	-3.768207889025179114e-01	1.830979989522089069e-01	-1.393094139083752125e+00	8.668066931450630480e-03
nan	7.441361797626581120e-01	9.304161026424753178e-01	-1.291777238908376368e+00	1.161457583169174690e+00
nan	1.980802006717384156e+00	1.160278538873251275e+00	-7.398771513434511116e-01	-2.628629186048406230e-01
nan	1.112290819965306321e+00	2.153527534687841527e+00	-8.871583002539487617e-02	-9.201968273820929634e-01
nan	1.036990753961317235e+00	-4.225711106135525696e-01	-5.388201094138636016e-01	1.228326813165550480e+00
nan	9.282463342772901971e-01	1.299540799304129024e+00	1.553617193116427098e+00	-1.324363228983110430e+00
nan	6.914951802688393823e-01	1.506561453746502188e+00	-6.016511808547316820e-01	4.178605826112545829e-01
nan	1.781003934466297844e-01	7.829792503720099939e-01	-1.842360552336327062e-01	1.241768214831179273e+00
nan	2.055030804445444392e+00	1.730594789239615849e+00	3.123847632491345561e-01	-5.418123236149542388e-01
nan	5.040343763763391882e-01	4.257557492869697313e+00	1.718038220719242615e+00	-1.676429520509758797e+00
nan	-3.000600292836105965e+00	9.431580170939557473e-01	-3.590519410343260276e-01	1.659770979540862834e+00
nan	7.400405405263149605e-01	-2.362761502506122380e+00	1.484525508432867902e+00	8.989053780817816142e-01
nan	2.199014593571080756e+00	1.616679230477388707e+00	-9.060900774890262577e-01	-9.237165883253296572e-01
nan	-7.108728340868343265e-01	3.959704296733423501e+00	-2.421951567764492719e+00	3.330289299334724396e-01
nan	8.854896952782042030e-01	-9.199287913887512769e-01	1.795537345604037327e+00	5.737293367200591021e-01
nan	-8.047116464276424797e-01	5.966578388434022884e-01	7.162469886661024798e-01	-3.860658950923344657e-01
nan	-8.845953605475235237e-01	-1.028660931133598799e+00	-1.531884575588712549e-01	4.853067572863153933e-01
nan	1.617248468678278872e+00	-8.641564433050942240e-01	2.933448435430132673e-01	-1.635383336122970821e-01
nan	1.411825975197088301e+00	1.140369827076660236e+00	1.762467995820071964e+00	-8.064215174644923101e-01
nan	-2.938451264911581262e+00	8.553742517340992002e-01	1.165509205847437668e+00	-1.868957956678631183e+00
nan	-2.532491892645823306e+00	-4.457816155896762389e+00	2.500734010510645700e-01	2.009482537110184097e+00
nan	1.078119851549731223e+00	-2.952061980548327913e+00	1.438869448928750572e+00	1.151037937466386829e+00
nan	5.557927953179584435e-01	5.650418717928553658e-01	6.471911609721677783e-01	-1.251782879957678840e-01
nan	8.403703209524984730e-02	1.430473986657685881e+00	8.776772738009908092e-01	4.032373581618808323e-01
nan	6.089222328128574002e-01	-8.068215720285781822e-01	-6.169369497595715846e-01	2.982229179902916652e-02
nan	4.711508711829530682e-01	2.057564500247726080e+00	1.557749286727382609e-01	-1.557539260858803676e+00
nan	-1.527631905172280202e+00	1.211500239647122168e+00	-2.255477974914354422e-01	7.898845058694933807e-02
nan	-6.877722927085021531e-01	-1.793916728151751627e+00	-1.031909852752927126e+00	-8.258307887209930254e-01
nan	-1.355255462693188306e+00	4.409393903681144700e-01	-7.586431200257586216e-01	-4.198397801809184982e-01
nan	-8.623945413879277044e-01	-1.436196622893173958e+00	9.202567134609274113e-02	-1.018400952166859552e+00
nan	-2.035753110747579697e+00	-7.215222117574195959e-01	-1.063844304657590945e+00	1.542139431854546716e+00
nan	9.363648375977339233e-01	-2.933024890223622005e+00	-3.713642889824132487e-01	4.724420602060030450e-01
nan	-8.164141396260944372e-01	-6.110757907718548099e-01	-3.426925606371923894e-01	1.434944970298309252e+00
nan	8.769476506540360150e-01	-8.098719201716771954e-01	-2.760328049892056823e-01	7.742127306874454495e-01
nan	1.214593307018352331e+00	-1.657926507757545576e+00	1.867225861269837139e+00	-1.029449578532648069e+00
nan	-1.801634591845582278e+00	-1.793752109979456222e-01	2.281210152234285637e-01	-5.261718129039704150e-01
nan	1.866084860024702641e-01	-2.351642817804992625e+00	3.022310209016154658e+00	-1.851748735400661761e-01
nan	2.385284851273815065e-01	1.138847755671391071e-01	-1.673065414062906431e-01	-1.275584202472483719e+00
nan	-4.289442579552911194e-01	1.301122734085460309e+00	-1.014050206613744232e+00	-6.806372028793025164e-01
nan	3.749315612953193488e-01	-9.359315824597217448e-01	-1.809194600214129034e-01	-2.928152629175253541e-01
nan	-1.088770397819312397e+00	1.334233765112664005e-01	-5.204114079811874571e-01	-1.569908523093916042e+00
nan	-1.233057784974217475e+00	-2.464084748332233232e+00	2.109264598726295681e+00	-7.425183192720810621e-02
nan	-6.744221577798209522e-01	-1.378989038426916780e+00	7.149269458883111827e-01	9.749853911096302284e-01
nan	2.209528474755379168e+00	-6.359670720856720472e-01	4.729103513355541466e-01	7.719309531904097188e-01
nan	-8.946839737150393823e-01	2.167664120407349237e+00	4.400704581573321450e-01	1.816380999310150068e+00
nan	2.084718787808885310e+00	-8.567262154459664991e-01	-1.549773056000135707e+00	-1.744453368987993080e+00
nan	-3.752364702345005743e-01	-2.829244381072459902e-03	1.564157098236959031e+00	-1.036920442113724805e+00
nan	-1.044829807101431474e+00	-7.647380883324961243e-01	-1.643602488446807008e-01	8.380453739331712448e-01
nan	-5.104389432511444724e-01	8.988755723410357668e-02	-1.045955971168218257e+00	1.452576939296016667e-01
nan	4.117993734475558498e-02	-2.011691011351087743e-01	-1.221464402085530976e+00	-8.040432071013081661e-02
nan	8.774350930950264305e-02	-1.203675484554617370e+00	-1.756930272387853820e-01	-1.252864108311414759e-01
nan	-1.016003692552120974e+00	8.929199766878579414e-01	-1.379579712582332807e+00	-3.173425933607566529e-01
nan	-9.977920820246951594e-01	-2.377950789065846893e-01	4.429985364312419849e-01	2.693886004783011545e-01
nan	-2.957549941892259060e-01	-2.519324692781228503e+00	-4.496145355234618113e-01	-2.706853145835247387e-01
nan	-5.418387921467435753e-01	1.555266842122930093e+00	2.581558750118714274e-01	1.411017362763430594e+00
nan	8.419702267849841215e-01	3.072520333164761031e-01	5.524129470424650190e-01	2.907973599265010201e-01
nan	5.438404264604466132e-01	1.116662119964505262e+00	1.963805446022460766e-01	2.286592413526858270e+00
nan	1.741740282399868889e+00	4.038727982179077802e-01	9.120590161555830466e-01	-1.147896347114684801e+00
nan	-7.904456102352650504e-01	9.592505647172840932e-01	-9.066933112803651218e-01	1.201112810693198307e+00
nan	-6.978817073124710113e-02	-8.998948070952667022e-01	9.173444381759021660e-01	-9.949747159716106903e-01
nan	-2.355993056834082999e+00	1.435088130124203110e+00	-1.216734458055095836e+00	4.064911793251716476e-01
nan	3.220536185419152209e-01	-1.730600999840953724e+00	4.220006551142716639e-02	8.491579398085734587e-01
nan	1.049062447823537747e-01	-9.993465525516576076e-01	3.892375269442573810e-02	4.538744407055830821e-01
nan	6.146082525314747746e-01	-3.983923258361005137e-01	-1.605196698898109231e-01	7.275001711621306155e-01
nan	4.447902455068197813e-01	1.291355565145184237e+00	1.806462188041018990e+00	1.289837944315787688e+00
nan	1.620595549359882037e+00	1.331040977837029682e-01	1.061347888160960373e+00	-5.070502457194910884e-01
nan	-1.524582610391641779e+00	8.906652342654851617e-01	-9.178534519872432185e-01	-1.287316018668901663e+00
nan	-9.726765158573025261e-01	-9.734566111467005678e-01	-7.126868176411744749e-01	-6.002873636282409775e-01
nan	1.207754156295463677e+00	1.026533818477253002e+00	-4.328860953350892327e-02	-1.445431488557250121e+00
nan	-1.388838653435422676e+00	2.747456472593733379e-01	3.895236754403513246e-01	-1.662199902678679564e+00
nan	-2.402398289325460290e+00	-2.464204904051011447e+00	-1.279812974359900934e+00	-2.567948835635062377e+00
nan	-3.071878400562830791e-01	-1.357081543249870847e+00	1.290044849654319981e+00	-3.276507850113879461e-01
nan	-7.737580593202468826e-01	-3.647921637952432072e-01	-8.182984985758444685e-01	5.318574778816173021e-01
nan	-3.954079646470054499e-02	1.913524827836636799e-01	-2.696147489010793374e-01	-1.216878104841599695e-02
nan	-1.325128079902944789e+00	3.395008571873095460e-01	-2.430744651319863281e-01	7.323307505187912625e-01
nan	4.812044672730608763e-01	-2.881115464573696272e+00	4.299521606120636913e-02	-1.694553522322660433e+00
nan	-1.474693170567537681e+00	-1.647997295442372723e-01	-1.039320466084033168e+00	2.106827465868914562e-01
nan	-5.543087163543582996e-01	-9.945576518368061114e-01	4.065950880016539482e-01	8.689027574684941024e-01
nan	1.522883729039824274e+00	1.233631626972814921e+00	-8.861450745773812310e-01	-6.022861077547700948e-01
nan	-7.258973498696739135e-01	2.140590980476914318e+00	-1.186949862500089825e+00	-7.535237573067288253e-01
