nan	6.323953000203786923e-01	-1.145097964508615451e+00	6.088681452765286606e-01	-7.844703631025892188e-01
nan	-1.786418164454067536e+00	2.047254626689660739e+00	-8.691433320590931100e-01	3.623826425547392316e-01
nan	1.474869108403066953e+00	-5.766025001006223061e-01	-5.161919288197406308e-01	-1.385039788432451457e+00
nan	7.536162061805506962e-01	6.401358914803739752e-01	-1.563293244287496053e+00	1.979612938666562294e-01
nan	-7.153752731671931819e-01	-2.395966962899354069e-02	1.039076848238866813e+00	6.855081034747843027e-01
nan	2.444599619312843863e+00	-5.109167860930988736e-01	-3.315286805643704038e-01	2.011577533316576627e+00
nan	3.068651447138989852e+00	1.774491925223977695e+00	3.322505884710048041e-01	-3.552838808672859061e-01
nan	2.492102625287206941e-01	1.536697514752535909e+00	-9.918318857490383555e-01	1.293952354901531265e+00
nan	5.226103614861119517e-01	1.648354841159349826e+00	-1.362449271153243213e+00	9.088955395122511050e-01
nan	1.069589467792191995e+00	-2.505113719684404217e-01	4.954441555247022233e-01	9.310992202354448910e-01
nan	1.270971839436676465e+00	1.092560564427232261e+00	6.818388470494862741e-01	9.353081895583991168e-01
nan	6.191329968902588021e-01	6.538268223729692963e-02	-7.421832702251117686e-01	-1.694029829498777451e+00
nan	-1.353839530460303031e+00	1.573736610454468110e+00	4.630842754137691752e-01	5.660723144243247074e-01
nan	4.455544201765164192e-01	-6.668500245856621156e-01	9.534222848546619611e-01	2.237115599349418282e+00
nan	4.048836628618648348e+00	-3.783461651650580904e-01	1.259476667364748392e+00	-5.356107482038285905e-02
nan	2.516642761618546498e+00	4.994444906056020095e+00	-4.412108601611087200e-01	1.106804202848112428e+00
nan	2.003045473916873931e+00	3.327412424654089484e+00	-8.428072401771210531e-01	1.240312003526194307e+00
nan	1.246323188450722430e+00	1.726356319324414912e+00	9.180119275947096202e-01	7.222490515346896567e-01
nan	-9.660965847210473134e-01	1.892035671543592645e+00	-2.455529477374609471e+00	-7.869162487288509089e-01
nan	7.922748842548242854e-01	-3.425405829960694870e+00	1.064880740582712093e+00	-1.057659553032375355e+00
nan	-5.118665382553766463e-02	1.151814616050656159e+00	-2.159433859300225467e-01	-1.614149600913529881e+00
nan	-2.646930159332683274e+00	2.276000154567305866e-01	-1.887803957305245472e-01	1.887131679578540056e-01
nan	-1.105569165400556608e+00	-4.008823238379404685e+00	1.178735652708856385e+00	3.856450510454974556e-01
nan	-1.116388210981853701e+00	-2.205689606759254406e+00	8.013508701935005973e-01	-4.478845196442010068e-01
nan	-1.738549699605407839e-01	2.095258773358588122e-01	1.605765756868039684e+00	1.285394674359602529e+00
nan	1.036409853703575079e+00	-5.186066674869042048e-01	-1.635705590888967553e-01	-6.258786719073098359e-01
nan	4.983114981824698919e-02	1.667100879950345504e+00	6.008138611007541874e-01	-5.199866129095351841e-01
nan	4.565435580889353195e-01	2.307986688353106108e-01	2.935121024538818735e-01	-8.855308339588446875e-01
nan	-2.573915125977522589e+00	1.253180415469136832e+00	2.711478407481907382e+00	-9.662692099927268075e-01
nan	1.249094087078228998e+00	-4.329518695271661777e+00	-1.888238854808502509e+00	9.184725556571212701e-01
nan	1.763310003554667826e+00	1.847956763451682249e+00	5.098608340353190105e-01	-3.373549800337405924e-01
nan	2.055125707363754661e-01	6.245706109874193945e-01	6.453720008916818962e-01	-1.454987327234037037e-02
nan	7.434414223678506572e-02	8.525388754760387933e-01	-1.012049600516110814e+00	-6.098257586641566697e-01
nan	-2.963006868675886474e-01	-2.022694081826672097e+00	-1.756135851111222168e+00	-3.188038752441326729e-01
nan	-6.932988939447772836e-01	-1.170754234226758950e+00	-2.788226362720306883e-01	5.966720228885177280e-01
nan	4.143968312481168814e-01	-9.069618458118775539e-01	1.213073324726936519e+00	3.270332300142854698e-01
nan	3.112927857767291862e+00	1.617539160217741578e+00	1.869194407307763761e-01	-1.276222367760070142e+00
nan	-7.972131855145192514e-01	2.258229147339285703e+00	-2.493354118238960138e-01	-1.197383290787281673e+00
nan	-2.995049492605875052e+00	2.975344408002209562e-01	5.305335470488595773e-01	-1.909760228435786411e+00
nan	-9.827315379876860879e-01	-1.857489744260542031e+00	-2.080859565232611452e-01	6.159813366479077734e-01
nan	9.818989913310413042e-01	-2.386368650781194756e+00	-5.458877518311342492e-01	2.253091258303243194e+00
nan	2.903186820233156329e+00	2.037610391852906933e+00	4.691286882858666796e-01	3.868422009535272821e-01
nan	7.815702132211599373e-01	3.369489403455855570e+00	-3.551449664341909673e-01	-4.199903133948985068e-01
nan	-2.077201689744497815e-01	8.485582253554425636e-01	3.941066309254729894e-01	9.189646086043036233e-01
nan	1.790368838713617183e+00	-1.168473484189243905e+00	1.895532518060771832e-01	-1.476472507689389688e-02
nan	-2.477008559835645052e+00	2.068563368125039048e+00	8.409304533650751035e-01	-1.934383042628600169e-01
nan	-1.643439513151579101e+00	3.480883907821006318e-01	7.421752976295910020e-01	-3.569897990951802491e-01
nan	8.945297441910335934e-01	-1.437398157066393845e+00	-2.609404897866682282e-01	6.727227973235941905e-01
nan	-2.522673098221303034e-01	1.969126826692588983e+00	-9.161155616113735300e-01	-8.314415448559221364e-03
nan	-8.205778763431705869e-01	-2.390995450938337707e-01	2.773339546767739083e-01	4.364950392579496907e-01
nan	1.620350144602868081e+00	-1.060544865303577611e+00	-9.119265190408484267e-01	1.662862578600287911e-01
nan	7.407958065556561333e-01	2.758145511886122669e+00	7.635125039092954813e-01	3.316065466495777270e-01
nan	-1.004637342152743251e+00	-1.957937962818499633e+00	-1.770624137739836568e-01	-2.519621564298417660e+00
nan	-1.570562158775529848e+00	-3.552467471708250502e-01	-1.035751349746579342e+00	5.508287464805433631e-01
nan	-4.331421799789175742e-01	-4.400334807074374410e+00	-1.532055752362427414e+00	-5.666319852311103578e-01
nan	-5.751889691906092450e-01	-9.095354218044280348e-01	1.454244503064731964e+00	2.282272941672225941e-01
nan	3.083936751583390201e+00	-7.504509078705590142e-01	-1.915413166400736222e-01	-9.536734150220715911e-01
nan	-1.976166838737322795e+00	3.122480940298268504e+00	2.077219729191431552e-01	-1.441720224267101669e+00
nan	-7.788598493888356789e-01	-1.022180873790108580e+00	3.363053416764852366e-01	-9.681725741128326401e-01
nan	-1.223902794797445459e+00	-3.753522194033299009e+00	-1.348588566691816482e+00	-2.044699220981364807e+00
nan	-2.719299962850711960e-01	-1.938958311526175038e+00	7.850075325909128265e-01	2.091776551221701808e-01
nan	5.556636502897935315e-02	4.576533874111654576e-01	-4.644810455899374413e-02	-1.171778723098843900e+00
nan	-2.380888923871147256e+00	-1.174284875814896711e+00	-2.231518399195834557e-01	-2.113456698178472593e+00
nan	-1.350291386589390852e+00	-3.806127011138770388e+00	8.199252891803182619e-01	1.038805162987725267e-01
nan	3.209340306146559740e-01	-1.370891081501471431e+00	-6.052180371974432704e-01	-1.149600047839698158e+00
nan	-1.627856948357943256e+00	-8.397813030526242173e-01	-1.815342380636265185e+00	-1.913761814138359663e+00
nan	-1.608150691402948640e+00	-6.962899083391894672e-01	-1.709616694678874893e+00	1.904882548426283018e+00
nan	2.772661243664087394e-02	-1.998175415675075062e+00	-6.517571114556073297e-01	-1.961519717350700853e+00
nan	-2.238695379661857388e+00	-4.390224622043098490e-01	2.698631743910165359e-01	7.324408161640795223e-01
nan	3.004697677400094968e-01	-2.868355888543049570e+00	4.635650825292438743e-02	6.447840193626496186e-01
nan	-1.002103642579525999e+00	-8.794064792463744951e-01	2.100669393335287793e+00	8.492800990548365903e-01
nan	5.509008971800366528e-01	-2.740923339359965905e+00	5.657886858089138382e-01	5.361947969561573629e-02
nan	4.431044291930636425e-01	2.713093872392822625e+00	-1.146605938442721850e-01	3.632781888609298293e-01
nan	2.689389633765286280e+00	-1.158979206065884782e+00	-1.009244642415826787e+00	9.049979503869115538e-01
nan	-8.960276099980003517e-01	3.101954984194040144e+00	3.748690637690806349e-01	7.796282314673874669e-01
nan	-8.126687802103180758e-01	-1.085402843503439962e+00	-3.443501182874902367e-01	1.988900613818528063e-01
nan	-1.504990771427499874e-01	-3.751940468382433114e-01	-1.196436464343684891e+00	6.388045169279794877e-02
nan	-8.022809137015199932e-01	2.649909946776017877e-01	-1.898445598201581097e+00	1.854031669170958407e+00
nan	2.140554636140995726e+00	-3.266016555195065951e-01	1.785319801819122698e-01	9.487361930622976169e-01
nan	-2.424731864473607112e-01	2.474344277764180422e+00	-5.783046689519923955e-01	-1.579399414391116974e+00
nan	-8.876846695642289786e-01	-1.730327840057076738e+00	1.696460190562764925e-01	5.909914386824388632e-01
nan	1.229870605565709596e+00	1.630514670364665575e-01	-3.642775838059590376e-01	-3.224025626197512540e-01
nan	-2.081214793375492977e+00	1.433353847540638881e+00	-1.125661447150370087e-01	-5.316362745963018055e-01
nan	6.684698195084198824e-01	-2.177830579644509434e+00	-1.821245562752344671e-01	1.489964234455209702e-01
nan	7.429530240046167133e-01	6.930764317438887767e-01	-1.418239554181365936e+00	3.050379588152956067e-01
nan	-3.972334029303808967e-01	1.388142890904274562e+00	-3.855018789668533952e-01	1.242590515590471290e+00
nan	8.979375879345545819e-01	-8.607267387217102383e-01	-1.113591525327004006e-02	1.641071063422710474e-01
nan	1.242799029103758057e+00	2.008076938239218734e+00	-1.260661350720143403e+00	3.975755462991265032e-01
nan	2.017471448866874351e+00	1.164019621269717364e+00	-1.591045009448365466e+00	1.085373827606553654e+00
nan	4.595023255980590360e-01	3.411610017707853437e+00	2.109623577861431620e+00	-1.658105261602091374e-02
nan	2.251849032501775483e+00	2.990362596075077928e-01	8.424794544574043531e-01	1.056642289323901585e+00
nan	-1.190911395622681779e+00	3.188692049091643721e+00	9.099157907080275276e-01	-2.327792100632558037e-01
nan	-3.446588231054017459e-01	-1.381237001127970210e+00	6.777669360659287490e-01	-1.391257101313917666e+00
nan	-5.199878597506375488e-01	-4.943122286453072167e-02	1.294921557900695186e+00	2.502585915917250325e-01
nan	8.111041306086387292e-01	-5.519708676632034683e-01	1.294650968832653737e+00	8.841579982509554236e-01
nan	2.209099038984239538e+00	-9.758976981990208355e-02	-2.484598764194540788e-01	-5.771830473518987370e-01
nan	-1.990567523301690400e+00	2.659506329142143244e+00	5.064734595524817973e-01	-1.138502023484043724e+00
nan	-2.055114964492241292e+00	-1.708333026852187242e+00	8.511069611518383704e-01	5.699412382850134184e-01
nan	2.391708980825176578e+00	-4.014614123742243912e+00	-1.393444882488864778e+00	1.840504649030848983e+00
nan	1.827599938677044067e+00	6.204211043763134814e-01	1.040797797325118540e-01	8.226940408505482027e-01
nan	-6.028750832107426794e-01	1.941627306268405961e+00	1.007703882781454174e+00	-1.621675684219017866e+00
nan	-6.769484130193775817e-01	1.477574676848711910e+00	5.026863667849360701e-02	1.521132839484975019e+00
nan	2.365415788753716164e+00	-6.583325443031794455e-01	-5.903773732355548365e-01	1.611145993890741757e+00
nan	2.947483100316212745e+00	2.338636393382602652e+00	-1.319563433125242047e-01	-1.442712578513852817e+00
nan	-2.638417854108064731e+00	2.621302370477552657e+00	-1.723762560769736829e-01	-1.323547969037355720e+00
nan	-1.668254864355304345e+00	-2.184982620129314768e+00	-5.293586102912084534e-01	5.349829556230889516e-01
nan	2.381178977394626362e+00	-2.022344432929736868e-01	-7.501182153158381105e-01	1.219225217048589771e+00
nan	1.520516946776861555e+00	2.620667345211243227e+00	-1.361947647961275765e+00	7.278113488353021854e-01
nan	1.815093628107641743e+00	2.728282969331152774e-01	-7.708044741817848822e-01	-1.029065358577891498e+00
nan	-1.497084115595631593e-01	1.116466151283837638e+00	-4.747033640012823796e-02	-5.702629369315478369e-01
nan	2.161192786545574895e-01	-2.661133843421960576e-01	4.340673944032290010e-01	3.337061679101701595e-01
nan	-2.330672165765109050e+00	1.857427788643849720e+00	-9.580219026524106063e-01	-4.798691421052822537e-01
nan	3.091497819062810071e-01	-1.375626344027965686e+00	1.040650127060555485e+00	-1.002376831981556110e-01
nan	-3.236688619638630748e-02	-3.378879520833582562e-01	8.245619231179237563e-01	1.919726491493666254e-01
nan	-1.762101502638489525e-01	-1.446482059933384523e+00	-1.444641690135037182e+00	4.322616659179072673e-01
nan	3.882938360896982521e-01	-8.576373381857926859e-01	-6.977922388993951230e-02	-5.557681748964848900e-01
nan	-1.832175973177814776e-01	7.236099337682367905e-01	-1.735632020253146557e+00	1.399200340483577110e+00
nan	9.429568189848847037e-01	-1.878075255171735569e-01	-1.535131449003080961e-01	5.825761570579794935e-01
nan	9.471899151470501987e-01	1.084887502538822712e+00	9.006741525383046287e-01	-1.253143965586144493e+00
nan	-2.351107969127556707e+00	9.885301262111673148e-01	-4.277498622652346483e-01	-1.668340473111918076e-01
nan	4.931087873797969090e-01	-3.413035001737607210e+00	1.751691556992860832e+00	4.563156145107071238e-01
nan	2.100575566657448157e+00	7.847719224065785593e-01	-1.542580380930862027e+00	2.803010312236428714e+00
nan	3.157031151883617603e+00	3.377866077543424161e+00	2.009537368688859349e+00	4.626259651239114090e-01
nan	7.829744743456767964e-01	3.218266390206630412e+00	1.266694416998265016e+00	-3.252006410857167240e-01
nan	-1.241253096962403046e-01	1.217146273023206327e+00	3.412286627992713872e-01	4.107855715086839443e-01
nan	1.842537635101293869e+00	7.202828661541031963e-01	1.307979820797330550e+00	-2.147616398400939777e-02
nan	-3.849620356366478813e-01	1.187732982979601726e+00	7.065873628139113238e-01	-2.927304793571223751e-01
nan	-7.538892932726157792e-01	-6.208100188293546040e-01	1.546163456520952550e+00	1.540038564080132566e-01
nan	9.577427875014740133e-01	-9.795344424280669759e-01	4.265816196170622576e-01	2.100167585101755663e-01
nan	-6.780323520815851879e-01	6.852235201134253550e-01	9.833839446380232552e-01	-1.298047399486696341e+00
nan	-6.129364453190099260e-01	-1.268882111697308135e+00	-9.844660447409946391e-01	1.129408261127755830e+00
nan	2.491809971825367676e+00	-1.340425536453610622e+00	-1.440390003663707841e+00	-1.004367101805382800e+00
nan	-2.300321331493309085e+00	4.077845522949892221e+00	-2.031500160939982980e-01	-1.132193435235334444e+00
nan	-7.053510777820328759e-01	-2.363215137240408215e+00	-9.662138036673659780e-01	5.045832980283692093e-01
nan	1.799983813183252401e+00	-1.364919466282879856e+00	1.532319887874047160e+00	9.499350875209530143e-01
nan	2.266497637829428591e+00	2.318076153052224697e+00	-4.334619125865457057e-01	-1.824635903600848819e+00
nan	-2.909357968727483978e+00	1.057629152864931532e+00	-2.415355514122594915e-01	1.765316814625033981e+00
nan	9.472407354965189930e-01	-2.065326406618957389e+00	-1.204250859911490723e+00	7.051731747110429049e-02
nan	-1.993836292298715174e-01	2.582937286745792260e+00	-8.465325535643782873e-01	-1.260694808661599220e+00
nan	-1.509221937404943148e-01	3.927916803927511413e-01	-6.499294606203648295e-01	2.584212002809490039e-01
nan	3.724656343165070327e-01	1.407216901334404358e-01	-1.215935600513913944e-01	1.024489657947176946e+00
nan	8.176408372939111269e-01	-1.609838066684640134e-01	-3.413756771010612034e-01	1.247563712511085519e-02
nan	1.835868438745653197e+00	1.033559937887794433e+00	9.535722463957623241e-01	-2.148528756846965759e-01
nan	2.120339473713617195e+00	1.185422288429962556e+00	-7.142136867852734161e-01	2.590290700733922091e-01
nan	-2.636498753183800781e-01	4.339328533897461426e+00	1.239445708096003074e+00	-4.417996419722455825e-01
nan	-8.705062070837112920e-01	-2.224242036554362922e+00	3.703891970777904441e-01	-1.983696863271146582e-01
nan	-1.500085212559012948e+00	-9.731263988266501963e-01	-1.703455635065697082e+00	7.011876388656100578e-02
nan	5.680510513205255796e-03	-2.361844498005341464e+00	7.712324310078566558e-01	-2.354766680668086698e-01
nan	6.554231001866915873e-01	1.123683314544931866e+00	2.297074259907724014e-01	7.035869598530092306e-01
nan	6.515360042881002123e-01	-4.263753481057740435e-01	2.501048602097812878e-01	-7.235146521194910640e-01
nan	-2.178640908909737384e+00	6.087685154109138130e-01	7.710334597609211915e-01	1.434683779301808348e+00
nan	1.085400341832758464e+00	-2.743749061511040477e+00	5.432595292252178076e-01	-1.790316508716356836e+00
nan	-1.949849246084664145e+00	3.332797536478669276e+00	-3.005335368346334080e-01	-1.166192276642645576e+00
nan	-9.937262692392716534e-01	-6.624929667387093879e-01	2.862475012404717689e-01	1.132042810536326716e+00
nan	2.254437575939569172e+00	-1.178497820422900855e+00	-2.236277642855027670e-01	-5.924761040809877199e-01
nan	-1.227309808150337078e+00	3.453752295048721166e+00	-4.565455551513575294e-01	7.561389271275544832e-01
nan	2.169256612288630759e+00	-6.643673646459590243e-01	-2.956669399727824277e-01	-1.544209380856636171e+00
nan	-2.296377130152844614e+00	2.498726014982921573e+00	5.354026492967450812e-01	-1.549175941431936154e+00
nan	-7.283803078345673088e-01	-1.352816093201951730e+00	8.298977723500569059e-01	1.726063375152882273e-01
nan	-8.830015322479283224e-01	-1.947268669096667182e+00	-1.264203854638847879e+00	1.227039528369030075e+00
nan	1.276869854785348757e+00	-1.820556260797864034e+00	-8.949878399085297032e-01	-5.981024440813565990e-01
nan	-2.749238310846235378e-01	2.013187070136950307e+00	6.327705314848596219e-01	1.835519774742861918e-02
nan	-6.294037677899039229e-01	-9.896318952147480363e-01	6.015285682985711535e-01	1.412958228311820719e+00
nan	1.043897830512664715e+00	-1.532513433311359918e+00	1.578915205220048079e-01	-3.938496821966762096e-01
nan	5.779481441982603496e-01	2.379725928513479971e+00	2.510755381570001776e-01	5.003909793425959096e-01
nan	-1.358403328227239637e+00	-2.564593735033419142e-01	1.233523578790944875e+00	3.656474098320984800e-01
nan	8.935361751319865764e-01	-1.379429429932737428e+00	-6.842601307727896875e-01	-2.381894691190038049e+00
nan	-3.075799586844669253e+00	-3.010996197094062410e-01	9.464959803704314778e-01	6.444289061423549292e-01
nan	7.095436325741895089e-01	-3.071475708544992855e+00	1.377519825845871848e+00	1.367648987287505058e+00
nan	8.670365592300999236e-01	5.749088668866944030e-01	7.963426027627820147e-01	-7.738820461027244857e-01
nan	-6.470104092794414230e-01	1.955983615035594037e+00	1.251542394069422803e+00	2.112472792105237751e+00
nan	-4.215274808739923884e-01	-3.240425416060463526e+00	-1.076845554738370181e+00	-1.462420336554958622e+00
nan	7.213579163750079015e-01	-4.331588294804934458e-01	7.343472224229360412e-01	1.336955671664115941e-01
nan	1.381694922031796224e+00	1.488696961931572638e+00	7.847282908609920504e-01	-3.612404382382660706e-01
nan	4.727653247395210978e-01	1.341721638024682139e+00	1.735994156368576569e+00	1.213218387762882378e+00
nan	2.382548732730349172e+00	1.044366967091129972e+00	1.182090056824468272e-01	-1.201620600760390678e+00
nan	-4.782433295071394364e-01	2.748288739006927273e+00	9.228642652263288615e-02	7.843340244621621604e-02
nan	-9.635976847466499740e-01	1.197842787771068895e+00	-1.419540373478619388e+00	3.590332556958276689e-01
nan	-3.129192976989615405e-01	4.356953302018194973e-01	-1.527768788805656364e+00	1.034984054202599646e+00
nan	1.632872316304594396e-01	3.870267143141093991e-01	-2.027567615755298258e-01	-1.142234167530935540e+00
nan	-8.428507370382196662e-01	-8.609672512653654408e-02	-2.857983287095293076e-02	-1.302892814234660079e+00
nan	-1.424107378366496368e+00	-7.681724042033312161e-01	-4.947822037104005616e-02	1.075251361152444796e+00
nan	1.848947009358493210e+00	-1.095204598534848417e+00	2.158719254009790145e+00	-8.194997151976379790e-01
nan	-2.156845026546026833e+00	2.744159893195539546e+00	5.591099768593483788e-01	-3.373878339391944148e-01
nan	-6.922460040715117113e-03	-3.579762286834489160e-01	1.893902422568447541e-01	9.455241904127612562e-01
nan	3.985381050160413663e-01	-3.535517100521278766e-01	5.493163312027549150e-02	3.264230318127805397e-01
nan	-1.402877921672428529e+00	1.141624662585877470e+00	-1.389257152747294777e+00	1.317764529028773834e+00
nan	1.413695300754500117e+00	-1.415853366257303847e+00	1.004243125879824561e+00	-1.190418589968922802e+00
nan	-1.292727252111221414e+00	2.051143330166199430e+00	-1.580147717278619635e-02	-5.989681521192722347e-01
nan	8.048229411416463197e-02	-1.726027453881353146e+00	-8.249603487339676189e-01	-5.896627397834096618e-01
nan	1.795752020019372175e-01	4.937081766928133053e-01	-4.915998859641821372e-01	1.116799084251889118e+00
nan	7.427481219706761895e-01	-1.010726503856247183e+00	5.811336149733831169e-01	6.779275941487321600e-01
nan	1.444835600564410072e+00	6.438193256551982824e-02	-5.625612519387777066e-01	2.209691393955966365e+00
nan	2.562521727115755432e+00	-2.623817767745781904e-01	1.608993695318210015e+00	-3.757124529447742334e-01
nan	1.687223210785635530e+00	1.526310263296934977e+00	-1.695263042874246284e-01	-1.008406510816747925e+00
nan	-1.577321356590752011e+00	1.481889993463660016e+00	1.459621539811633228e+00	-1.167263842848148769e+00
nan	1.109443931512797299e+00	-3.659739667195477164e+00	-4.760592671901128781e-01	-1.832475360251080376e+00
nan	-2.207280130984600408e+00	-1.008606123582334035e-02	-5.783821392776461456e-01	9.740916056139597989e-01
nan	2.407614052768765056e+00	-1.899189042762029045e+00	-5.518084660642004202e-01	-6.018652780344264652e-01
nan	4.024298179558516431e-01	2.378673030326889037e+00	6.058094637407005489e-01	-4.664732404320257042e-01
nan	-4.702635050361989588e-01	1.446445748629819006e+00	-1.936897384481741646e+00	-5.476442835076779092e-01
nan	-9.620569044164458683e-01	-8.451409767507986892e-01	-5.217056154485286701e-01	6.238256500134933130e-02
nan	-1.361315559194312241e+00	-7.901289093678497411e-01	-5.719563906390647823e-01	7.563500821342884484e-01
nan	2.508103311674134250e+00	-2.115255173328706828e+00	-2.615454810941655883e-01	3.243208714417029626e-01
nan	5.461608459861599929e-02	3.139795437770446007e+00	1.678806031701396140e-01	-7.248901443650055398e-01
nan	-6.830574536436361255e-01	-1.352524873179781206e-01	7.869242950469981235e-01	-7.825176513587157601e-01
nan	-1.066165540544650847e+00	2.413982702768249222e-01	-9.692490754293590915e-03	-1.024533100287444709e-01
nan	7.551654546232295928e-01	-2.458784344708943692e+00	7.427740069126973488e-01	-1.880106324214486924e-01
nan	9.947105317320778517e-02	1.794904406603383240e+00	-1.200834330364292935e-01	4.177166295347534142e-01
nan	1.594128042341628193e+00	4.127698919234517039e-01	8.843807654922171135e-01	-5.646218937094275026e-01
nan	-4.198507221994596250e-02	1.783412804790012407e+00	4.478092113088182891e-01	-1.483087755765710725e+00
nan	-5.274392190592993579e-01	-3.267759912373192077e-01	5.183911505647993412e-01	-7.278380313224445120e-01
nan	-1.444179040408343218e-01	-1.925967493251741214e-01	3.037218817524942605e-01	2.213000727116340993e-01
nan	-1.430325007702565987e+00	-1.505443000303818557e-01	-6.214504929522822463e-04	9.781652794152035924e-01
nan	4.865673332023750519e-01	-6.666573932203027075e-01	-6.524524557181465845e-02	4.185762840252660322e-02
nan	-9.256582860868178830e-01	-7.604866424854015428e-01	4.650673474541187069e-01	-7.128984912306798316e-01
nan	-9.132061018742227976e-01	-2.546722282474093824e+00	-1.073015814372352938e+00	7.809726874339292246e-01
nan	7.363665369052712073e-01	-2.620599765839307871e+00	3.773143039443235258e-01	-1.431985849022177515e+00
nan	-1.659867641467458022e+00	2.293681236558287928e+00	-4.257327434893257156e-01	1.358362303542532401e-01
nan	1.822245902089766889e-02	-3.922597144682794301e+00	2.437454034671323044e-01	-4.019314475382815832e-01
nan	-3.168553522689561142e+00	5.597980449471290365e-01	-1.038842280887214420e+00	-2.818938626869251785e-01
nan	1.028959334157782957e+00	-2.874163282506511319e+00	1.157589240295888944e+00	-1.537501482270560715e-01
nan	-2.390977540620279562e+00	4.751751633053759027e-01	-7.904495991836741897e-01	1.014619598756191010e+00
nan	1.533311366330255776e+00	-4.088920278842661737e+00	-4.442327109759153791e-01	-2.060363757743105761e+00
nan	-6.854782008132656035e-01	2.484449078929258814e+00	2.489278534247334196e-01	1.396317137213187454e-01
nan	6.363670444456361874e-01	1.451990264916040774e+00	-2.179108196923963681e-01	9.769835394701764653e-01
nan	2.643946407674810484e+00	-3.687134479213716176e-02	1.453384408793419791e+00	-4.279338896315680318e-01
nan	1.551585556665702192e-02	1.985098952989656329e+00	-1.787311645507225488e-01	8.943665372113116518e-01
nan	-1.052904507618781960e+00	1.233039105746113862e+00	-2.016420742529695109e-01	1.104492579762993143e-01
nan	2.628967513383571042e-01	-1.340006260001648020e+00	1.789990569896249273e+00	-2.877083767832193106e-01
nan	4.031805072142179980e-01	9.444783437831884010e-01	-4.536240557573275600e-01	9.258900758416004351e-01
nan	-3.410184346265197064e-01	6.366260949496045374e-01	-8.864349554271092613e-01	1.518851908878044776e+00
nan	5.145558073172016300e-01	5.782253796573265658e-01	-7.296467900760921221e-01	-1.353266033709856209e-01
nan	-1.132390908424291132e-03	1.619994824126736122e+00	-1.659014809371689714e-01	7.329383087015732823e-01
nan	2.537262389756673286e+00	-5.866811087935047686e-01	1.222703240228520061e+00	-9.718310454911675000e-01
nan	1.149070912537865086e-01	3.854738881365081582e+00	-8.102247019951384077e-01	6.031935570787964052e-01
nan	-1.113732112521280682e-01	9.731453258702000841e-01	6.597776955412396616e-01	1.201882478986737057e+00
nan	2.934312733074410318e+00	3.655064802142740654e-01	1.772473745189676042e-01	-1.775533218477344244e+00
nan	-3.410095760394236120e+00	3.171230039384625776e+00	7.423095232706957702e-01	-8.161515764088084213e-01
nan	-1.909105014375731546e+00	-2.368672445780057423e+00	-1.697084858351005088e-01	1.303601056307765349e+00
nan	1.555741476702407367e+00	-1.633972780252793910e+00	-4.132969237823650444e-01	1.664229531487744218e-01
nan	2.635754559974130107e+00	1.925742232967877055e+00	6.660256395014287900e-01	-1.842259107204638813e+00
nan	-6.299592505913953477e-01	2.477375148313040398e+00	9.717738095315373581e-01	-6.947303351065792047e-03
nan	-6.563891126466804282e-01	-1.982565333566328469e+00	-3.206948434510316637e-01	3.116080474447757709e-01
nan	-1.164523702775551728e-01	-1.607416552483770023e+00	4.707446695386770519e-01	7.550894882154869370e-01
nan	1.407032196543709368e+00	-1.970594956321642666e-01	-3.994876413199223708e-01	6.184317133888023177e-02
nan	-4.648483619973316217e-02	7.283828507168277344e-01	-9.589271729478002770e-01	2.908819041535793737e+00
nan	2.507282254844951819e+00	-1.677644662828544853e+00	7.550564905079814038e-01	-6.334691189298007341e-01
nan	-2.289616502976876689e-01	3.367152939772444675e+00	-2.469815286122508446e+00	-2.352457728179291052e-01
nan	-1.089739024128284495e+00	-1.033214458073751008e+00	-4.121484691371894993e-01	-1.752446224865662205e-01
nan	2.846353246452365537e-01	-2.167155769635174423e+00	-4.467254837612033014e-01	6.489601543652673277e-02
nan	2.684635507878802674e+00	8.176299894330364415e-01	-4.973736047086638190e-01	-1.544134424568913477e+00
nan	-2.105849345385633953e+00	2.976307249116693754e+00	-1.896077576773683993e-01	2.446541679483758280e-01
nan	-5.192216833073305393e-01	-3.802125421866766608e-01	-1.004797857264470157e-01	3.004659954960038792e+00
nan	3.182021647949924148e+00	-4.769154513857203348e-01	-1.394122342625070676e-01	7.394470791879489413e-01
nan	1.794746948132054598e+00	3.349096627015772931e+00	-1.862938806790557678e+00	-3.219765831431232739e-01
nan	-1.738978233491996761e+00	1.083803640928640677e+00	8.747607328575695007e-01	-7.745422967986935747e-01
nan	9.578479384916706030e-01	-1.639829893292320540e+00	-1.611298607092882751e+00	-1.388126003578416534e-01
nan	2.528789299319781914e-01	8.608669769397599980e-01	-8.657924625176018907e-01	-6.868179612252672817e-01
nan	-1.262397651074874672e+00	1.122654672353893490e+00	-5.111196487326071791e-01	-1.368588765160134502e+00
nan	-6.469401586012814009e-01	-2.293013570146421376e+00	-9.219675372706659378e-01	2.077699662366863931e-01
nan	4.828348882514692519e-01	8.243044093710468756e-01	4.042542380669030821e-01	-1.732155597464101471e-01
nan	4.616006893953953361e-01	-9.341432496622918968e-01	4.230361282801269329e-01	-1.523960487250527462e+00
nan	-2.719815712855105705e+00	5.243488748094117247e-01	2.998920753949839146e-01	2.893827804831992090e-01
nan	2.079787240469440412e+00	-4.556836890050681710e+00	1.170571649443506335e+00	-3.559886929844670589e-01
nan	-6.064781026523666796e-01	2.068446496126636891e+00	-1.441367080507352183e+00	2.096683756222932904e-01
nan	2.312357253168539017e+00	-5.264903366387823080e-01	-1.020327179438678566e+00	1.817398806255757227e-01
nan	1.888645388492663724e+00	1.933081253131190946e+00	-1.065919662608442620e+00	1.279654421795189734e+00
nan	3.813945457283379747e-01	2.052704961513551751e-01	8.165753024452144793e-01	8.852752123383593741e-01
nan	4.563309197624776936e-01	2.139161461077782878e-01	2.893037669257672029e-01	2.299781991673610915e-01
nan	-4.538657243719455003e-01	2.099485323524110658e+00	-6.110583755651632920e-01	3.620849504317490419e-01
nan	-9.181176453405553994e-01	-7.825045948175128885e-01	1.776797447696439658e+00	-6.897021848000172151e-01
nan	-1.217404523118908788e+00	-4.966532272924705227e-01	-1.757961885663987880e-02	-9.111102766597735103e-01
nan	-1.057797882199989381e+00	-2.957337378720898080e+00	-3.977817818754919577e-01	1.470407512722377463e+00
nan	1.949930812739244512e-01	-1.612104657765952798e+00	8.842460204361975995e-01	4.265563333959817571e-01
nan	6.702460467195252569e-01	-3.837256894338413327e-01	6.582335003760196868e-01	3.769033274108097298e-01
nan	1.169856553872982152e+00	1.974507295195087053e+00	-4.220934530943608043e-01	-5.514457732136315848e-02
nan	4.010342571894071062e-01	8.185969907826782244e-01	-2.824368429590685459e+00	1.917886414454698096e+00
nan	2.890016851438233836e+00	-1.092299210631194395e+00	-6.802795357271149146e-02	3.399911684832450098e-01
nan	-1.010184311140716495e+00	2.245845618904537044e+00	4.428494517969913669e-01	-5.775365472735727312e-01
nan	-1.439594945522855163e+00	-1.617887234426094167e+00	-3.109883713120782378e-01	5.307470480933985657e-01
nan	2.395911154783203934e+00	-7.300230425091468467e-01	-1.038842466095996731e+00	9.602011548140769737e-01
nan	1.841704933922821308e+00	1.063410705072327822e+00	-1.403427294109874435e+00	8.654247422919934818e-02
nan	9.985029531004489811e-02	1.824931248894714031e+00	-4.340156100430432318e-01	-8.315058041864714991e-03
nan	5.946033355761417560e-01	7.369845470913428676e-01	1.612565979494374677e-02	9.703995455561266192e-01
nan	1.522774188715770638e+00	1.589390051274844673e+00	8.902788824571060411e-02	-2.960567580770057106e-01
nan	8.212510324064492551e-02	2.017759375656265064e+00	-4.279033858493134779e-01	-1.174200983776648943e+00
nan	-1.357444010881432517e+00	4.258273656724949618e-01	-1.809471474788006962e-01	-8.225994913921127472e-01
nan	-4.132898725590429256e-01	-2.580257721496062473e+00	-1.111708253920332679e+00	-2.959760260567335100e-01
nan	-1.193365282795154192e+00	-6.894430449778052861e-01	7.400389299527529996e-01	9.931595503999184338e-01
nan	6.918387897970901257e-01	-1.935877501193767669e+00	1.637319517154618209e+00	-3.154502506529664463e-01
nan	3.131664450190286275e-01	1.302283281775191703e+00	-5.679480663267748586e-01	5.109419675542267170e-01
nan	-1.565326009553567488e+00	1.577972855982251454e+00	-1.169073215114028175e+00	-7.167117664864386395e-01
nan	-1.287116612582557273e+00	-2.679620523717479053e+00	7.245213801491168226e-01	-3.696153788650623218e-02
nan	5.698500991603743238e-01	-9.118118486640740539e-01	7.986857367054939205e-01	4.481260932777972328e-01
nan	-2.824771552279778386e-01	-8.970386478549052800e-02	6.977833396992689785e-01	-2.610498513790976971e-01
nan	7.527210435102194008e-01	3.437704013082362731e-01	3.225661925639877747e-01	-8.913545982875934470e-01
nan	1.873994999466921385e-01	8.865579246742845143e-01	-1.444920509399833408e+00	1.794385082673447818e-01
nan	-1.334562481538973666e-01	1.914663659617210911e-01	-4.368229056510751773e-01	-1.098306943038443562e+00
nan	-4.038076654944664501e-01	1.160035967225056197e+00	9.798169111164816147e-01	-1.162795014921897720e-02
nan	6.349260522871226220e-01	-1.425288543870539382e+00	-9.638430161565059162e-01	1.665517126054968378e+00
nan	6.786683213679811644e-03	1.476722399568794142e+00	-4.330964040029103290e-01	-1.227264622503281499e+00
nan	-1.053692882135741193e+00	3.904449433440854711e-01	6.558039188674543718e-01	-1.553807943934190527e+00
nan	-1.389719979420555473e+00	-1.685645761607634796e+00	-1.178890339648872132e+00	4.708934159833672028e-02
nan	7.644476501872288221e-01	-1.606144539332359233e-01	-1.163240588986441448e+00	-1.863022375665049468e+00
nan	-2.168611677746634214e+00	5.593170335334721743e-01	-7.367504959808272025e-01	-2.927431899588372466e-01
nan	9.279578033410138538e-01	-4.197106773616356978e-01	-1.377308726388629667e+00	-1.236686970220713944e+00
nan	-2.524609991657083885e+00	6.066910155118390158e-01	-1.283483847970189919e-02	-4.986493373649741878e-01
nan	7.787132747331159122e-01	-1.910318743242137796e+00	-2.780277378177931968e+00	2.902486648477796694e-01
nan	1.948704791045863249e+00	-3.819195366160389460e-01	1.908142408932925527e+00	1.150225398354105977e+00
nan	8.317110091056689747e-02	1.289007214487753128e+00	3.874097779339340519e-01	7.080896575607644738e-01
nan	-2.418538397301108755e-01	-1.780935482843790107e-01	8.795891484733335819e-01	1.163357404338018070e-01
nan	-6.738886484535436816e-01	-4.789442135653205201e-01	-1.142083200465388200e-02	4.466283932604707685e-01
nan	-8.303797751578866349e-01	1.788511922766084616e+00	2.849094480556959019e-01	1.367813557852363693e-01
nan	6.311146962431490870e-01	-2.511860320780764377e-01	-8.287418614274111306e-01	-6.595473865133195668e-01
nan	-1.852642845977083397e+00	-5.183595737547932458e-01	4.517439847113634555e-01	-3.842996800584695394e-01
nan	4.027713934401600526e-01	-2.667651265191417487e+00	-7.931053140326715933e-01	-7.983139312038354252e-01
nan	-1.499088321729513673e+00	3.096370676274448619e-01	1.487029026981029123e+00	3.294292705721642012e-01
nan	7.591584009910997688e-01	7.065575691160423943e-01	1.064030763721988126e+00	-1.841856564397878371e+00
nan	-2.868266290573296295e+00	7.422468733357012738e-02	3.404789938403248728e-01	6.000948426613812448e-01
nan	-1.981381473821010042e-01	-3.381313187540623044e+00	-1.749068499274311739e+00	-2.262244609253788674e+00
nan	-1.360237565235648649e+00	3.256040518854643739e-01	5.566877987060733224e-01	1.610890029141252011e+00
nan	2.752557416876511009e-01	-2.966064943531842690e+00	6.930613335929909358e-01	-7.923648083286123356e-01
nan	-1.505488947109749454e+00	-4.133819867346688604e-02	1.219901055378772026e-01	1.100075133879238276e+00
nan	9.353623099884924574e-01	-1.003805833672425596e+00	4.358142153386757589e-01	4.155841574188215426e-01
nan	9.421012407001985167e-01	2.500229559934251000e+00	-3.049052080683991583e-01	-3.866330779020909492e-01
nan	9.541311576423032736e-01	2.979097001814710044e-01	2.043965834411373361e+00	-1.275914869220254211e+00
nan	-3.051557335981093022e+00	1.330104489211646479e-01	2.869389945230618744e-01	-1.196618959408241700e+00
nan	-6.369017967138721481e-01	-2.495171515235669268e+00	-7.575469992331961278e-01	8.595921023120844939e-01
nan	1.699501881220843336e+00	3.012251157901021381e-01	-1.192386781712542421e+00	1.441479837278909215e-01
nan	-3.051808973617869958e-01	6.117262913783230172e-01	-7.842504164558279367e-01	-4.042131191870793616e-01
nan	-1.358743960494979142e-01	-4.212512628042187068e-01	2.027664948554875668e+00	-1.148390851918738909e+00
nan	-2.026731798284922004e+00	3.381903830547915435e-01	-5.232267701526950310e-01	-6.496635256206947373e-01
nan	-8.478388890848786996e-01	-1.862278919736194416e+00	1.074148790699152173e-01	-5.259367138854472712e-01
nan	8.181776034908397888e-01	-2.881441306144343351e-01	-5.319536867176836159e-01	-6.887861072441942012e-01
nan	-9.176064108056869451e-01	1.138487277184269120e+00	6.114749505555763243e-01	-8.650978098638492098e-01
nan	3.068301071335993724e-01	-1.016571660107987940e+00	3.772728155578924381e-01	2.764672097645631266e-01
nan	1.857067800773595789e-01	2.075715700386671969e+00	-8.104365198766019240e-01	-2.869168224142480406e-01
nan	9.278135499025486066e-01	2.593752693269302245e-02	1.588925103005750517e-01	8.208383931848682591e-02
nan	-8.358359975453948099e-02	1.936114597723167519e+00	9.534944784652104044e-01	1.053462255768187861e+00
nan	1.685087520937187167e+00	-1.541267497684572496e-01	1.078622440663483451e+00	1.970822784763598401e-01
nan	1.804727435155257353e+00	2.887089365401750207e+00	8.448830789663938079e-01	1.553449315892318827e+00
nan	3.576042397890195623e+00	3.483006803196284640e-01	-7.222785789938812595e-01	2.834865011095202281e-01
nan	1.476957090812170303e+00	3.548600800974959668e+00	1.110948123892145034e+00	-1.267072992017021615e+00
nan	-5.163386651561613361e-01	1.801895580003966213e+00	7.310512146424446023e-01	-2.246407119973332089e-01
nan	2.626828453033080990e-01	-3.521984407046397925e-01	2.325917434994287103e-01	-3.375136988895816592e-01
nan	-9.268143057513407168e-01	6.564938107962938751e-01	-4.924310414703890193e-01	1.143356496839996739e-01
nan	3.350377963991315600e-01	-1.245025919453531804e+00	1.874165734721930654e-01	1.434499269069526628e+00
nan	2.268698702521525945e+00	-1.048559897864903112e+00	1.393410479150094528e+00	-9.217240787740447194e-01
nan	1.032781964517355267e+00	1.390433603046988154e+00	-1.471636734417710368e+00	2.488188281124099899e-01
nan	8.047576636639689474e-01	2.800441729474928421e-01	-2.454468629226445930e+00	-7.320298814108453511e-01
nan	7.602781853384866784e-01	1.265784870191758893e+00	1.658422092693291050e-01	-7.474307661251997636e-01
nan	-5.182560163705631773e-01	1.323215530572822374e+00	-1.751722142352609979e-01	4.275494334552857323e-01
nan	-3.718774395605988214e-01	6.884971004648174908e-01	-1.435851826994858360e+00	-2.182891034012463649e+00
nan	-1.397207355946363361e+00	-3.076178840538972836e-01	-2.466187148082864822e-01	2.804445264131197324e-01
nan	-7.758910373870655519e-01	-3.429649414697744092e-02	-6.136504654855250429e-01	7.556863291737616617e-01
nan	3.148492109477241119e-02	-4.160900337815799377e-01	2.543789970471908579e-01	-1.458130231877553307e+00
nan	-1.308685945269988160e+00	2.272837659901156382e+00	7.482946905363249135e-01	-1.078416716483484139e+00
nan	-1.135404886286000670e+00	-2.026153818619679470e+00	-1.430076633871664393e+00	-7.553804791251411688e-01
nan	-1.575671755673590857e+00	-2.082328362719287895e+00	4.251742904582943017e-01	-1.785596941686869998e+00
nan	-2.296943647128066424e+00	-1.598955732335539670e+00	1.071154494963319603e+00	1.311239014990855045e+00
nan	-1.063701917896714866e+00	-2.181045963630561246e+00	7.962424066361191155e-01	3.033252072359051699e-01
nan	3.814660517134217388e-01	9.873572612702974372e-01	1.168966609985507610e+00	3.419280835563444643e-01
nan	9.924217002920967534e-01	2.977716652374662765e+00	1.956595798919333051e-01	2.419511815262971766e+00
nan	1.992479048979103329e+00	2.410430839291037408e+00	-3.190190891748583835e-01	-5.734866264644301603e-01
nan	-9.517311768771274938e-01	1.561422480953260639e+00	-9.459380028916496430e-01	2.061368105956743690e+00
nan	2.294762411125665036e+00	-2.886244963976731803e+00	-8.835401428653427702e-01	-2.105257697049008891e-01
nan	-1.520522096101720066e+00	3.501300151565150731e+00	-7.393202826669699468e-02	-2.196358300199975355e-01
nan	-6.176154191175681207e-02	-2.435702983383102094e+00	-2.469994893100980679e-02	-1.214093466350458561e+00
nan	-2.160580322747391868e+00	-1.282016529563324847e-01	-6.889703140320986297e-01	1.269846785516385967e+00
nan	5.901319853779880553e-01	-1.982314549737954179e+00	-9.173794182953168841e-01	-9.941457331473835257e-01
nan	1.636895215947296034e-01	3.252967663521302843e-01	1.882142208728961874e+00	2.687962538232590015e-01
nan	1.322233374438008813e+00	6.134381276382563364e-01	-1.349639366171235255e-01	1.770766905081811726e-01
nan	2.567973943825334060e-01	-3.081675953535720769e-01	-2.676607919311734252e-01	-1.686707545830435639e-01
nan	-1.280293231264704401e+00	4.611690778916006095e-01	9.321709991158770858e-01	2.592009716369181316e-01
nan	7.285126632094774957e-01	-1.302405926005631542e+00	-1.544470903392506145e+00	1.427040360856012491e+00
nan	4.417183971686522437e-01	8.160824842125210532e-01	4.588929750846745259e-01	-2.922126431035170224e-01
nan	-2.192230739617236634e-01	2.887147834474307118e+00	1.259461755030229613e+00	-1.127653599698823575e-02
nan	2.132469162507083862e-02	1.320389652489427634e+00	-1.244185473726036717e+00	-1.193861146214636904e+00
nan	-2.236106673348286833e+00	-9.677513633577019547e-01	-1.109836136584685828e+00	1.793148530681651920e+00
nan	2.424798941499310523e+00	-2.288829391818497871e+00	1.751764474061802801e+00	-1.124973564620864730e+00
nan	-5.383457966064942868e-01	3.145664430590935368e+00	-1.356021952179040091e-01	-8.415356169611775128e-01
nan	-9.530481952607136042e-01	1.078067518102613143e+00	-3.077106883490453026e-01	-6.051291791011756960e-01
nan	1.132563530772586757e+00	-6.854235124028653647e-01	-8.284915361137699108e-01	4.735584792264238008e-01
nan	-2.372121385207018873e-01	-4.012669894095044487e-01	-1.259103714442803890e+00	8.547447652810769014e-01
nan	8.821332181873838829e-01	-1.554928976980908928e+00	5.018442434666853247e-02	1.350624705835251849e+00
nan	1.864641358202592691e+00	1.194867722077374683e+00	6.598374752985576575e-02	-9.423490137924899201e-01
nan	4.492305295936995790e-01	-2.784821534846817492e-01	5.941091943076722698e-02	4.266309308407699175e-01
nan	1.816888061514178254e+00	2.212176982386335311e+00	-2.081466450291800108e+00	-3.580831444813357689e-01
nan	-8.207621054242352221e-01	8.174722068835055255e-01	-8.232307268317337612e-02	1.212162851532280428e+00
nan	2.395666627698973983e+00	2.468691790193090485e-01	-1.540275305628608857e-02	1.183521855603391293e+00
nan	2.693274627064931259e+00	9.272650895423864004e-01	7.213246669093166252e-01	7.834241161358391770e-01
nan	6.779262802920461572e-01	3.264395518144191044e+00	1.139924737942250799e+00	-2.600292616960164782e-01
nan	9.556117452499346410e-01	7.701439865419940078e-01	-8.071184340161229043e-02	-1.132939856321311556e+00
nan	6.949315091579144621e-03	1.059177776946081284e+00	-7.104019493730336920e-01	-1.179979908521792575e+00
nan	3.968232379606195792e-02	-2.438346257239349057e+00	5.906231520518580025e-01	-8.519630152072329432e-01
nan	-1.548172764209136965e+00	-1.809813130801690706e+00	9.214964159143956834e-01	-1.233252434714909196e+00
nan	-7.437140311683516636e-01	-2.379156877514947421e-01	1.184082025067217797e-01	8.362143728303884638e-01
nan	1.580837745910761205e+00	-2.950936516670762400e-01	-1.639299123028123972e+00	-1.177243525644892541e+00
nan	-1.142321617409051804e+00	1.395742331430601002e+00	-2.601232083134170578e-02	-3.469402897308369038e-01
nan	-1.667611291477108626e+00	-4.241068592993139097e-01	-7.999249482196281180e-01	-5.558582669792450082e-01
nan	1.199528728343536299e-01	-1.432146622774667977e+00	-2.064717048037340685e+00	-1.286705970825604284e-01
nan	-8.218991622779027173e-01	6.161170532228210650e-01	1.150484333985109631e+00	-5.900402503679839095e-01
nan	-1.223912527008128137e+00	-1.116852187834180610e+00	1.852761267191277206e+00	1.673039787661040056e-01
nan	-8.930016969174122687e-01	-4.461862018239080019e-01	9.369490655809086244e-01	-4.606448668625701126e-01
nan	-9.655486849795046345e-01	-9.050763267115013999e-01	-9.166210902404202665e-01	9.902331540122828457e-01
nan	1.315694697579570693e+00	-4.094940215521418736e-01	-4.108788557299904443e-01	-2.825006010883521768e-01
nan	-4.076164102658564881e-01	1.953717204958115516e+00	1.013130997308965497e+00	-1.845270929745061572e+00
nan	-2.406272506634635544e+00	-2.150131321245638105e+00	-1.788844195102647250e+00	4.560327007341172245e-01
nan	2.692071127897406768e+00	-1.937542288654430456e+00	-3.813299625625313771e-01	-4.277172226407385258e-01
nan	-3.939831353653516222e-01	3.022415530917944793e+00	-2.681936556833217633e+00	-8.036787262832629786e-01
nan	-6.336358758293265669e-01	3.495218468581962057e-02	-6.430495388960368874e-01	1.143747040198308529e+00
nan	1.936838007250429206e+00	-6.968683504405300821e-01	1.993371266887453253e+00	-1.838621917482764212e-01
nan	-2.419541692467757077e-01	2.850659285653531327e+00	-3.413752467259875689e-01	-1.577347903996487721e+00
nan	-1.159974153542634889e+00	2.141632464469024555e+00	9.335887998787559816e-01	-6.484546702958575715e-01
nan	-8.840123894258766768e-01	-1.158120054611476268e+00	5.873374768003187807e-01	-6.175249064296199630e-02
nan	1.189399357977056343e-01	-1.423090942394595437e+00	6.848964003028475966e-01	1.362402166977625673e-01
nan	9.721682675455536327e-01	1.791833409152017165e+00	1.522728230533834104e+00	-3.774422868194829417e-02
nan	1.474520374578568715e-01	1.128703985700306056e+00	1.133119433181901892e+00	9.618635821324424962e-01
nan	1.068046106162710007e+00	-6.012319257486298252e-01	1.552885893077731394e+00	-5.885350685836688855e-01
nan	7.869619160414020875e-02	3.086122191762265654e+00	-1.197559740920634691e-01	7.906650832261044037e-01
nan	1.040899845015644587e+00	1.673238164568916719e+00	-7.226178010337894753e-01	2.149046341316707576e+00
nan	2.106031341948531477e+00	-7.153905999271616967e-01	1.266770339301374504e+00	9.032489044423830382e-01
nan	1.197156440378597697e+00	4.561402080377540358e+00	-3.438374487052213158e-01	-1.370703379688933410e+00
nan	-1.178617247693267700e+00	1.046033908557596259e+00	-5.947715119809735551e-01	1.196376364375683288e+00
nan	1.381752428032459790e+00	7.359262449181942500e-01	1.222093977625799965e+00	1.924179003441724711e-01
nan	-1.172747664577908910e+00	2.436375936847446688e+00	-7.639142464466519566e-01	1.140590920214224063e-01
nan	-9.430983107765729123e-01	-6.830426719576898620e-02	-1.321319102805036838e+00	3.537954421231843949e-02
nan	1.497150327573210760e+00	-7.200935571162677684e-01	1.488789952724545729e-01	-8.970719018919116605e-01
nan	-6.185887138141838992e-01	8.585759756944472132e-01	-9.057168943822790919e-02	-7.042095172389826185e-01
nan	5.810078198567554253e-01	-1.034402551133833947e+00	6.874215355070923961e-01	1.301618429919017217e+00
nan	1.502127389423728143e+00	-1.450804555913708604e+00	-3.163430774639670595e-01	-8.261405685267507737e-01
nan	-8.556639274178801102e-02	3.267062113471847162e+00	-1.495400612848760913e+00	-4.252240372441678379e-02
nan	9.462340177393524510e-02	1.154708854876831170e+00	7.009664515933513584e-01	-6.307313338949446235e-01
nan	-7.536048008834372869e-02	9.673149901938808970e-01	2.797147763952208543e-01	-6.430984822462654238e-01
nan	-1.490972140371233934e+00	-2.788221793235255985e-01	-1.097062004322933770e+00	-1.065022810827399136e+00
nan	-1.419465098751491627e+00	-4.873437421118971713e+00	9.118171238996484185e-01	2.281279504819984649e-01
nan	3.008179785611985735e-01	-1.486456684377519322e+00	2.719386798741119105e-02	-1.214026042303908426e+00
nan	-2.022067433179639551e-01	-2.152836499227709144e+00	1.447942645830986530e+00	1.620152205608074381e+00
nan	1.703068005135234708e+00	-1.709936002873148730e+00	-6.837934804538445821e-01	-4.346857637561097332e-01
nan	-5.934250542768991776e-01	1.452960977345076010e+00	-1.597243746406687426e-01	-8.862105720941978459e-01
nan	-1.441331200899460097e+00	-3.751687197906139470e-01	-6.950314556205452465e-01	-8.442076919783771949e-01
nan	-1.723078894133811545e+00	-2.707687865114332126e+00	-4.839603896503194558e-02	9.988849117282507795e-01
nan	-4.375335997849969516e-01	-6.853094027476933636e-01	5.078759610554777204e-01	1.820837892815748482e+00
nan	2.296405181422780828e+00	-1.913702811414824456e+00	2.400494087156068712e+00	-2.901520623245346653e-01
nan	-6.156535632687347714e-01	3.482757507150774146e+00	-1.169241652271270082e+00	-9.728332479923501586e-01
nan	-6.579493100042257403e-01	-1.056744064291268881e+00	3.991789163525356066e-01	-4.147436936341148961e-01
nan	3.877777998651906755e-01	-4.233718963056642970e-02	1.170305761568536246e-01	-1.085088996199987221e+00
nan	4.742946367133193952e-02	-2.293443236151794240e-01	1.368827448547444758e+00	-1.235102457055856640e+00
nan	-1.188417271572130840e+00	2.745686274368708824e-01	-6.483299774211956912e-01	1.280679272407221569e+00
nan	7.543727648215351467e-01	-1.060622980242421409e+00	1.441862509696894667e+00	1.917960732891579756e+00
nan	3.280402372632708285e+00	-1.183016989369444438e+00	-1.061569347939559371e+00	1.389076117900897023e-01
nan	-5.847769162164633272e-01	3.800383288611968613e+00	1.021897480099828837e+00	5.403881503316241286e-01
nan	7.009705764494129632e-01	9.805998098885337910e-02	2.302009199616307900e+00	1.527896825383866730e+00
nan	5.537863646052473277e-01	-5.608423440580996289e-01	-6.199629964737636278e-01	1.578091100128037993e+00
nan	2.907162701063335852e+00	-7.900109819544683942e-01	1.287269994211102997e+00	-2.816085522902739502e+00
nan	-2.820164555343594781e+00	3.543888787535057538e+00	2.095411290476824728e+00	-7.088784933649268094e-01
nan	-8.500235711053957255e-01	-1.719837583857160679e+00	-1.564081733616153214e+00	-5.577460753903594748e-01
nan	-1.164110256393181109e+00	-8.159073320978798005e-01	9.984838453922599832e-01	1.061092893600072085e+00
nan	1.851784345971987378e+00	-2.737521953309907108e+00	-1.327078539855655048e+00	1.166106288358482290e+00
nan	1.589132373936698261e+00	3.518273029243388361e+00	6.362141272459297392e-01	-7.847451379210916844e-01
nan	-1.509333957556108663e+00	2.862141794329105871e+00	-1.500462172728233901e+00	2.461704295783898377e+00
nan	2.010844222544301285e+00	-2.055848919656059870e+00	-1.800853893267526429e+00	-1.101349362197183018e-01
nan	-1.285514022144220947e+00	2.099744450483750136e+00	9.829172002287096532e-01	1.940764547089675496e+00
nan	3.095720955833654919e+00	-1.699910497948027288e+00	-5.620774625314164386e-01	-3.152481263164702008e-01
nan	-1.656947304266215948e+00	2.251255587511719725e+00	-1.318046138094691955e+00	6.234026843021399644e-01
nan	9.869826302857127587e-01	-2.664353115226948177e+00	1.471435961476782905e+00	1.373557382005275329e+00
nan	4.585462865212988071e-01	6.921907918084202471e-01	-6.463591088411315688e-01	2.260937215827663743e-02
nan	7.500128200902298481e-01	-9.650631401358289452e-01	-2.956415078956118880e-01	6.364047543871773627e-01
nan	6.619393627132541535e-01	-4.029965243091160332e-02	-1.508086953975394662e-01	-1.705277135920761911e-01
nan	-2.884773270865079176e-02	-1.206727852382047939e+00	4.006581054363554939e-01	5.968498001201236747e-01
nan	-9.477556334221508560e-01	3.642456766966473136e-01	7.481156854826412905e-01	1.138576713009646468e+00
nan	-3.145813697459400871e-01	-1.484598333617541677e+00	2.519262395381129949e-01	8.595118902138587647e-01
nan	1.814239022421709979e+00	2.304794741078096676e-01	4.539040348911359546e-01	1.884536144525431167e+00
nan	1.216481217120950475e+00	2.785722044246531581e+00	3.424634619409624436e-01	7.401228773303424324e-01
nan	-7.010029797004183605e-01	2.063623091944847499e+00	-1.900932669929704388e-01	9.670342412028896939e-02
nan	-1.558301844747703724e+00	-6.738989175915510721e-01	4.354287006297730134e-01	-1.105826741719453832e+00
nan	-9.751159039094796643e-01	-3.214099714608149583e-01	3.314055866412594642e-01	1.012118938045787342e+00
nan	1.668359347624506661e+00	-5.227829823714071900e-01	1.004249747556465344e+00	-4.474322000353844198e-01
nan	-1.661159525536966441e+00	1.952737056137236582e+00	-4.888190485510563454e-01	4.642221976923268101e-01
nan	-7.694081413144058246e-01	-1.447724462922860056e+00	-2.449818795996974163e+00	-2.166383276190777085e+00
nan	-2.175827462132173817e+00	6.258584392052926049e-01	7.639219139602564101e-02	7.109805265030969545e-01
nan	7.304915336215479504e-01	-2.405451434806808120e+00	-6.625215859742213942e-01	9.237623772919287823e-01
nan	1.588107422457887274e+00	-6.155779190729314676e-01	1.854387813161842979e-01	-5.241032600967907573e-01
nan	-9.183732668419106737e-01	1.762996811089938332e+00	7.347506001088582872e-01	4.643149088323966778e-01
nan	9.708077955951714966e-01	-1.783737815417085981e+00	2.099244103983883836e-01	-9.011745918315858805e-01
nan	-3.019374134309649182e-01	1.112523922534121246e+00	7.718854068937300861e-01	4.398879482498940785e-01
nan	-5.973558798582603302e-01	-3.747264700586826480e-01	1.434999281906217394e-01	-2.299514713057894344e+00
nan	-3.636147733391920767e+00	-1.554179428923212036e+00	8.348708098063528649e-01	-1.010078332361595166e+00
nan	-1.327861106819969716e+00	-2.616709107234314047e+00	-2.129159164214071698e+00	7.903784984948670767e-01
nan	7.716727909362043336e-01	-9.326255082263394947e-01	-7.388151729554014446e-01	-1.079138200177016671e+00
nan	-1.577841027533541496e+00	2.609418219829767072e+00	-7.540612839048856930e-01	9.413940235208773100e-01
nan	4.815327319566712339e-01	-9.876755878613959760e-01	-1.065931079054074221e-01	-3.396689386572037672e-01
nan	-1.262073350815911654e+00	-1.114033328307150184e-01	2.373025648762971118e-01	-2.008730986821897435e+00
nan	-2.106550380081835261e+00	2.739921016896202932e-01	-6.324553185197850924e-02	-1.169036753992224620e+00
nan	-1.049894430135699830e+00	-1.874014458940519212e+00	-4.872646994051371694e-01	-9.786987010521377428e-01
nan	8.178154644433877074e-02	-1.709031854669646133e+00	-2.939795979378113586e-02	1.713426204448267320e+00
nan	1.533673685241569995e+00	-6.620299622269294471e-01	1.573921958401099275e+00	-5.065087802801107042e-01
nan	-1.257610841737597074e+00	5.409394875294974980e-01	1.632952300080098063e+00	2.741830949105744097e-01
nan	-5.164153616567830341e-01	-1.430122244711421686e+00	6.430750266440289353e-01	2.088392437812782720e+00
nan	-2.140172267693465358e-01	-1.070105581874012390e+00	-8.602493225919448372e-02	3.930214394125384758e-01
nan	1.563748619261107198e+00	-3.917085619186924106e-01	-1.516689383634275447e-02	1.262574411373360572e+00
nan	1.253639890492495690e+00	2.149121532107691301e+00	5.201278796918511471e-01	1.197460864320707197e+00
nan	7.507777783594009602e-01	1.455096488569911362e-01	-1.892110106224862642e+00	1.776492163916176814e+00
nan	1.911736756725019415e+00	-9.869809115659629040e-01	4.162352521650752868e-01	2.655637043308470835e-01
nan	1.301266748202759782e+00	1.519302165151884543e+00	8.082438095811230738e-01	4.247154058264595577e-01
nan	2.715780994786548552e-02	1.200361438523874114e+00	5.550567095179628208e-01	6.401542571610027155e-01
nan	-1.276528199368374583e+00	-3.917097462365551341e-01	-1.207206991698258403e+00	-9.201281291363102577e-01
nan	-1.059740102714399113e+00	-2.210748270917945568e+00	6.226232277896418532e-01	1.454123059076801949e+00
nan	3.803415915148158355e-01	4.931358760007411579e-01	-1.266837945401775745e+00	-4.999110954098514581e-01
nan	-1.355525381190570977e+00	9.149936541425044423e-01	2.453587686497729625e-02	1.992113693302791921e-01
nan	1.466278491832139430e+00	-1.290878366936553112e+00	-8.842209630653680152e-01	1.447045821269988597e+00
nan	-6.877476604903822732e-01	2.513814192431822470e+00	-1.433218892738358674e+00	6.241808213820599915e-01
nan	-1.271242046894679456e-01	-1.771320813647132120e+00	8.858607165830675312e-01	-1.998650191508567209e-01
nan	-2.667532339695757315e+00	-1.978762129989966312e-01	-1.099404548981679053e+00	-4.316890360230093981e-02
nan	2.578947238920746621e+00	-2.021998745859484359e+00	1.337248773335055096e+00	-5.129683110194528384e-01
nan	-1.782576794807031462e+00	2.818601442810822366e+00	1.616090326740336758e-01	6.564261505004327368e-01
nan	-5.234923062989984555e-01	-1.950677434154227008e+00	5.164350016521088715e-01	-1.361151603718568692e+00
nan	-1.495230584033057530e+00	-6.616810867615909864e-01	-1.648317795132479446e+00	-2.179249094225683137e-01
nan	-2.238725077612903347e-01	-2.400179630270597997e+00	1.851796701882955976e+00	5.981936847688981151e-01
nan	2.622625817420514149e-01	-9.688894897584637844e-01	1.152523781730626640e-01	-3.396343368008032382e-01
nan	7.891995974800636304e-01	4.472501580014821565e-01	7.172050731760821751e-01	5.195956178377291179e-01
nan	3.070558042609465854e-01	1.451778309583242610e+00	1.411472378734956123e+00	6.011587040994541553e-01
nan	7.489458160291646571e-01	-8.297124286821317973e-01	-7.263172624338332106e-01	1.394649140614546701e+00
nan	1.909977875557226312e+00	2.024563949537020235e+00	-2.836829822431776171e-01	-1.289401597992047899e+00
nan	-9.921300220778270784e-01	1.078579851224126473e+00	-4.727164209492284996e-01	5.029779339583818620e-01
nan	1.556674416073474010e+00	9.453964315121894391e-01	-6.075983327894844965e-01	-2.374138055292917410e-02
nan	1.872997010688741915e+00	1.745036162952563474e+00	-1.177125458778296822e-02	-6.357988955571174383e-01
nan	1.523360206781797510e+00	1.607542636013031156e+00	-1.477096413254481044e+00	5.137649335838390119e-01
nan	1.842047585400146126e+00	1.682650348675617469e+00	-7.485767944591459333e-01	1.074124186846485252e+00
nan	-3.877537201028520286e-01	1.795394923904999107e+00	8.356091862288790306e-01	-1.514398631136864015e+00
nan	-2.839225635619762489e+00	3.655003121728980231e-01	1.148235300690530147e+00	5.700430674043352464e-02
nan	1.389761495961992777e-01	-3.545793292144850728e+00	1.449377735820470026e+00	1.846599001229943804e-01
nan	3.428310358042240824e-01	2.297769122014159837e+00	6.088580625075128427e-01	-1.498612626578470497e-01
nan	1.859638103584294044e-01	-1.897924618560382082e-01	6.926860915044580347e-01	4.266602022096704361e-01
nan	-2.187270334537847027e+00	-7.379482291495125246e-01	-7.147408686834403335e-01	-1.874909308062036928e+00
nan	-1.760931145392441222e+00	-2.708874077578684592e+00	1.943733379058114885e-01	1.017717008000800671e+00
nan	3.995748086105797015e-01	-2.092668603030543473e+00	1.934780290988074442e-02	-1.890575000815466755e-01
nan	-1.429448109638647102e+00	4.307885552617671809e-01	3.115571987946090249e-01	1.650513205856711130e+00
nan	1.354492824785311855e+00	-3.228387144203997750e+00	1.631374008637228812e+00	2.005239734180027433e+00
nan	1.033216617988469421e+00	1.921476952960907703e-01	-9.233901674320670327e-01	1.345380038937465494e+00
nan	1.739670328131242893e+00	1.052868189475526961e+00	3.875944774834227946e-01	-4.030691120748820105e-02
nan	8.877697709674883253e-01	1.269135727619516096e+00	1.056282956209057211e+00	1.002941989166611370e+00
nan	1.037684603773647574e+00	1.300845156207115050e+00	5.423999207191559924e-01	4.995393425030725254e-02
nan	-5.649223037375832313e-01	1.098635147103822485e+00	1.170977112779082896e+00	-1.419605326275886759e+00
nan	-1.836078994015121424e+00	-8.588707294296979988e-01	-1.008717298020254560e+00	-1.735049636319977884e+00
nan	-1.642732610465385656e+00	-2.126388944467437092e+00	-1.471923774250949446e+00	-7.648445912983946604e-01
nan	-1.638753342928648937e+00	-3.468343111896041719e+00	-1.541246541954524485e+00	-5.912525195112291465e-01
nan	-2.595554280923012547e-01	-1.505960295032680030e+00	-1.081978880380180641e+00	5.433580680621267200e-01
nan	2.487598312270689060e+00	-1.160218145446654692e+00	2.365455880504868311e-02	-3.476596759976532947e-01
nan	-1.076969229963938846e+00	3.956624179644786299e+00	2.645677676030619430e-02	3.015015140722453468e-01
nan	3.981741358080623794e-01	-2.982674940390525054e-01	1.120024447486380886e-01	4.029667397690064323e-01
nan	-5.870046373256859740e-02	7.295967781193113399e-02	-4.407276648584363965e-01	-1.014362990053215396e+00
nan	-4.785977159690291138e-01	-9.818864879073230245e-01	2.112952666000403656e+00	8.906151559892661052e-01
nan	1.932898012328180481e+00	-1.073094893225808866e+00	-7.439144959564953918e-01	4.051149898967666349e-03
nan	-1.558139131345911421e+00	3.624844295481719048e+00	1.180327483589626858e-01	3.419900648401581478e-01
nan	2.250688795961160449e-01	-8.737214415265299738e-01	-3.136702719708694964e-01	2.287202818196350851e+00
nan	2.762442896025428585e+00	-7.784483369587007484e-01	-1.198183674077324845e+00	-1.969690913650205655e+00
nan	-3.626302829210390044e+00	3.231242650698284979e+00	5.184636267661738573e-01	-8.549112723398329949e-01
nan	-1.706840111624164713e+00	-3.866721198294420070e+00	1.935195898495240430e+00	1.912217170048649550e-01
nan	9.017314647789353987e-01	-4.027145133133220867e-01	-4.711572169838206675e-02	-2.070190006903025459e+00
nan	-1.911451850867343039e+00	1.029874860405751713e+00	1.730210791045113383e-01	4.738209559853501229e-01
nan	-3.463899822779586968e-01	-9.819864890205430852e-01	7.540885032528219512e-01	8.789458762797757174e-01
nan	1.227425939111338238e+00	-8.435819468298759727e-01	4.128243596377072500e-01	-8.529995264498423380e-01
nan	-1.534913219116407657e+00	1.246305591580083583e+00	6.980298582983226474e-01	1.110900509979117351e-01
nan	-1.063396475786956508e+00	-1.899314808852013536e+00	-4.077215351339888438e-01	-5.715326031422137687e-01
nan	2.414702273293057866e-01	3.760451728704923280e-01	3.997489777404500400e-01	-3.426303737759892748e-02
nan	6.268570668841706439e-01	-1.104457237287660654e+00	-2.202123302631682655e+00	-7.875250226630702288e-01
nan	-4.683538461768206318e-01	-4.202459464852097426e-01	1.356999735640791016e+00	-5.955143674669013398e-01
nan	-1.890739984934744822e+00	1.972257192730864528e+00	1.463503596384038374e+00	1.139898880186674290e+00
nan	3.126299433067523559e+00	-8.915719997153855880e-01	-1.165515621708274274e+00	8.996387595141662474e-02
nan	-1.111854597859113003e+00	4.590390891224803482e+00	-1.630672492067827134e-02	-1.630772782052052061e-01
nan	2.652079467560822801e-01	-1.154372645345917769e+00	1.013268629152406008e+00	-6.038653646606174652e-01
nan	-2.128769551176030284e+00	6.325175430226654960e-01	2.096829226680458458e+00	-1.395828354369820445e+00
nan	-1.359877405293417274e+00	-6.015251639801746375e-01	1.079527155526987414e+00	-9.476817207373069984e-02
nan	-1.091846355308001559e+00	-1.498191803341917261e-01	9.224588225223498972e-01	4.411577939192233289e-01
nan	-1.003932525092463113e+00	-2.110817409162263125e+00	-8.321227989780689560e-01	1.551911255730890948e+00
nan	1.852864423709038588e+00	-1.306576705542602301e+00	-8.179047248713392504e-01	4.995828133840609642e-01
nan	1.653323779640002433e+00	1.504116785576291360e+00	-1.333605604241827614e+00	-3.228637202530515449e-01
nan	4.851483244332710498e-03	2.272491659337549930e+00	2.329032032200842872e-01	7.514206137977194055e-01
nan	-3.898520455390985795e-02	2.457740086747310371e-01	3.832565925736443613e-01	4.846336075203535043e-01
nan	2.348180290595066833e+00	-1.415837173044784514e+00	-9.899503681491614859e-01	1.127847193670526327e+00
nan	1.554870442962336341e+00	2.065824064922229475e+00	-1.471494157461052721e+00	-1.314464116783311320e+00
nan	-1.751582410802465795e-01	1.594880537437561197e+00	5.265458375169570493e-01	-1.322340792540920296e-01
nan	4.499080642581784195e-01	9.719398168469717270e-01	1.342941128611019774e+00	-2.416625598317717061e-01
nan	-2.089368553998069977e+00	1.874247996460934651e+00	-1.543673990263843276e-01	-9.522814462157259685e-01
nan	-1.223029943295517175e+00	-2.618348266789357837e+00	5.999306341818509691e-02	5.128297133759986970e-01
nan	-6.694199745582762873e-02	-1.489098731703624612e+00	3.618662341087383605e-01	1.339672286133293533e-01
nan	-5.423142592028751263e-01	-4.729994547949077643e-02	1.411939708632593549e+00	5.052402069731556367e-01
nan	1.235829603031489143e-01	-1.040068698950590509e+00	-2.435731510809836797e-01	-2.605185743241832386e-01
nan	-3.998355274707098284e-01	7.784286577629941917e-01	-2.680373896068459216e-01	3.686029117946341138e-01
nan	1.815871370149402031e+00	-1.490106648601588812e+00	9.978850426966422438e-01	-2.380687042737185122e-01
nan	-1.752683322381629161e+00	1.694063353711272812e+00	3.615934456880376957e-01	8.875093625602129555e-01
nan	-8.566986160240009918e-01	-2.316901133362573084e+00	-1.916671105958107857e+00	-1.740643758805576480e-01
nan	1.046725465078855999e+00	-8.199390236631526330e-01	1.405255723369546850e+00	2.541454105090784621e-01
nan	5.146368355019936836e-01	1.508917355191610188e+00	-5.974558743215305778e-01	7.514924363514760008e-01
nan	7.388431494414648970e-01	1.595072992471074480e+00	7.797800288223447618e-01	-4.708252712305272536e-01
nan	8.084458801669297534e-02	1.485257724815669089e+00	-1.012439112430138399e+00	1.846248388217075209e-01
nan	3.990721824000900697e-01	-1.404663446918922864e-01	5.059391669128432412e-01	-1.745218158487842064e-01
nan	1.687088528329099557e-01	4.129405174082839136e-01	3.668821586776432886e-01	-1.778496741906855361e+00
nan	-1.871714418031197091e+00	-6.787514226430072517e-01	-1.223089303524447891e+00	5.205236731827167507e-01
nan	-1.253181432464361977e+00	-1.001113779674842608e+00	-1.989005332747054267e+00	-1.494244495392774708e+00
nan	-6.115009733537721814e-01	-5.066742105418908793e-03	2.803365803490520669e-01	1.091355971513581213e+00
nan	7.601255868599381404e-01	9.149894535649443217e-01	3.915797139738639299e-01	7.173319717396021700e-01
nan	7.455529041076810470e-01	8.045595467525794575e-01	-5.220773213941367619e-01	5.452770852738638707e-01
nan	-4.002500253826133392e-01	-2.073804872288989021e-01	-1.501847193375471790e-01	1.656829143104579849e+00
nan	2.777590719550607545e+00	-6.790739340372415889e-01	-9.914116922157908962e-02	1.890522315895771355e+00
nan	2.197934931330727704e+00	4.398174986340968928e+00	1.228664272497845378e+00	5.644802454405942749e-01
nan	2.547503003454940629e+00	2.899404695992842118e+00	9.890295468367291121e-02	1.369705783118686515e+00
nan	4.338582835558101314e-01	2.216638792748286235e+00	-1.387159011417073984e+00	-9.204817603181032482e-01
nan	-8.286886254744532110e-01	1.970553794773425571e-01	-9.923563200806658768e-01	-2.641844083649372288e-01
nan	1.535046098625735933e+00	-2.184450885624335204e+00	-6.315017260048704228e-01	-4.040913709787499752e-01
nan	5.182785249696848506e-01	1.873105968724890324e+00	6.604960230595992021e-01	-9.049509802837943928e-01
nan	-1.181062518445041842e+00	5.455248947119580860e-01	-1.476880702384248290e+00	-1.928214675523214794e+00
nan	-2.145688366214095755e+00	-4.539309606368132632e-01	1.715521392213034124e+00	-9.395624825731387908e-01
nan	2.648914153752148781e-01	-1.149052644517896349e+00	-6.065848985105775082e-01	-2.513306859756586076e-01
nan	8.538611787562242483e-01	1.682190820220352823e+00	-9.018652605738192163e-02	-1.105695265765337165e+00
nan	-8.555940267855735026e-01	3.705440456435595831e-01	-1.681943239888298969e+00	1.386237310885525709e+00
nan	4.328701620029268282e-01	-2.665076797554581933e-01	-9.983331876885682687e-01	4.976006429033577039e-01
nan	-6.768754154716660754e-02	-1.606251531143202627e+00	-5.207668194029936304e-01	6.256806448896859996e-01
nan	-6.351873387059533416e-01	2.054776166054926190e+00	1.442088731495899001e+00	8.045791509066130276e-01
nan	-9.208037156781095911e-01	4.650535718881965153e-03	1.064098209578864918e+00	-8.373236047572321650e-02
nan	-1.007929771993689050e+00	-2.112676467429644767e+00	-5.064728140422898317e-01	1.384963927481218382e-01
nan	-2.288693089436238670e-01	-1.343351872163541350e+00	2.058795520558444281e+00	8.625891530083137360e-01
nan	2.154311739845702789e+00	-5.389406498873344775e-01	-1.198543430374165580e-01	-1.654012932596940821e+00
nan	-3.975907887707868849e+00	1.762506822971944054e+00	8.416200738163882589e-01	2.869609196227116410e-01
nan	1.553174723992502670e+00	-5.433758137878153427e+00	-3.211274308702113389e-01	-2.613980797681462239e-03
nan	-4.549627110409111275e-01	2.767303633695927800e-01	-2.482497305253274611e+00	-2.019319509363164844e+00
nan	-1.588410250655070577e+00	1.618526426093995330e+00	3.222217761625020271e-01	1.079488396003685402e+00
nan	1.696150077204760853e+00	-1.677542083396083905e+00	1.283466776812624666e+00	1.165271113545814030e+00
nan	2.393453019235299184e+00	1.672963068680326293e+00	1.600908310523261879e-01	2.007543753573221679e+00
nan	1.832671277274713795e+00	1.952816028402358128e+00	1.619839593202632988e-01	-1.022693799439556989e-01
nan	8.009380061764279635e-01	3.263657921213677149e+00	1.470000505552902847e+00	-9.935363766582250289e-01
nan	-1.123867822357932367e+00	4.933106123473740001e-01	-1.939822092336279447e+00	4.991889143238670834e-01
nan	1.080632292101816327e+00	-9.508575920514170665e-01	-1.772394682791577913e-01	-2.321386443949385314e-01
nan	-1.034664426819633665e+00	6.123103077144794737e-01	3.298164827481798178e-01	1.747140762316858442e+00
nan	2.820779544835175567e+00	-9.776684353330262756e-01	1.906656193553698753e+00	2.917101416678410386e-01
nan	-3.174288786436643139e+00	2.078073967005566125e+00	-5.214517301686304451e-01	-1.777586766228200499e-01
nan	-1.472475634525557631e+00	-3.486256712617946896e+00	-2.035302759990700039e-01	-8.262513880407427180e-01
nan	-1.481015552997311246e-02	-7.850041627874377870e-01	1.443769305993131136e+00	-1.000959065814230220e+00
nan	-1.950464163985425881e-01	1.962765516225906115e+00	1.288507962566231013e-01	-2.797014358108573240e-01
nan	-6.108205011938748763e-01	-1.254421297618183218e+00	1.050639894958106668e-01	5.140053626494173189e-01
nan	-1.632974689096523546e-01	-3.824909522115768068e-01	-1.572989517148022820e+00	3.635254076651674437e-01
nan	4.275367309134049387e-01	-4.345800872648076796e-01	1.506818660521194841e+00	3.756178371013206563e-02
nan	5.808717543336008315e-01	1.532249777795658296e+00	1.102222897942323865e+00	6.144897122895469632e-01
nan	1.216557068504364070e+00	1.708036710616332110e+00	-7.475045107738828021e-01	-1.247633094933579878e+00
nan	-2.978390408229676822e+00	2.454016247765704151e+00	-9.644606561156522651e-02	1.302722917378877909e-01
nan	1.533882992016223079e-01	-1.299440948991940292e+00	-1.633002436812761582e-01	-1.469740469538211913e+00
nan	-8.611618861569292349e-02	4.925082870858512596e-01	-1.453138443400521229e+00	-4.124458906746423792e-01
nan	-1.744685155124514830e+00	9.335863613701689268e-01	1.743345383555152006e+00	-9.793702496714157268e-01
nan	2.665074469629865606e-01	-1.786135431789804606e+00	-2.773051803186918907e+00	1.236041162309464037e+00
nan	3.975434652398440960e+00	-1.162028189774532816e+00	-1.674809010715747171e+00	5.441355446610718349e-01
nan	2.585688632385397590e+00	5.787674513946173604e+00	4.109430748617924900e-01	-1.221707350030080574e+00
nan	-1.457791447297802856e+00	4.081253699990942785e+00	6.774503958671485027e-01	2.644629736167182887e+00
nan	5.341089549051458718e-02	-1.779448229968657813e+00	-1.201893820362002874e+00	1.150819235849703359e+00
nan	2.853014703560469156e-01	-1.216534061778554054e+00	-1.221554041211958985e+00	1.272502128542565947e+00
nan	9.571243543270530063e-01	-8.646214427011736925e-01	-5.992669979285065729e-01	1.515749282094190242e+00
nan	2.085670017045179847e+00	2.701560358959784303e+00	8.077598777677615915e-01	1.107794461972749334e+00
nan	1.600685735550277933e-02	2.020222756847140033e+00	7.020211139640423204e-01	1.834599446106224274e-01
nan	1.082327566081314529e+00	-1.218188757533670064e+00	4.304450482966093450e-01	-1.604630413571761061e+00
nan	-7.545013000730448338e-01	2.677438957935208919e+00	-9.713567735734353059e-01	-1.115572270520854614e+00
nan	3.143996540134816886e-01	-1.948500003461741681e+00	-3.741620469104154356e-01	1.485379517329967092e+00
nan	1.194680555880205608e+00	-2.389962290054914451e-02	-5.122980639947348758e-01	-1.474664112364335034e-01
nan	2.648441999603995178e+00	2.325317025174753471e+00	7.610222826494761339e-02	-6.620394436214448453e-01
nan	-2.250903094073394506e+00	1.138689796061643333e+00	1.733924588119452936e+00	2.473410475534161268e+00
nan	1.549059459707470943e+00	-2.077730088461802627e+00	-3.970968553038712323e-01	-7.949993783433760841e-01
nan	-5.665195129916670291e-01	-3.367550182748064724e-01	-6.400476515566269065e-01	-6.635947685194087953e-01
nan	-3.382720904457253708e-01	-3.352689682940437343e-01	-8.452078639069218191e-01	1.101444078570498419e+00
nan	1.887146313814303866e+00	5.316105457756592489e-02	4.119893401955148082e-01	-1.420029707326852630e+00
nan	-1.903477803145402936e+00	2.225820539593768466e+00	-3.940513950329323917e-02	-8.135302082947619695e-01
nan	6.802834852824637402e-01	-1.047966356001817978e+00	7.587465170997781394e-01	-4.506138271777495041e-01
nan	2.107114285949520105e-01	-9.739084639330459758e-01	-2.197380079516507490e+00	-3.134016520475341183e-01
nan	3.212190944475618037e-01	4.706835137114664946e-02	4.698485634085250440e-01	-4.277089629881823951e-01
nan	9.422805552130860685e-01	1.757554651940113066e-02	-7.120318930877376218e-01	-1.839670693701561111e-01
nan	-1.386748729059319230e+00	1.773495096595304910e+00	-8.334691737085974106e-01	1.702170961812778494e+00
nan	2.589815323780312095e+00	-1.089259194357662608e+00	-1.651941259363421732e+00	-6.492972640582811428e-01
nan	2.322758068066035353e-01	2.458492254471133620e+00	5.383311803255079742e-01	-4.936365734612482847e-01
nan	-1.759547065002020183e+00	-4.908376929067599370e-01	-2.537519265580230332e-01	-3.885162340711604823e-01
nan	1.555525164629442347e+00	-2.045042200135735566e+00	4.856362225864754301e-01	-2.132053541087791937e-01
nan	1.160403662137917014e+00	1.863482966154547782e+00	-7.417159042657543999e-01	-1.138113817579700315e+00
nan	-3.789403020849975157e-01	-3.529967786270056251e-01	-3.163063048847523095e-01	-4.860153750657242311e-02
nan	-4.673460036093216585e-01	-1.018879551461128408e+00	3.701792581264451432e-01	6.572364762012096184e-01
nan	1.111566102330958650e-01	-1.859947660855402862e+00	-5.254195029760492242e-01	7.008918060358181323e-01
nan	-4.854612099271994330e-01	-1.508225939121103476e+00	1.617843508371737959e-01	-2.078049714320085783e+00
nan	-3.624919475257309287e+00	-2.419845261224914612e+00	6.359033594648327847e-01	-9.982404796073482967e-01
nan	-1.397633176731550408e+00	-2.642092264135238455e+00	-1.338617624130485240e+00	6.572272556699891854e-01
nan	9.536000389227017315e-02	-1.130463946006900144e+00	1.573436108252394217e+00	9.204186969253849160e-01
nan	2.675385080946708793e+00	1.184005136238660105e+00	-4.574546059688057720e-01	4.746861672993695214e-01
nan	-6.462342699468309748e-01	3.150810836420700589e+00	5.002371004824219397e-03	4.552219101556220782e-01
nan	2.461582889709177380e+00	-1.204620380373874422e+00	8.192449662044533065e-01	-1.103260361716098981e+00
nan	-1.378093373015561340e+00	1.515825755703939404e+00	-2.515334924956630358e-01	-4.631330399316267443e-01
nan	1.417168756221627524e+00	-1.938732420135580448e-01	7.456658167612995047e-01	6.599053577212983246e-01
nan	1.104432901869795591e+00	2.688682260936048340e+00	3.511197111244520053e-01	1.254336294929939921e+00
nan	1.010610007007529454e+00	2.202752321930720125e+00	9.185943031922331192e-01	5.060668519210552718e-01
nan	2.256708260787361198e+00	-2.069521187882655155e+00	-2.914900719768019344e-01	-5.737840763254922205e-01
nan	-5.205831160051627160e-01	4.375017234104642938e+00	-9.010129580035131092e-01	3.451574311671385398e-01
nan	1.622704072454293822e+00	-6.851080973338365965e-01	-4.379877154260736760e-01	-1.318792765067534067e-01
nan	5.190969016444746398e-01	1.819547045959489573e+00	-1.071157676146474724e+00	-6.726058917138737492e-01
nan	-1.277864920617572508e+00	-7.265502624931383657e-01	3.969157579082568388e-01	-1.406207378689429577e+00
nan	-1.109308059904234423e+00	-6.828129864335694688e-01	4.305536103536926618e-01	-6.887109629644038167e-01
nan	-2.482349705212559265e-01	-9.918843818017354375e-01	1.081284406492740935e+00	4.159475889223889222e-01
nan	-2.059891828317643725e-01	-1.358752181988551300e+00	8.823805369238396645e-01	-1.189887336784375638e+00
nan	-2.001141061518004527e+00	3.442972910991517477e-01	-7.790027572852675775e-01	-5.279763588785479911e-02
nan	-1.522758781481342583e-01	-2.653029381019708755e+00	2.957545135895358057e-01	-1.100328301027697631e+00
nan	-1.264518106064954406e+00	1.643036608214788696e+00	-6.858791358786427150e-02	4.415303526093936060e-01
nan	-6.175822473731888973e-01	-1.845156187892229127e+00	-2.868760767551387647e-01	-1.125086413966121190e+00
nan	-1.915702536571612935e+00	-1.561410130887306291e+00	3.086675654813519354e-01	-6.415945012239742118e-01
nan	-1.303789128524790897e+00	-3.546970144082321141e+00	8.992604831447509328e-01	9.985751901053628865e-01
nan	-1.627069928247765196e-01	-5.220697347454809067e-01	-2.653811175758328034e+00	-7.053261224421950581e-01
nan	2.110965426809123802e-01	8.839409114474577889e-01	-2.112776838364564647e+00	1.683335399615339956e+00
nan	1.591356972157905725e+00	-4.456639876322201488e-01	2.932567617907561597e-01	-4.894403212398141245e-01
nan	-6.339901368259681647e-04	6.501401273517557478e-01	-2.971610686189896655e-01	-9.176163813561112326e-01
nan	-1.925429524595828834e+00	-5.388850389871215896e-01	6.437963293185919866e-01	-7.768083827752499948e-01
nan	-7.002666892890423433e-01	-3.061657972984254350e+00	3.124547746415461402e-01	-1.460533834950646259e+00
nan	-1.707507247512246806e+00	-3.148142587182332086e-01	-1.528758133274634279e+00	4.118146859672389692e-01
nan	8.404028534148504370e-01	-1.146432824009788742e-01	-9.696759117388358273e-01	-1.347500773207702895e+00
nan	-2.138235271300618745e+00	1.006223615178960751e+00	2.887459117881606918e+00	-1.078725453774434628e+00
nan	-3.079937311545899448e-01	-1.270361227531392245e+00	-4.194526709692613098e-01	1.911436253496949789e+00
nan	1.363849092914574790e+00	-4.636736803463358259e-01	3.873485372684128403e-01	-1.894043611605427779e+00
nan	-1.971936503081710867e+00	2.652357036515742283e+00	4.064377414922116238e-01	-1.276881304433935327e+00
nan	-1.256041930206383661e+00	-2.648731708201709445e+00	-6.490025712520698375e-01	-1.160610013200614077e+00
nan	-1.910732327550723308e+00	-6.645124260672519156e-01	-6.720079637414251295e-01	5.191199173030200953e-01
nan	1.301737394485936283e+00	-1.979075894837324601e+00	1.926018266814289559e+00	1.430871029531022576e-01
nan	-3.763863820662396442e-01	1.481876124685993501e+00	-3.441826800526464059e-01	-2.883238001184020405e+00
nan	-2.302000772111709725e+00	-1.855256627213561327e+00	2.735554393117198835e-01	1.651144972952999890e+00
nan	1.615434779164166335e+00	-1.407426406215409820e+00	-4.030886946418169581e-01	5.469151473826434628e-01
nan	1.405527484196932964e+00	4.508110980280015667e+00	-4.006999638900539118e-01	-8.620827916877522590e-01
nan	-1.563165405716165690e+00	1.763071078722269425e+00	-2.512500778381674404e-01	1.010629800843767384e-01
nan	-4.941560125722584129e-02	-2.654024788629319787e+00	-6.622353989341568381e-01	7.624192908110868361e-01
nan	-4.276997129753580262e-01	1.708838075429638392e+00	5.382359492081744134e-01	-3.102450758705699863e-01
nan	-2.191017107511101791e+00	-3.527608143828614651e+00	3.810018463638778496e-01	4.781183706913374326e-02
nan	-4.903194756991394732e-01	-1.450488145011493035e+00	3.861329983895104845e-01	2.455744041155563384e-01
nan	1.016006426699146148e-01	-1.231469448863047544e+00	1.297616295130159768e-02	-8.504231570183344233e-03
nan	8.469591695945866139e-01	-6.420078402200983803e-01	-3.088037363598947205e-01	3.168796190213471142e+00
nan	3.228032068253605669e+00	2.483066074834472392e+00	-1.115677426755437907e+00	1.213483462712529715e+00
nan	1.902780871649704775e+00	3.203733364065733724e+00	-3.736115895886215066e-01	-5.800246546335678932e-01
nan	-7.862037921863249679e-01	2.418702471018165490e+00	-7.485991418283178822e-01	3.593964514889889106e-01
nan	-4.515197635211400939e-01	4.237262799218184384e-01	-1.620671189964583814e+00	8.793640961295146052e-01
nan	1.648202969329409129e+00	-1.872426762249417287e+00	-1.912384395866839171e+00	2.218348519548766884e+00
nan	2.195334076586673788e+00	4.653136154364032606e+00	-7.575181453653073715e-01	9.435550376611596679e-01
nan	7.523334616953576415e-01	9.828467980234352197e-01	-2.479781841907831019e+00	-9.119304333860446254e-01
nan	-2.735508242004895951e-01	1.125030141521934812e+00	-1.260950442534482185e+00	1.214062036998193372e+00
nan	1.085598559336374391e+00	-1.304878600080084938e-01	-6.301090186859745756e-01	1.120871057854385677e-01
nan	2.600626737426937840e+00	1.503269482667221046e+00	-1.139961406286534862e+00	3.709374617391521523e-01
nan	5.980022857208202591e-01	2.890484142286497971e+00	3.048233717401150344e-01	1.692372921025345978e+00
nan	2.933908943720730633e+00	1.047349451155011324e-01	4.665617914596968396e-01	1.159465553807662364e+00
nan	8.714228496169942328e-01	2.522739640724126708e+00	9.100079465282496782e-01	4.326624695983417590e-01
nan	7.348992425301208442e-01	9.490615349578845894e-04	-1.672120309937465299e+00	-8.228316299505880060e-01
nan	1.626953734716025668e-01	1.556434216938295645e+00	-1.982787266690691497e-01	-1.129394128731047164e+00
nan	-1.213354431441329373e+00	-3.253757718349209460e-01	-4.634988587794574566e-01	1.445939209525696212e-01
nan	-1.467041549363007125e+00	-2.368624361422670077e+00	-1.348137892692144457e-01	-2.877612215846213628e-01
nan	7.051347362639242000e-01	-2.687778918138649331e+00	3.526769725302815184e-01	-2.826819530242085099e-01
nan	1.317228695261068783e+00	6.883537190164414898e-01	9.743446054872871853e-01	9.048305132255278771e-01
nan	1.563628662949551718e+00	5.213075026741809115e-01	-6.774955990035693709e-01	1.410649445490368858e+00
nan	1.573308110029175033e+00	-5.498980776527235825e-01	-1.530626318232787719e+00	5.561571533147074975e-01
nan	-2.517749986352727509e-01	3.117561361308362589e+00	-1.478270830896646348e+00	-1.124327167660855720e+00
nan	-9.712997479911542609e-01	2.055673455936569138e-01	-7.532702981597865222e-01	-7.625266167294951769e-01
nan	-3.787646732428506247e-01	-1.873355485397082409e-01	-2.205237586632060598e+00	1.441122808108800668e-01
nan	4.512615178972158581e-01	-3.909878951185422613e-01	5.951286915963786006e-01	-1.259709915314484618e+00
nan	-4.114892432261856303e-01	-1.530584119561455347e+00	6.656633454626349755e-02	3.667082422605129621e-01
nan	1.660600334152769531e+00	-1.069065658651609407e+00	7.322892283413056091e-01	5.105870525965133799e-01
nan	9.369271297088082040e-01	2.734334676886607252e-01	-1.047720034070494188e+00	6.752244585980997638e-01
nan	-8.964741362876438302e-01	2.745471991370367348e+00	5.881091347820713855e-01	1.766549753495645136e+00
nan	2.971298992614012313e+00	-1.386776929246661405e+00	-6.584207726563846563e-01	-1.660195785439662952e+00
nan	-2.625060192348749322e+00	1.714300305692907367e+00	4.957815321975840295e-01	8.020470138445654484e-01
nan	2.829254104038064987e+00	-3.739136518702687706e+00	-1.063144379378840654e+00	-2.666078094433994572e-01
nan	2.608903634127712756e-01	1.605002599325778156e+00	-4.611890770564539693e-02	1.483452063356798245e+00
nan	2.950472254566011809e+00	7.325224439837128010e-01	-7.875462750712981519e-01	8.020508571099468353e-01
nan	1.305737166960181384e+00	3.893031331153516295e+00	-2.514586461508915516e+00	7.992725780950017400e-01
nan	1.802930165675991514e+00	1.619399408445261201e-01	-8.806975295359195099e-01	4.393257125370871319e-01
nan	-7.396857145741515538e-01	1.528627986652022264e+00	-2.507823543819172590e-03	9.131998841247279675e-02
nan	-2.562197349970613547e-01	-2.946848985819612854e-01	-2.210305247036976617e+00	-5.177780672994667377e-01
nan	-1.591244453074867060e+00	1.542013147604748058e+00	1.667531341811363532e-01	5.387058561658613076e-01
nan	2.639327864252852263e-01	-1.435406402871880038e+00	-4.920975435870749704e-01	-5.622320327896629388e-01
nan	-9.881974024683118918e-01	-3.911476981053191859e-01	-9.364232413422379775e-01	-9.248943606240043191e-01
nan	-2.715937118985910281e+00	-1.086780739519634942e+00	-1.374506823305697623e+00	-9.602305056386785109e-01
nan	4.357284052011237696e-01	-2.405814488885578584e+00	4.311272622328148341e-01	-1.725778188846598171e+00
nan	-2.171788918246337907e-01	-7.873122365393500077e-01	-1.702294219953367937e+00	-3.908943889803360994e-02
nan	-8.242258985737362098e-02	-4.498091382258118109e-02	3.657675122743237472e-01	2.091478379993016168e-01
nan	2.155103060619085742e+00	4.559984053549971383e-01	1.208270476119541526e+00	-5.968525164042342013e-01
nan	-1.422735735144193159e+00	2.488520863725292021e+00	6.073087505005759779e-01	4.457574561153031523e-01
nan	1.689148086383530423e+00	-4.682270500941566604e-01	2.499159840090737772e-01	-1.585382984562631936e+00
nan	5.007497318778364459e-01	2.554124214596635856e-01	9.105066026010795177e-01	-1.207962680192067040e-01
nan	1.115076068867742132e+00	6.767657108992670700e-01	4.635351284887611056e-01	-9.763855915852061029e-01
nan	-2.501868661332912858e+00	1.077796069584847194e+00	-5.355886492856608561e-01	1.998353686534896312e+00
nan	3.906759150708441375e+00	-3.529824267662874604e+00	3.310366950052913149e-01	1.186835991122402900e+00
nan	3.170868366452458176e+00	4.110966411833686607e+00	9.097925239514235152e-01	-1.429624546516779615e+00
nan	-2.754633230548761968e-01	3.552348074400048183e+00	-1.128936346088681431e+00	-7.784426846619917351e-01
nan	-1.548981660761222789e+00	-6.493078950548262229e-01	1.621000186807221022e+00	-2.947752393388151093e-01
nan	-1.483030588359404600e+00	-1.245255609189054535e+00	-8.041859519891350061e-01	-7.599986542776875076e-02
nan	-7.200790058668120608e-01	-1.103590571865143533e+00	2.930798037963214253e-02	-1.766608838890375288e-01
nan	-7.780937062655841618e-01	-5.932165598682255236e-01	1.096762855995330410e+00	3.866141706365785469e-01
nan	1.729660955200790218e-01	2.854743786020763618e-02	-7.396972394587140176e-01	5.481276791940967730e-01
nan	-4.026164395093190240e-02	5.217739159674434912e-01	1.115637553830677087e+00	-1.825374278642614145e-01
nan	-3.898362552987930663e-01	3.775948116973565361e-02	4.119873150506631609e-01	2.923188642614440655e-02
nan	-1.578607920108157758e+00	-9.069544967546783187e-01	5.204167880127952284e-02	1.509947903052437868e+00
nan	2.359614489113011970e+00	-5.293282265672250020e-02	1.246309216032371880e+00	-1.420675888137680476e-01
nan	-9.919164090526979560e-01	2.144532645761215051e+00	-1.743070865548968618e+00	1.238494822074957646e+00
nan	1.541993440992706743e+00	-1.930154095006263448e-01	-1.345905698396102773e-02	4.851069496102015655e-01
nan	4.506060234714770463e-01	5.913854848541599818e-01	-3.656168908993829847e-01	9.681607993128737988e-01
nan	2.458609020937808420e+00	1.634074029100198722e+00	-9.996006965594989024e-01	6.010451352198545871e-01
nan	1.059907909333966947e-01	1.823150259404652918e+00	6.403463890547091975e-01	-9.066757679912558210e-01
nan	-5.763772189631284348e-01	-1.104110077177510085e+00	1.753044046175343151e+00	1.500129442366922472e+00
nan	1.972066295334047314e+00	4.748282442526887692e-01	-2.016220847720705533e-01	-9.222413574334149544e-01
nan	-2.321304455143740508e+00	1.961133823776935126e+00	1.033404954595462444e+00	4.383433334082961763e-01
nan	2.598976192324580770e-01	-4.381335865483368508e+00	6.717281908538557111e-01	1.912598699038711159e-01
nan	8.963822761619945068e-01	-1.541284373758927240e+00	1.086816402055585273e+00	-4.716399770761502408e-01
nan	-5.915230024533597586e-01	7.785824867839951091e-01	-2.827490841879668482e-01	3.289705969115180317e-01
nan	-6.567011667711495360e-01	4.437106713430283289e-01	5.524576477136889929e-01	-1.675188284820268825e+00
nan	-2.972109031610584928e+00	6.966950207356461533e-01	-1.522588646733762596e+00	1.113969438682014479e+00
nan	-3.390062436234424492e-01	-3.962517716752001817e+00	-9.272061551770373056e-01	5.609216655000517360e-01
nan	2.231171995402413177e+00	-1.819746526252582930e+00	-7.953077931757759345e-01	-1.115801982963217087e-01
nan	8.040837751317489457e-02	2.622955952905545729e+00	-4.152714445787297204e-01	7.607577903255228202e-01
nan	5.748017167234860114e-01	-3.564315526028222214e-01	-1.307400361141772827e+00	6.251657413126328056e-01
nan	3.658358688091617461e-01	-1.527348185140795511e-01	-5.733740382892072995e-01	1.396154835741468370e+00
nan	1.108444094720959505e+00	2.253648258394076009e+00	4.967537444919036260e-01	-3.602548916608196428e-01
nan	3.321237192147406536e-01	2.552032916655230910e+00	1.938349404571729495e-01	-9.228485212205316257e-01
nan	-6.975150193209029847e-01	1.137114990317259933e+00	2.756925087388795159e-01	-6.178101196785571458e-01
nan	-1.366129876338693538e+00	-5.878635873353676988e-01	3.393697219767797257e-01	6.023118379622098839e-01
nan	-2.529673376733122536e-01	-1.036376033414144082e+00	8.543680541211146062e-01	-2.154809825772985299e-01
nan	4.445335740986874340e-01	-1.888706689484558776e+00	-1.327127944767424239e+00	-8.346301312689221596e-01
nan	-2.957044972625766377e-02	1.685997165128670372e-01	-9.737353781668063313e-01	1.419579763330076183e+00
nan	1.962936708766278571e-01	-2.651190135340957266e-01	-5.679088642695442335e-01	2.112988748298280650e-01
nan	-2.346297272742114415e-01	5.281438692747295605e-01	-1.140292241419764041e+00	-7.818070661820329947e-01
nan	3.731956344063204201e-01	-4.561541648261474569e-01	-1.134734243603089110e-01	-1.621737925712279482e+00
nan	3.751752961905796546e-02	8.883429576336028255e-01	-4.247256775171072141e-01	-3.294077382721345981e-01
nan	4.059001054401201181e-02	9.779704194464849953e-02	8.054069724980252865e-01	1.247308271965804849e+00
nan	-3.296706644936291397e-01	-7.939960876280506286e-01	-1.359112555635546782e+00	-3.565998366423967503e-01
nan	-5.315022466982621818e-02	1.091304011088850112e+00	-2.317479063887825319e+00	-3.789752074867123732e-01
nan	9.716424132513330481e-01	-6.566300866747951659e-01	-5.181754185463056661e-01	6.499787726240751073e-01
nan	2.754180099665654580e-01	1.309210038616533733e+00	7.462037283985136771e-01	-5.397285524449226823e-01
nan	-2.396256716923357732e+00	4.103883199088448341e-01	-5.950381719625292831e-01	-5.039409643418419904e-01
nan	-6.968524422394303253e-01	-2.309094913896429624e+00	-5.095794046468927752e-01	1.275281802091804140e-01
nan	-5.304648848622836033e-01	-8.697759136175048367e-01	-1.502915909257596772e+00	1.450193856917818769e+00
nan	6.808439574911152592e-01	-2.056007825816315027e-01	1.391407593108698437e+00	1.803464553062010367e+00
nan	2.633376522208092485e+00	-1.526707708477126335e+00	9.899694068497537636e-01	-1.534536025041543850e+00
nan	-9.905209376462316140e-01	4.325668959434825211e+00	1.885153722490959805e-01	-9.510886056643046427e-01
nan	-2.720229764706185271e+00	-2.775786075941405473e-01	5.701375752747105397e-01	8.937235752210322959e-01
nan	1.728578509209181657e+00	-3.811992046443204885e+00	-8.012437939675544074e-01	6.561875871591554832e-01
nan	2.140247819821923247e+00	1.740556537327109243e-01	1.498306807213578118e+00	-2.738098544981961702e+00
nan	-3.578810518594324641e+00	1.715517701233915560e+00	-4.941630739384701432e-01	-3.221754197646755635e-01
nan	-8.473326637650023807e-01	-3.476510390993072797e+00	1.683005400753308622e+00	-8.226879720274312691e-01
nan	-6.866990936999524120e-01	-1.278915314961365235e-01	-8.308464980769928454e-01	-1.548139138873991516e-01
nan	7.150671566350705888e-01	-2.801102917611354215e+00	-1.729046528851146403e-01	1.711527822493375206e+00
nan	1.204284963592581192e+00	-4.426247827985951844e-01	2.720434832342540243e+00	9.048402493286590298e-01
nan	1.685195128899863892e+00	-2.194585031817619658e-02	1.371219465030698137e+00	1.084441317779616609e+00
nan	7.281014818061041227e-01	2.457642775620729303e+00	-1.497437333170762441e+00	-7.621735187962531688e-01
nan	-1.995099136412739504e+00	7.110851396119198808e-01	-8.663743926545254270e-01	-2.399012258016617882e-01
nan	7.669842547129106514e-01	-2.285553688550156171e+00	-3.768031092722469722e-01	1.506507962180737348e+00
nan	9.213141050165931656e-01	1.596281493682318420e+00	1.451363430508758157e+00	5.560880450742021752e-01
nan	3.889790378702544960e+00	1.087229510125361287e+00	1.638636948041356067e+00	9.723157014777576990e-01
nan	1.731603840030286889e+00	3.893009038318798076e+00	8.436016100201796375e-01	4.276639756850934004e-01
nan	2.214454098345033650e-01	1.330127621660045500e+00	5.937626632697234896e-01	4.564532735553384901e-01
nan	3.002899670203690308e-01	9.706788255667517795e-01	1.618936563787299665e+00	-1.465629795867649410e+00
nan	-1.386543488104281074e+00	2.704678862835210751e+00	1.971673794190169082e-01	5.776124064540488767e-01
nan	1.275492107276033682e+00	-3.176213547042489260e+00	-1.290829334428423847e+00	-3.204913219096180987e-01
nan	-1.936751984954218742e+00	2.387640610545918918e+00	-1.105433582680212939e-01	3.364767950815158448e-01
nan	1.107406520110738146e+00	-2.726613932724172962e+00	-3.955428386020253678e-02	-3.868223986255067692e-02
nan	-5.110684087708362577e-01	1.637809077020475845e+00	8.742440095858329263e-01	-2.486028098125337982e-01
nan	7.089872930688961850e-01	-4.511991425185107873e-02	1.431868640832479056e-01	-7.973949477565136501e-01
nan	-5.159554135380906015e-01	5.483614721658631730e-01	-2.720077283800746426e-01	1.402026256652902259e+00
nan	9.041523507710327312e-01	-9.858068866274605213e-03	-1.910507333402687857e+00	-3.067084993389488923e-01
nan	1.392320452093340211e-01	1.017527236226897669e+00	-4.313292961386173685e-01	6.544065737597953847e-01
nan	3.351257350065287799e+00	-4.613316003428252210e-01	2.503200122070999845e-01	1.254881629874520677e+00
nan	1.779317034221863159e+00	1.925663576566530866e+00	9.482382697251169335e-01	1.391126795858239062e-01
nan	-2.001128690084306161e-01	2.544498587056380767e-01	-7.399825402085903336e-01	-7.473652821667528534e-02
nan	1.321407721477991348e+00	1.011444530650908336e+00	3.738398964864197982e-01	-9.104149243127883651e-01
nan	-1.703304369462042445e+00	1.600785089364469282e-01	3.422570951164634057e-01	-4.399410177462009242e-01
nan	-5.788515358127097610e-01	-9.773117603389048780e-01	3.544593057484924925e-01	-1.270453098388997448e+00
nan	-1.074816653870713790e+00	-2.108447950524639403e+00	2.875761062021136460e+00	8.113307482675722326e-01
nan	1.873167557741826972e+00	9.718458519567008125e-02	1.464923959666871445e-01	-2.281506174053160585e-01
nan	-2.744283748499847797e-01	1.545444119124492754e+00	-1.844510423634817986e+00	7.466456563199814767e-01
nan	2.515747166717347660e+00	4.755535099227924944e-01	1.181521656200510036e-02	-1.088768521009174872e+00
nan	-1.921533502874739341e+00	2.436253644136423535e+00	-9.904975063973614491e-01	1.642955591671527715e+00
nan	1.464549093149822845e+00	-1.864072645960415775e+00	1.098174041569927928e+00	-7.261917511311185569e-01
nan	-2.382965255934473614e+00	4.602358535386330551e-02	-1.475165046956115715e-02	-1.628362614891013971e+00
nan	-2.361985449365169742e+00	-1.348340402000262506e+00	-2.290241378756579849e+00	-1.145836175663262235e+00
nan	-3.574018382320148790e-01	-1.954889926740045247e+00	-5.930164586107826707e-01	5.923339818303695326e-02
nan	-2.324647721026494307e-01	1.141865713211927424e+00	5.556500936529078505e-01	-1.161648809799350701e+00
nan	-2.369794669067373682e+00	5.671649671298699680e-01	-1.887425170631902072e+00	4.602298759350245683e-02
nan	9.974996242528844093e-01	-3.198357142653295071e+00	3.237571159869234161e-01	-4.000917315645307615e-01
nan	1.381605343520826867e+00	1.910154114386322766e+00	7.535552871626411964e-01	-2.599929125335209146e-01
nan	-8.482261633679937241e-01	1.975667249585585150e+00	-7.604006810654309056e-01	8.562484451681697806e-01
nan	-1.019426781283869765e+00	-1.594126139451794932e+00	4.182876284149661950e-01	4.809755496214737081e-01
nan	-5.715819331720209950e-01	-8.987293732514467504e-01	-6.484926643755908326e-01	6.314237613841893193e-01
nan	-5.843489160587898024e-01	-1.949292025156946995e+00	-2.396910414736357631e-01	6.841893890634141995e-01
nan	2.206766878966600842e+00	-1.477198402417759127e+00	1.164357947689345307e+00	-1.313560227312617013e+00
nan	-1.516557428771000859e+00	4.575533834516727349e-01	-5.273748652562887385e-01	1.888172380508940651e-01
nan	5.168153062506264384e-01	-2.645179408286160161e-01	-2.103987236640084912e+00	5.480451427976212875e-01
nan	1.052004323206455538e+00	1.138646656823940839e+00	-1.413593807884318265e-02	-1.398533510835663352e-01
nan	1.271933970042558482e+00	2.216056954000825030e+00	-3.934380155291719583e-02	4.221051151726623596e-01
nan	-4.200482764562761817e-01	2.268878863212776764e+00	-1.774827328699595030e+00	-7.528712927962571966e-01
nan	-8.705871465758673322e-01	-8.830930748463126090e-01	-1.083982654008840418e+00	-2.975105434589585540e-01
nan	9.346583069834989432e-01	-2.602605320707154668e+00	1.432619406460827971e+00	7.039042961654637387e-02
nan	7.738462069441850444e-01	1.770273313184254516e+00	-3.339891277572303085e+00	4.438798317553726558e-01
nan	-4.636397080633253842e-01	-5.618721741640685385e-01	2.255191967708183032e-01	4.501011606607183690e-01
nan	9.240317644175430889e-01	-6.999529089145398730e-01	-1.760633165680540735e-01	4.073403871931699505e-01
nan	-7.012268852515581852e-01	7.175713406739427924e-01	3.799445232998394650e-01	-3.530301587497438609e-01
nan	-4.202288678945251821e-01	-2.510259566380990126e-01	9.743418129858514298e-01	-7.150465246763337834e-01
nan	-1.556249268067539715e+00	8.924460522124944006e-02	5.483956274911474527e-01	-5.292141043149539703e-01
nan	-7.438223224196149896e-02	-3.686153306308336930e+00	-1.243462913126611280e+00	-8.582440981290944126e-01
nan	-2.561725946640524665e+00	-1.510939465323933306e-01	-2.231429864592215040e+00	-8.083646024157624677e-01
nan	-2.461981764147719298e-01	-2.632650108815244749e+00	-1.626122365391795110e+00	-6.681775963774793103e-01
nan	1.764020528220545891e+00	2.838488268330419118e-01	-1.895456488892337255e-01	-1.376838989182645800e+00
nan	1.246350451808573290e+00	1.257465122131732782e+00	-2.882124883129059678e-01	2.919717165172745155e+00
nan	2.941151822931091786e+00	8.826319841876233419e-01	-5.644212936549766191e-01	-1.697828599839911412e+00
nan	-6.609851921513851813e-01	3.775159527281318095e+00	5.790237627432336387e-01	8.330508528520197409e-01
nan	5.253172588545422794e-01	4.591760000842048939e-02	2.184611005140887907e-01	1.863262601113191974e-01
nan	-4.593284288815425165e-01	-5.306702495414090670e-01	-7.169602320743501123e-01	-1.780839700224076338e+00
nan	-2.381466589950718138e+00	-1.346832636253917581e+00	-7.566999001581207196e-01	5.669268590498235394e-01
nan	-3.755190856957395518e-01	-2.084559432141978697e+00	-2.680102971549019331e-01	-4.452945734419249124e-01
nan	-2.393377291142663843e+00	-3.747881333644174084e-01	9.733182981873761408e-01	1.398657056745391758e+00
nan	2.476638215503966123e+00	-8.902341577366559289e-01	-1.189595828660868104e+00	-5.473203766202872078e-01
nan	5.007755848670591980e-02	2.298177759424232303e+00	2.633411188329268585e-02	3.280512141227132639e-01
nan	-3.358067912364925967e-03	8.438262209214596465e-01	1.211102561400937860e+00	3.969940259342999433e-01
nan	1.639236933771673455e+00	9.946381780612737478e-01	-1.403292759868165929e+00	-8.228140033617364901e-01
nan	-1.486786826994507482e+00	7.617433500414103609e-01	-4.125561678264564880e-01	3.281224633315992789e-01
nan	1.070267769889465148e+00	-2.699192757206430038e-01	2.053949852233064810e+00	-4.170701855963763194e-01
nan	6.173501386472748376e-01	-2.597545707622417765e+00	3.426562460007880895e-01	1.023479737977623483e+00
nan	2.395566814758501195e+00	-1.263268264807546615e-01	1.540710972259663469e+00	1.897387427309234209e-02
nan	1.613162504906633377e+00	9.743842162988993749e-01	-1.809069170483473821e+00	-1.136825963385572402e+00
nan	-1.968692345171365154e+00	1.939787916940391543e+00	-9.068566095157811757e-01	-4.981583570966455765e-01
nan	-1.275688558748938828e+00	-2.195268993020053294e+00	1.300429670820712369e+00	1.643395247473128373e-01
nan	2.562888384217467674e-01	-1.691400275509081119e+00	5.083181392108945262e-01	8.999204568324269404e-01
nan	1.569111070666764807e+00	1.362740644194519124e+00	5.167730640401375641e-01	-1.240542258184786029e+00
nan	5.211413211608892926e-01	1.349765987413425794e+00	-5.065597547445475080e-01	4.085102182624442690e-01
nan	2.958053972741564674e+00	5.273669779546167335e-01	-5.524916906806454087e-01	5.818526331127541473e-01
nan	1.743172651634919412e-01	3.411809108123021961e+00	-5.106812585018983830e-01	-1.313048305778927061e+00
nan	7.909840816764268645e-02	-1.561522467564255279e-01	-9.733593754589842106e-01	2.077048445136756849e-01
nan	-4.689492938562495050e-01	8.195520945738717922e-01	-2.009906429391357552e+00	9.495378889070233974e-01
nan	1.897395789442174463e+00	5.558387247444668278e-01	1.230037648446539400e+00	-4.288779340295226783e-01
nan	-2.586329934454123514e-02	1.609900872752189516e+00	-3.616605351439108329e-01	-1.374652893965386813e+00
nan	-3.873001656966679196e-01	-3.606369613173566330e-02	-2.241256415910419797e+00	-1.198050317998065273e+00
nan	-2.390583758703880513e+00	2.404810082760919787e-01	7.328529138479374927e-01	2.141876207967074119e+00
nan	2.126773201836858807e+00	-2.676358250619328416e+00	1.093380898138609281e+00	2.963612161813213852e-01
nan	1.586580449623547162e+00	2.667755733535419616e+00	-5.265313103080425661e-01	-1.811467913277575281e+00
nan	-2.293885927159971860e+00	2.718762198506706973e+00	-1.201183360291915525e+00	6.371794812744682179e-01
nan	1.049042106718069078e+00	-1.953090786779846155e+00	-3.905332979494360313e-01	-5.960753871014612404e-01
nan	1.276137265559291523e+00	1.156453289356423442e+00	1.932427194686207494e+00	-3.248989361853145685e-01
nan	1.689058262155793022e+00	1.315776372391435523e+00	-1.255284488823138256e+00	3.107702250924709308e-01
nan	-3.218537080300302722e-01	4.367402361402650257e-04	4.824243303356850476e-01	9.577088476345664292e-01
nan	3.937398723366692943e-01	-6.830693492956193547e-01	2.075262325115201367e+00	-7.877468841739388994e-01
nan	-1.042321548873034409e+00	-1.661524121459153625e-01	-1.567647740401382217e+00	1.500497490995005512e+00
nan	2.368713095140416502e+00	-1.453695045100553696e+00	-2.397678888336731151e-01	1.257981793986119312e-01
nan	-1.399123549329561733e+00	3.775852532756688973e+00	-2.096833582235159810e+00	8.353877649689194218e-01
nan	2.519778533761207306e+00	-3.949934330302558916e+00	-4.253734612829371819e-01	-6.356064096740313696e-01
nan	-1.016649034193085388e+00	4.006542195549475771e+00	5.506182288567919025e-01	3.414999392936198253e-01
nan	1.666129537823519247e+00	-1.157663198375402658e+00	-5.813320632127720877e-01	-1.088576439437892507e+00
nan	-1.625620567576865572e+00	4.440517808927382237e-01	2.392587744239374481e-01	-4.207598131705058697e-01
nan	1.257363889119860745e-01	-9.562879935285358846e-01	2.037951269499903795e+00	3.828276911235347635e-01
nan	8.509115224121899246e-01	-9.814777599745452275e-01	1.100233169480981932e+00	9.716249292155014483e-02
nan	4.110767443499119961e-02	-2.266625336169436622e-01	-7.544651063633208699e-01	-7.954201955083050057e-01
nan	-2.464073166452562802e+00	7.711473083991779998e-01	9.749988899084308658e-01	-2.488828094036789285e+00
nan	-3.087944317930725546e+00	-1.527496811666797516e+00	-3.378890872727193351e+00	-5.847110118930629596e-01
nan	-3.368353121317166909e-01	-2.093808179966904159e+00	3.594802406752032331e-01	-4.752960972659294181e-01
nan	-5.723469583506568537e-01	1.496696086066373610e+00	-8.393740758619794295e-01	1.487769150121085016e+00
nan	1.982637134830010472e+00	1.384631330473379496e+00	1.534706038886210377e+00	-3.890995927147972711e-01
nan	-6.773048279916149550e-01	2.836781732718505644e+00	-2.668761845569574964e-01	-1.998296134894414489e-01
nan	2.969001954685692279e+00	-5.315988048022771695e-01	-1.315673912519755850e+00	-2.206017627390974567e-01
nan	-1.144885467322944494e+00	2.732235980331822134e+00	1.594860106071842809e+00	-2.595758198766616176e-01
nan	-7.752219222456024905e-01	-1.827592575869269265e+00	-3.301121437770296319e-01	6.621182237566194395e-01
nan	2.225518679909819220e+00	3.210770762733017314e-03	-1.095618053963689720e+00	7.744099355198431622e-01
nan	6.959194375790961340e-01	2.963149917282788870e+00	-2.816060786937477078e-01	1.120479187772650098e+00
nan	5.872191606485714921e-01	1.124367267401855885e+00	1.196727607365948853e-01	-7.311954906196874715e-01
nan	-1.556983821545895319e+00	-3.806143533744272833e-01	1.437632373332814684e+00	-7.890791346843277765e-01
nan	-1.428489177416940592e+00	-1.049711764786449564e+00	5.067673245229674661e-01	1.321176613821194890e+00
nan	2.299301065698565516e+00	-2.221757235282143306e+00	9.561512421230838887e-01	-6.966181241462501283e-01
nan	-2.456650582753775236e+00	1.020645199656047497e+00	1.746315935376162809e+00	5.131915318675341064e-02
nan	-1.637403031250700969e-01	-3.079070195602836346e+00	-1.212787004155570614e+00	-7.602659962285102102e-01
nan	4.021808467415856070e-01	1.197936825291322283e+00	-7.632856323903174367e-01	3.970674274584555241e-01
nan	1.587986317218442744e+00	3.334822100313090121e-01	-9.231612562986699633e-01	-5.882187184781532130e-01
nan	1.341268301369216154e+00	1.579167756618856888e+00	-8.990094402774529980e-01	1.337877392676487087e+00
nan	1.417141039312542761e+00	5.033794381082929981e-01	2.789425104211823991e-01	8.047109353793090447e-01
nan	-1.041928426379608474e+00	6.855259148183544538e-01	7.274415915049241566e-01	6.389074724168586350e-01
nan	5.175209694438559493e-01	-4.975831985307472838e-01	3.739729256363008569e-02	-5.828843386933083570e-01
nan	8.638259542657201751e-01	3.642906472762686976e-01	4.704426285282827802e-01	-4.363195659558953832e-01
nan	3.007084588772606093e-01	2.089565549010118595e+00	1.571449696531784790e+00	-3.057779251629230144e-01
nan	-2.347437234640988302e-01	2.491529452275070833e-02	-2.041981885616763304e+00	-1.080184742724540348e+00
nan	-2.117768470931766789e-01	1.648493281507292796e+00	-1.878457890579479983e+00	-3.923379916105086962e-01
nan	1.919286829642155023e+00	3.114733412027196335e-01	8.756783616697156880e-01	-2.285645472495557939e+00
nan	-4.223447839967431339e-01	2.605395331814943205e+00	1.057424329682290942e+00	-7.092372473846343672e-02
nan	3.745005644337571771e-01	-4.571524801834483953e-01	-6.726433619118044049e-01	-5.833071078319753688e-01
nan	-1.272697076871158184e-01	4.275565339012214472e-01	-1.880963548803488372e+00	1.011984841627502130e+00
nan	6.019448981746109428e-01	-2.297940909613693794e-01	6.920065902315249984e-01	1.057073476870371342e+00
nan	1.399265304658520837e+00	-4.262738926876921131e-01	-1.197756141500504051e-01	-8.697382304312496482e-01
nan	-5.026309563191877494e-01	1.513080643183555285e-01	-7.982897248635770771e-01	-1.227441568265046135e+00
nan	3.164234921628554797e-01	-7.943223263537140255e-01	1.049589392684662448e+00	6.065409739871815420e-01
nan	4.038521196580501238e-01	2.498995366838170362e+00	8.637450253670692080e-01	-2.851241912965005731e-01
nan	1.023249152423576280e+00	-4.854067158439443475e-01	2.346352893708042675e+00	1.775129789015073234e+00
nan	1.459367675541920706e+00	2.567870661435238233e+00	-8.299278133902384669e-01	-1.452495597433081098e+00
nan	-1.425618351053759891e+00	1.329460793845950173e+00	-8.377455145092224109e-01	1.210950120040142464e+00
nan	1.896909856076217871e+00	-2.404180816891395622e+00	-4.398888206864605133e-01	-1.505678718888504575e-01
nan	1.749027518344462573e-01	3.532985859033687781e+00	-2.719365849462917692e-02	-1.020950616268011091e+00
nan	-1.517160912453059840e+00	-6.407243193759474265e-01	-3.556012112702615080e-01	1.591165409767001937e-01
nan	1.141082785176812164e+00	-1.194685973266899515e+00	-7.924596834369256326e-01	-4.735940006522100787e-01
nan	-6.416463773993862363e-01	7.468088874307277081e-04	-8.006720591666780518e-01	4.238697154759516472e-01
nan	2.045171508033706953e+00	2.808177505822979647e-01	-1.003014824521158310e+00	1.136194567976886172e-01
nan	-4.061898141430145825e-01	1.988423356580378165e+00	-2.647730094746497898e+00	4.461051736268566437e-01
nan	2.324565617188800448e-01	-8.531511318865829807e-01	-7.428213792414986028e-01	-3.896069181116660340e-01
nan	-6.596039903963395457e-01	-2.068473774647444419e+00	1.634628493126742299e+00	1.140405785954203610e+00
