nan	2.265908997817913662e-01	5.683347558370219765e-01	1.026803607942153862e+00	6.559200164560212709e-01
nan	1.557067683055179064e+00	4.417916492912924986e-01	-6.314967303199996440e-01	-1.555094807286114156e+00
nan	-6.822998362903319736e-01	1.740834580546661847e+00	2.457972480264112303e-01	-8.093693042260511339e-01
nan	-8.311655916444998793e-01	-1.908755886470285823e+00	-4.448177510691606051e-01	-1.193916246677302784e+00
nan	-2.171537856774407693e+00	-1.815991261668601586e+00	1.815633477631744541e-01	-2.075026008044961845e+00
nan	-2.600288206043079864e+00	-3.699690657810953187e+00	-3.716326531287105217e-01	4.559521801015123943e-01
nan	-2.097363564783193413e-01	-1.583581858204523796e+00	-9.896497392748064836e-01	8.702318589852446884e-01
nan	3.726623062682211662e-01	-9.288164956826786556e-01	1.037428017099123245e+00	-1.312714960948308862e+00
nan	-5.969334821746493658e-01	9.173165637585020127e-01	-8.084607884556047619e-01	1.939078428276015398e+00
nan	4.011151704453736144e+00	-1.027403096451372733e+00	1.183698494497523734e+00	-3.698862709965888840e-01
nan	4.476994164410794674e-01	4.169690727424707255e+00	1.475628488244091985e+00	-5.017744069710884380e-01
nan	-1.102322130239544951e+00	2.079526352585936877e+00	-3.580767122010064529e-01	-7.518372631464143030e-01
nan	-1.945679278060779893e+00	-3.143976325672181993e-01	9.632450635484759438e-01	-4.038702130161835324e-01
nan	8.286635724204916009e-01	-1.741686874423485021e+00	-8.965944674293387928e-01	-1.482676331378031565e+00
nan	-9.650057312912312391e-01	2.409483941332443813e+00	1.376734491610475675e-01	1.884277104179194584e+00
nan	3.332575620414579554e-01	-1.855483222857011061e+00	1.608872876573412380e+00	1.327438640608272546e+00
nan	2.891080150924833614e+00	1.219576775462816176e+00	1.100160963062494224e+00	-4.125747247117069749e-01
nan	1.063504751217284827e+00	4.063152967942706084e+00	-1.175630184295873182e+00	-1.603684503446708431e-01
nan	-1.031138733248286865e+00	1.515623496679999072e+00	-1.129472845436571421e-01	-3.387492851407037375e-01
nan	-9.336180923584835867e-01	1.092929257842426782e+00	-1.868853538271930459e+00	-8.280514604491021613e-01
nan	-6.365808958976384435e-01	-1.640891502960026616e+00	-1.914231571081672412e+00	-2.164623608977630731e+00
nan	-2.765625505588093613e+00	-9.969435432194390101e-01	3.160282252372242917e-01	-7.085646237240056378e-02
nan	-5.794220220075738670e-01	-3.832276218876812912e+00	8.609895240467823063e-01	5.212528135136567098e-01
nan	-1.476240901294026964e+00	-6.628952612502626573e-01	5.609991365345475822e-01	-1.809889970986289509e-01
nan	-2.003679949670050808e-02	-1.624585701182697184e+00	1.532571390810033130e+00	-7.965637292282143900e-01
nan	-2.410569042849883381e+00	1.998452407503943373e+00	1.910961910914374950e+00	-5.099175432071633152e-01
nan	7.759285892059664125e-02	-3.422876472477810239e+00	9.848080712808625625e-01	2.715564198467982915e-01
nan	4.518063785607822069e-01	1.047105003281908919e+00	1.038797900256950291e+00	-8.648841200757679815e-01
nan	-1.326070022699047168e+00	-1.958027553604517745e-01	-3.951118486632865245e-01	9.582496239332015664e-01
nan	1.218757971633737780e+00	-2.568094669694882981e+00	-2.820700968173176504e-01	5.178257207351441016e-01
nan	4.353758605997475328e-01	3.485811823916781016e+00	-4.624792085167233613e-01	-1.473150589427716595e+00
nan	-8.497526540408817386e-01	6.175489628706227752e-01	6.961467622936188260e-01	6.393372937361633257e-01
nan	5.101344163023134870e-01	-4.183325246089520943e-01	3.379656653350745499e-01	-2.160063413730121340e+00
nan	-2.851744611501459303e+00	8.439951223724230234e-01	7.258041988151158197e-01	3.345200780970205567e-01
nan	8.900387346125804289e-01	-2.428279161074701431e+00	-8.802141926487527801e-01	-5.464080089929863604e-01
nan	-5.907005603880866040e-01	1.228581611420122233e+00	1.522818173531470531e+00	-8.226533599555853060e-01
nan	-1.624533345855795563e+00	1.125281252757324379e+00	-1.156305844828033447e+00	-9.037901610135825603e-01
nan	-9.850650051781363326e-01	-2.146535431208382416e+00	7.332790571397964641e-01	-1.925999341636045609e-02
nan	-6.129169991677938523e-01	-1.444970469168410432e+00	9.012694769983139453e-01	1.216204453186624290e+00
nan	1.934101608742581746e+00	-4.947218578673505673e-01	1.118753299495061637e-01	-1.101973865072184644e+00
nan	-1.150293857458601021e+00	1.479647349557209335e+00	6.037718696148092201e-01	-2.352549754100729251e-01
nan	2.053078750580818734e-01	-2.054706001231606294e+00	3.763435584601832473e-01	-1.610286906293775799e-01
nan	-2.627121131663752163e+00	-7.231090012994270677e-02	1.004884243167267766e+00	-7.949730458153461132e-01
nan	-1.300505176778298022e+00	-3.339679725276457400e+00	-5.564431422313762532e-01	-3.454060616254880367e-01
nan	-3.336999193265275943e-01	-6.851052320611107360e-01	-1.358594312918424418e-01	1.661303538512732381e+00
nan	8.104116315147852356e-01	-6.990256386345816697e-02	-4.051655791382307026e-01	1.061374321375361252e+00
nan	2.849485456260586469e-01	1.582915871735923297e+00	1.039107928600481401e+00	-6.199619018943006155e-02
nan	1.832684282686832367e+00	1.844670608843416382e+00	5.126338962412197997e-01	2.030826248239785414e-01
nan	2.152528615628934716e+00	4.503847830389460238e-01	-1.503787576223709399e+00	9.728738608060593096e-01
nan	-2.119076985208299568e+00	9.413843244142154898e-01	-4.658007770412528337e-01	-1.589101010184788887e+00
nan	-1.200890528974536409e+00	-6.182023551326500943e-01	1.004737709080773644e+00	2.210557119683339844e-01
nan	1.719397691611234791e+00	-2.174238233699345546e+00	1.189608434681742155e+00	8.690682988567987044e-01
nan	-9.390478316462874675e-01	3.372025454525387822e+00	-4.232416309895471462e-01	-6.337691557607231241e-01
nan	-2.153882100121107257e-01	-9.915041713137026091e-01	-2.131321040454788651e+00	-7.888237514010402185e-01
nan	2.410087368063399405e-01	-4.080012548502381931e-01	7.176272840403316415e-03	-1.944792886208373053e-03
nan	-1.070513259729804378e+00	9.104806623081412864e-02	4.697863048464052116e-01	-9.688880867385823992e-02
nan	1.242930140151688345e+00	-1.197856226400387580e+00	1.299407931586991971e+00	-3.836469481114225255e-01
nan	1.997891304747263508e-01	1.603179986056702644e+00	8.710409301845160046e-01	-1.308878039864404264e-01
nan	-6.668188408594902805e-01	2.324315077080927883e-01	4.910601676185424175e-02	-1.925873771642131915e+00
nan	-2.601643843330276873e+00	-1.137605708030023699e+00	1.604228430255233206e+00	1.911749526887512318e-01
nan	-8.146967521476256024e-03	-3.537683005953027759e+00	7.795495839708288521e-01	1.613874681337489625e-01
nan	9.755769748457067125e-01	3.900962585248441972e-01	-7.736163414080676759e-01	1.563513448948706142e+00
nan	1.283179590261558145e+00	9.316666152737330675e-01	5.404764320069829209e-01	-1.244303027921177307e+00
nan	-2.294177831121993805e+00	1.853193072809897535e+00	6.139551082653734726e-01	1.740537658011754196e+00
nan	2.651358044961861005e+00	-2.965289710390443645e+00	-2.236377153065926549e-01	2.255334694396437634e+00
nan	2.899951151793129789e+00	3.930653176326322829e+00	-1.617746206394843900e-01	-5.723850122534517304e-01
nan	8.626502768974264601e-02	3.205229061504674348e+00	-4.268768204926757792e-01	1.504088113793590642e+00
nan	1.671493230941387909e+00	-2.448668747176235616e+00	6.876672347770398375e-01	4.031225973849416611e-01
nan	-1.347970701952455164e+00	2.226242271875392476e+00	-6.059188572257858674e-01	1.839805366026967759e+00
nan	2.300837455386510300e+00	-1.819985229024793982e+00	-4.898485422712717807e-01	-3.479109896140158975e-01
nan	-1.164000910039744596e+00	1.434918535268963513e+00	-1.480506339843270069e+00	3.539346390336459147e-01
nan	1.680850857841960533e+00	-7.759765600999105617e-01	9.140462794564151450e-01	3.514357343302207948e-01
nan	4.269791494834135337e-01	2.259796128328567022e+00	1.336995467750567157e-01	1.748112120124371005e-01
nan	-1.110868045258043058e+00	-1.738782580910629427e-01	3.181435811204741948e-01	7.091708383543765537e-01
nan	1.820205639722390245e+00	-8.482566852373367716e-01	1.586221207073343686e+00	-2.017440856195198418e+00
nan	-2.105162675681867324e+00	2.068539217521737861e+00	-3.435208295649280763e-02	7.198252493081516157e-01
nan	7.764024620208093141e-01	-1.253246622339272420e+00	-3.005357575902199985e-01	-1.459764817156250061e+00
nan	-2.218466902798114759e+00	1.518379209720939649e+00	-7.806887529609337628e-01	3.648836860397522246e-03
nan	-1.165604339056832028e+00	-2.846147378491820312e+00	2.490513769061632743e-01	-2.208715373040890828e+00
nan	-2.107901069643646874e+00	-1.274447707514316352e+00	1.459607867156310412e+00	-8.274010419500621438e-01
nan	3.095041037437711307e-01	-8.769244607759689725e-01	8.183748235677196226e-01	-1.448806720509915769e+00
nan	-2.182205408727450280e+00	1.091377328213662956e+00	6.350707121581140591e-01	1.064864859964900212e+00
nan	5.790179994233274341e-01	-1.612364734931239330e+00	3.221427229056553765e-01	-9.133962721590346279e-01
nan	-1.126952860610216378e+00	-3.571693666047703886e-03	2.728466400980057993e-01	-5.323578702647964178e-01
nan	-1.551074386897952628e+00	-1.759543207735055681e+00	-3.791174625379683527e-01	8.697150641454490794e-01
nan	1.577121924850552137e+00	-1.386894930578814744e+00	2.316043195262342813e+00	-5.960998111578513781e-01
nan	-6.865534835504761846e-01	2.306838171572485940e+00	-3.841141799877514362e-01	1.430029012806582900e+00
nan	-1.199599724303892501e-01	-1.612406832338206586e+00	1.298422550875282466e+00	-2.162598091300082181e+00
nan	-2.475888510048227076e+00	-4.921591066541701753e-01	-1.263131757833561020e+00	6.229347699615301881e-01
nan	1.281631018366407582e-01	-1.513512418560080341e+00	1.562862189609333541e+00	3.444834888163562647e-01
nan	-2.804564285300006343e-01	1.200074161216416524e+00	-1.825137815849016354e+00	6.758495166416812472e-01
nan	9.245490264949158821e-01	-4.283661989616208143e-01	6.743945026378620478e-01	-7.021336908874983296e-01
nan	-9.114237011454761062e-01	1.850834647178954295e+00	1.704196958169646781e+00	-1.295719172188267432e-01
nan	1.629373586260171480e+00	5.167838824360837524e-02	6.304522219841611763e-01	-7.759347711676739534e-01
nan	-1.253620746266384423e+00	3.209916531290937236e-01	9.316551817748764952e-01	-4.098294283709123104e-02
nan	-3.272252762575534324e-01	-3.445749765775770079e+00	4.422751807939124813e-01	-1.412171530197712244e+00
nan	-6.111096009820136121e-01	-4.941065916985439843e-01	1.400234601112581467e+00	8.299705272720696581e-01
nan	3.651866932921812858e-01	-1.566724838318685364e+00	1.533149757622166987e-01	-8.929068967615770847e-01
nan	1.293736069688921075e-01	1.640725358106664311e+00	-3.092108086217306151e-01	1.000395268284571593e+00
nan	1.913143606996791535e+00	2.811528422802864746e-01	-1.245553469237137723e+00	1.965378274623005961e+00
nan	1.287014943487559071e+00	1.424767303950652098e+00	-1.049360778406882133e+00	-1.119692597645122412e+00
nan	-1.019473822753695025e+00	3.426148410140558376e+00	-3.608970996290651323e-01	4.832972876920359484e-01
nan	7.154693698623499909e-01	-3.513522574244705154e-01	-2.689394945301257778e-01	1.258031785776950739e+00
nan	2.471335165204278539e+00	5.961261891699791704e-01	-7.049571124444031778e-01	-8.747242342161081208e-01
nan	-1.389523440139639909e+00	3.886416241977189046e+00	-1.922759335836630390e+00	8.365590660661216260e-01
nan	2.467782315039778407e+00	1.616763165012460313e-01	1.595736283856378224e-01	1.392381155643989121e+00
nan	1.154247114656684614e+00	2.635532417735644728e+00	-3.267420523912136221e-01	1.421594547886667170e+00
nan	8.254524509488573303e-01	7.891534463640892394e-01	7.148762191082325135e-01	1.051048884658490223e+00
nan	9.149647343265974175e-01	1.620632095582251964e+00	-4.902785720770908018e-01	-1.912542738339310544e+00
nan	-2.089381374196198848e+00	1.860534582359072875e+00	1.777726281997098756e-01	-9.020262894695372236e-01
nan	1.836048956815508282e+00	-1.773208297535888933e+00	5.577661454723288337e-01	3.687693427244831401e-01
nan	9.106724709216366120e-01	1.400593404332550751e+00	1.310270507400321943e-03	-1.131289601531806355e+00
nan	-8.029122993218562598e-01	2.463550870292757988e+00	-1.116174421355666802e+00	-1.125826455899304301e+00
nan	-1.347111654203636322e+00	6.406673929292996394e-01	9.571543901023880085e-01	1.440195314520706926e+00
nan	4.699271234964965682e-01	-1.328054122858104424e+00	-1.589683086322661865e+00	-5.174712100017261340e-01
nan	-1.052713309153782140e+00	3.026723033448688316e-01	-3.874482845914748452e-01	-1.680348875652281498e-02
nan	4.475546465309200861e-01	-1.087833303872743906e+00	1.164073832506372419e+00	3.931606317315347598e-01
nan	8.228532249794509035e-01	9.739054715680219854e-01	-1.154510245801599611e-01	-4.687366808902394544e-01
nan	-1.681896905354860028e+00	6.463752871228980457e-01	-7.165854684929698903e-01	-1.455754253373992002e+00
nan	-2.119296882549927652e+00	-1.637418819113686475e+00	-1.638670518280736177e+00	-1.924981644702560002e-01
nan	2.200310120698245886e-01	-1.986335183778733304e+00	2.099235303055063895e+00	1.390553048498065714e+00
nan	1.652111770343530406e+00	-9.991760898720696282e-01	4.767800719248089236e-01	1.827651965285184144e+00
nan	3.612967560266087119e-01	1.595618085639757266e+00	-1.405830864548329062e+00	1.360485627531396124e+00
nan	1.713582525760005026e+00	-8.351594651092355548e-01	-5.169399363896608479e-01	-1.792390238440727313e+00
nan	-2.582750204822702678e+00	2.703722974874652074e+00	7.874520640796535131e-01	-1.383795275681744652e+00
nan	-1.372637463641958711e+00	-1.896929027218320574e+00	-1.799199325026931348e-02	-4.681652583171865278e-01
nan	1.892811742283845855e-01	-1.398291824144965112e+00	1.084695849443128690e+00	1.257358197745316097e+00
nan	3.389736902734696855e-02	8.748655799573150371e-02	-6.603801015467395397e-01	-1.011491419505097689e+00
nan	-1.737171625502663241e+00	-4.651396010820850191e-01	-7.213850351093096247e-01	2.284588591393552637e-01
nan	-9.586073842537108369e-01	-1.215275284379027099e+00	1.317778063395333765e+00	-4.812035252395854834e-01
nan	9.128900157368818880e-02	-1.934081361067809812e+00	4.019375264838709327e-01	1.255397046489936219e+00
nan	1.057363355761874901e+00	-7.939146162156734965e-02	-6.251703089280478132e-01	1.156197202749948083e+00
nan	1.272548444018947178e+00	1.019043339843312301e+00	5.617186031721035366e-01	-2.494470936047516740e-01
nan	8.401032322774901751e-01	1.108067112097162576e+00	-7.879023642711135977e-01	-8.441008458282573956e-01
nan	-1.057368193309048410e+00	1.359400674763340255e+00	-2.495359467216775595e-01	-1.325135244696681036e-01
nan	4.404330307796563426e-01	2.575988608145141079e-01	-3.617209365706645641e-01	-1.282971170495864621e-01
nan	-6.838721318846084918e-01	8.179911932568919575e-01	1.014064187031394892e+00	-1.569975347349699790e+00
nan	-3.224100634607367510e-01	-1.432523219529661107e+00	-1.318882425269811920e+00	-1.565787369496413284e+00
nan	-1.041800270833664221e+00	-1.191967589488215573e+00	8.223779118816940681e-01	1.178399762801596307e+00
nan	1.771009834705660646e+00	2.434048232535499512e-01	1.924159621559111688e-01	7.059717609890746592e-01
nan	1.226792329696554606e+00	2.873881276201716517e+00	-5.982010895577186682e-01	-1.483617781823567849e+00
nan	-1.838890317844701361e+00	-2.343815794507180250e-01	6.213935394501972631e-01	2.093128954622963001e+00
nan	1.464325623547994670e+00	-3.095497027091315800e+00	-8.764999369126256212e-01	7.924505637481775722e-01
nan	1.263823390925562062e+00	1.838173823293813403e+00	2.542551602903738162e-01	-2.171635346032875891e+00
nan	-2.624814989866538717e+00	2.781806816480185240e+00	-2.397697872872655456e+00	6.509705811995972202e-02
nan	-1.082168636312929921e+00	-1.937129572260307686e+00	-2.173927378024325119e-01	-5.369389172918980213e-01
nan	6.611157014578451507e-01	-5.818807653003210678e-01	-1.514759487352281830e+00	9.833022291050467212e-01
nan	2.395754601113494697e+00	2.996807756145742907e+00	9.018644847917806073e-01	1.942492167550540633e-02
nan	1.516202958486873476e+00	2.567589263143230660e+00	-9.323972549280710176e-01	-4.435067872240236464e-01
nan	-6.017832448487483443e-01	3.189982535045392531e-01	1.236846298915694975e+00	-5.411755435024894617e-02
nan	6.098184584947677900e-01	1.482678451120241769e+00	-3.434324637906401301e-01	-1.764625986131825197e+00
nan	-1.934477611727431157e+00	1.058383973963687330e+00	-1.903272256333015874e-02	-1.701248477074223553e+00
nan	-8.168849172209343701e-01	-6.419045114536838792e-01	-1.292676406231023201e+00	-1.214536380582859065e+00
nan	-1.026362352964542701e+00	-2.109383572149585717e+00	8.410252656997025955e-01	-6.860185647341442428e-01
nan	-1.167568089663273190e+00	-1.404068137087491674e+00	-5.610207093314795168e-01	2.057563421673704596e-01
nan	5.947265924459403941e-01	-1.520973685839988265e+00	1.885485602641167713e+00	7.366862566257249556e-01
nan	1.083521953835195895e+00	-5.313010673843514553e-01	-8.600123896750382357e-01	-9.115175496211734563e-03
nan	8.764749193195693344e-01	1.145364500238899241e+00	-4.890982488779695419e-04	-1.683480212566732082e+00
nan	4.245121423768929425e-01	1.400079181735445211e+00	-1.019551658470713829e+00	-1.067898118413086683e+00
nan	1.138335912421020168e-01	-2.137681889071955776e+00	-8.257778373929719473e-01	-2.223405504190183457e-01
nan	2.097000026097880276e+00	1.980552081538773934e-01	8.060837083084273491e-01	6.496792934115093177e-01
nan	2.231065689777829597e+00	-6.927146211400696529e-01	-7.447105697312094152e-01	-7.622171222627026621e-01
nan	-1.006269462508593060e+00	6.446824298696796074e-01	1.144287060737907424e+00	-3.697091570274316230e-01
nan	-1.502381483138336971e-01	-7.217243761090788023e-01	-7.892287700306745979e-01	1.710050383356032988e+00
nan	2.245620675015420620e+00	-1.184360493213838961e+00	7.950975037390660694e-01	2.212735077117917282e+00
nan	1.813162653885263875e+00	1.655093835126316471e+00	-1.390306632635656348e+00	1.749254732709750515e+00
nan	2.190739680283053659e-01	-9.523042716426122212e-02	6.529206546751548101e-01	1.928959812254295580e-01
nan	-1.245491419951309520e-01	-4.678873631576830894e-01	-1.873291524994236346e+00	6.221383996563132346e-01
nan	3.644914364817365415e-01	2.362598478777174216e-01	-1.298629023863410170e+00	-3.852101062540275178e-02
nan	-1.895386578236755826e+00	1.162505302242165806e-01	7.050921882914968908e-01	-8.520360274819273050e-01
nan	-2.022444890389337502e+00	-1.409447826681161864e+00	-1.986991399779354239e+00	-1.035873186302062932e+00
nan	-1.455973587822136484e+00	-1.590003132773236905e+00	-1.221834037177748522e+00	2.711590198325900314e+00
nan	2.129742023854804600e+00	2.916847569499192439e-01	5.267215413569683591e-01	4.717230465942267026e-01
nan	-1.908885535444220682e+00	2.326981191095085499e+00	-2.153863502954259435e+00	-2.840396880686064662e-01
nan	-1.377290160408019881e+00	-2.934708890095422795e+00	5.115084756226627727e-01	4.976660619876999148e-01
nan	-3.998998568364132700e-01	-1.437543808929864886e+00	-8.360595022983922098e-01	-8.092120985527879728e-01
nan	-2.163017766050084889e-01	-2.256216378149768775e-01	4.418896593924477867e-01	-7.407348709822400012e-01
nan	-1.178981719450174825e+00	2.178598586788434988e-01	2.504700015671374125e+00	3.706631439548367379e-01
nan	-1.231662845889136548e-01	-1.795986248034791455e+00	-1.007588227634048206e+00	3.505683040857698329e-01
nan	-6.940130303910083676e-01	-2.542736945183438069e-01	-1.481250034611565902e-01	-1.474971127487064992e-01
nan	6.860254716575435729e-01	2.004673244552777067e-01	4.140322947818982358e-01	-1.497906281357143377e-01
nan	7.293980149302731197e-01	6.162344277481945909e-01	-2.215492783956042988e+00	-2.835053374648944247e-01
nan	-1.962490309186114334e+00	-1.307376949175622638e+00	-3.894933654551505087e-01	-2.724313927977783933e-01
nan	-6.707163860000809885e-01	-2.427474712207141394e+00	-7.743801424671984401e-01	-1.322375586025391181e+00
nan	-2.208448041264365891e+00	-1.427437788695456122e+00	3.210766849120686439e-01	-4.755390179350571511e-01
nan	-9.445227810149727787e-01	-3.385436179677807189e+00	1.038398407991037407e-02	6.075032203905333938e-01
nan	-8.431446061859512175e-01	-1.993859173363159654e+00	-6.366901738234298502e-01	-1.445686278982654338e+00
nan	-1.189001377418712257e+00	-1.392762097550669598e+00	1.314281990741017703e+00	1.124489182738098059e+00
nan	1.143996020881021369e+00	-8.402369283371169395e-02	-2.424726870811344179e-02	5.462501695256062328e-01
nan	3.401568023132196528e-01	2.996419112193602352e+00	5.619457924975471697e-01	-1.703190275095734785e-01
nan	4.472282117722147232e-01	6.400116764361484245e-01	-2.696858706924923355e-01	-1.234414969019245634e+00
nan	-1.999564419371416379e+00	-3.900991531210319385e-01	-1.026347285601024284e+00	8.595017522112178079e-03
nan	4.827290807115695026e-01	-7.807914619011198099e-01	6.061232570179215795e-01	-9.708158447382432277e-01
nan	-8.440807821535563082e-01	1.067960809206419448e+00	-3.060377111713609710e-01	4.316031667291571616e-01
nan	3.754656464864966070e-01	-6.259800897933452957e-01	1.010874162592303449e+00	-7.933815480296723122e-01
nan	3.666819469303658208e-01	-7.627960898774955867e-01	2.205202026210572708e+00	-1.647078896705697904e-01
nan	-4.286351820119644884e-01	1.310421385211644640e+00	-2.163693492543717678e+00	2.329323999090499697e+00
nan	3.885653696792974010e+00	-1.529466181798592839e+00	-3.492231355269908577e-01	-4.517059473007499215e-01
nan	-1.372593400333982361e+00	5.058039062815428366e+00	1.637429128921555899e-01	4.534967262240303665e-01
nan	-5.045928965986695713e-01	-2.840204096093227548e+00	3.061650075457408304e-01	-1.176407167117078156e+00
nan	1.690171124606030695e+00	-1.159235944238218741e+00	3.298926438979994380e-01	-1.179720943662021071e+00
nan	1.239642551682395233e+00	9.661123653297337688e-01	-6.081707136929037638e-01	-1.085591677329690724e-01
nan	-7.826878753046774273e-01	3.554073740110876845e-01	1.974564018315494662e+00	-1.514291312343719886e-01
nan	2.301630114545519246e-02	-5.933976415998620801e-01	-8.700325452836955575e-01	-1.114454502906115696e+00
nan	-6.430056748803403277e-01	-6.943666828753964904e-01	-8.361195477520509955e-01	-4.084370641385240419e-01
nan	-1.945202095572798440e+00	-5.190544002115846656e-01	6.358614280517311812e-01	-1.991530376488239051e+00
nan	-1.994052285033276917e+00	-2.413772057299605756e+00	1.434838052793414143e+00	-5.077659911889800259e-01
nan	-5.702570965318923824e-01	-2.833472074871166591e+00	6.859750910811571734e-01	2.878355389655574137e-01
nan	-1.706825720167151283e+00	5.428391229895431769e-01	-3.382538988222879572e-01	4.492609970088671245e-01
nan	-6.170714741640159762e-02	-1.892784600550385443e+00	-4.197008074760215646e-01	-4.519287862738708417e-01
nan	-9.371787014275154704e-01	9.280613492477350901e-01	4.910068698848352176e-01	7.381444279811696374e-01
nan	1.232361494720143114e+00	6.321831556755965753e-01	2.889581628775849120e-01	8.693757919194639028e-01
nan	5.415143705773073357e-01	1.278105198217919680e+00	-9.545515435893051071e-02	6.103505405644251702e-01
nan	2.352544656140009849e-01	1.250117246327799636e+00	-1.547550403680462372e+00	-6.619585236134217787e-01
nan	-4.042987453062688585e-01	-7.547038032697731547e-01	1.177628612452373380e+00	1.877004754964618494e-01
nan	-5.113599572198086474e-01	-8.505657708619411839e-01	-1.575377534811021940e+00	1.306271029577739107e+00
nan	1.938020985977557009e+00	1.860525856685230073e-01	-1.093541856128805723e+00	-8.207401356198362752e-01
nan	-1.517486721964734775e-01	2.592740934621594384e+00	1.141856318808577297e+00	7.197652434916039788e-01
nan	9.842099674396885822e-01	4.074357440714841960e-01	1.290983807015547269e+00	4.369881872690426494e-01
nan	-6.790326005214286642e-01	7.151373401976504063e-01	7.583514909306742213e-01	-6.819696421494564342e-01
nan	-1.873602786741068726e+00	-1.466829037243803757e+00	-2.442184737189924348e+00	3.809797572685640343e-01
nan	-9.650538613541164157e-01	-2.296470857404017352e+00	2.455648242317592267e+00	-1.333277220133027852e+00
nan	-2.430176135824202444e-01	-8.066775265900797409e-01	-1.565468579121876536e+00	3.870353144511973764e-01
nan	1.267118351393590636e+00	-5.785855739132427233e-01	1.259402803823075567e+00	5.311884767288179710e-01
nan	5.091148233338089746e-01	2.359752226047486356e+00	-7.106935398122814496e-01	2.556673455889648228e+00
nan	2.151536046582831041e+00	-1.569143818332911167e+00	-1.991037127230612880e+00	-2.582002298299385767e+00
nan	-9.564011904667564234e-01	2.506369647961800506e+00	-1.900948248615125458e+00	1.321222017651608495e-02
nan	2.174751194267608156e-01	-2.894016535527677014e-03	2.353807615539615483e+00	1.776837613140251348e-01
nan	3.124255116840928270e-01	7.151798857543174570e-01	3.067096658008294341e+00	6.722739708869707176e-02
nan	-1.737792425561552334e-01	-1.179364309800828181e+00	1.013806107349904062e+00	-1.306943828382224559e+00
nan	-7.994138221106390496e-01	1.284810054460209239e+00	-2.178766411833104932e+00	1.149652401959424530e+00
nan	5.869168795336054956e-01	9.190327318404458712e-01	-3.289336850148031899e-01	-2.245020924047673727e+00
nan	-2.504611770678641491e+00	-9.908512529818174208e-01	1.493513957939539560e-01	-1.266985096674045685e+00
nan	-8.648251432373896819e-01	-2.677673163469653339e+00	2.311653387060990661e-01	4.298865409367372825e-01
nan	-4.341375566565733868e-01	-2.014781960082539847e+00	6.438834605301902991e-01	3.486690211043069199e-01
nan	-2.199914596153765278e-01	1.107524020609324200e+00	-2.525449837306102396e-01	-4.936011276254946289e-01
nan	-3.660068450323750167e-01	5.055876838147681518e-01	1.538356713350648608e+00	-1.921327948185278744e+00
nan	-4.062748113207384826e+00	-9.656971071305164855e-02	1.021158712512193700e+00	-7.264356459329734950e-01
nan	-1.551716323214232141e+00	-4.422815811808410658e+00	2.369591750317173062e+00	1.834841948710015380e-01
nan	1.622953104699521309e-01	-4.523412027479545294e-01	6.696360134011668519e-01	4.388186964181565175e-01
nan	2.023795281034027838e+00	-1.516454387031725304e+00	5.302282672215909987e-01	7.103328609568557717e-01
nan	9.103098214723897019e-01	3.384956665184273739e+00	-4.372443547729779612e-01	7.183873729736597324e-01
nan	3.062045702008896475e-01	1.396326859810804955e+00	1.178850638669445283e+00	4.230132809514380865e-01
nan	1.394027279181999646e+00	1.643819308179216954e+00	-5.556288710877207437e-01	1.049260777610027950e-01
nan	7.316110924375984759e-01	2.497736627124645281e+00	-1.625151369335157359e+00	9.746539409653454111e-01
nan	4.710958374965994899e+00	4.790262751043551925e-01	-2.505349243801526349e+00	6.852949602217074387e-01
nan	-1.561248338070854391e+00	4.867924855478579005e+00	4.640478927871929393e-01	-6.510787086185200467e-02
nan	-6.118551731043782999e-02	-1.241867980515444891e+00	1.271885105415268447e+00	-1.007603566435071984e+00
nan	-9.000938881223230492e-02	-2.692219843844612659e-01	3.376465869001594178e-01	-6.225765007811556728e-01
nan	5.204616558966714823e-01	3.032234102832535583e-01	-1.463795139113842847e+00	-8.371030736909887970e-01
nan	2.044181184553419683e-01	-5.821492559340071260e-01	-1.258011412072105539e+00	1.374649107657891223e-01
nan	-1.854037133179405605e-01	6.867360936990776210e-01	5.916774800017833291e-01	-4.335678227864994128e-01
nan	1.860575531741568422e-01	4.482120525029790192e-01	-1.387901630215279569e+00	-1.248798181208376601e+00
nan	-1.963898954725370904e+00	-3.000704831577233334e-02	1.369640322191245430e+00	6.655097815944640560e-01
nan	6.253800074205807524e-01	6.759357255782487695e-01	-9.356215776770346881e-01	-1.011780518372062065e+00
nan	-8.554887729304843091e-01	1.428441548264092198e-01	-8.097854759879538067e-01	-5.494042185112171239e-01
nan	-1.446994563825255709e+00	9.554042607109121121e-01	-7.757166378638102877e-01	1.662332285534964926e+00
nan	6.800641173672938855e-01	-2.177221251112703371e+00	-4.665893108236672249e-01	-2.301566418906574540e+00
nan	-1.563444141116875574e+00	-6.295263396908277187e-01	7.373335499937120341e-01	1.698960090460271966e+00
nan	2.127020175993389994e+00	-1.307324906660646935e+00	4.279055719084485787e-01	-2.822369782442623598e-01
nan	2.580509419517395542e-01	1.678048801863286643e+00	6.138436310017194586e-01	3.169679525755274563e-01
nan	4.456974079140662015e-01	-1.073507217217954945e+00	5.160443086591955941e-01	-4.926085892430106528e-01
nan	-1.694739603911465053e+00	1.947203179856489719e+00	7.617426334842880564e-01	8.656448874909538072e-01
nan	1.112683126329331085e+00	-1.832204970286279488e+00	2.077956317869742886e+00	2.208072741966919939e-01
nan	-6.279268931019236222e-01	1.747960929642183858e+00	1.145175816973474037e+00	1.909524324263817407e-01
nan	8.525281148826473476e-01	-1.638335557068393289e+00	1.930980517160036714e+00	3.886487736858524333e-01
nan	-6.357049574870212716e-01	1.282512265519622385e+00	-6.081547940440878985e-02	-7.820447445159380839e-01
nan	-1.730712951929554322e+00	-1.172657619006077567e+00	1.155317387800359752e+00	1.447674726771315035e+00
nan	8.169794199213588071e-01	-1.750041204622560853e+00	1.212275930909972432e+00	-1.399957494281186543e+00
nan	-1.719192918516577295e+00	-1.227599389702779265e-01	-9.343524670224965245e-01	4.651122125948888020e-02
nan	-5.925877968453636679e-01	-1.810865706712618817e+00	6.086692566425474515e-01	5.776626914251489220e-01
nan	-1.060186318667697414e+00	-2.340811313777154012e+00	4.915679989112068937e-01	-1.570206373133092859e-01
nan	-8.246351809383631881e-01	4.436262696055661703e-01	-1.741556776790856409e+00	-9.570036274877979920e-01
nan	-5.331190525790978629e-01	-1.704874856686226181e+00	-5.181263075491522319e-01	6.920275362164225452e-01
nan	1.160775808277531018e-01	-6.306632572511312596e-01	-7.660449723137080502e-01	1.603509687879086931e-01
nan	-2.098640043240796171e-01	3.612745395625495681e-01	-7.105944118632163686e-01	1.208208978208983098e+00
nan	2.224733583175332541e+00	-9.153028714690478740e-01	1.102271386279678245e+00	-1.765978495526727698e+00
nan	-1.605422384162678684e+00	2.370300538307784421e+00	-1.087876809581775628e-01	4.483766004767995583e-01
nan	8.618950588990630379e-01	-1.538706220784156198e+00	-2.575842186734813438e-02	-7.842811087742261877e-01
nan	-2.039835529721739871e+00	1.104222360768676747e+00	1.028866266765151138e+00	1.413342155345422402e+00
nan	1.813881684407278261e+00	-1.265443197184922042e+00	6.990755795177112653e-01	8.567691498628940971e-01
nan	8.433755840013378302e-01	2.316756086784457658e+00	9.021553894908462823e-02	5.587920831971870950e-01
nan	9.076808881673035234e-01	1.187484547453694139e+00	1.633942386309882977e+00	1.451468541776087307e+00
nan	-9.913575537976799801e-01	-8.234050419755689632e-01	-3.494224608851339009e-01	-1.676898957986628469e+00
nan	-2.621800941197723223e+00	-5.764882854944677337e-01	-2.186655391864999239e-03	4.839469041548444261e-01
nan	4.015697609336245644e-01	-3.060653012259848094e+00	1.479814046916802406e+00	-3.175654760189380865e-01
nan	-1.730424341668199695e+00	7.617660358680260480e-01	-7.655566483447213688e-01	-4.066464169527487793e-01
nan	-1.082800837749346323e+00	-1.426899875063050382e+00	-2.071629469110345956e-01	5.710722948879505267e-01
nan	1.676590570368054478e-01	5.112127556754564317e-01	4.381173712226052452e-01	-1.772236859077863658e+00
nan	-3.416296901203235592e+00	-3.603099302947755933e-01	6.391600809809401540e-02	1.303978765849750809e+00
nan	1.673305408523513726e+00	-2.408053304082262258e+00	-1.589577018542903397e-01	-3.359284807172607246e-01
nan	-3.751371672386402123e-01	2.036707845408348927e+00	-5.963514127831106570e-01	1.378197643526658245e-01
nan	-7.965831694191259915e-01	8.730765097923731677e-02	2.441320935443145324e-01	7.014897793384186064e-01
nan	2.298200936490408797e+00	1.702553174814894765e-01	9.487539611463612355e-01	-4.184973102216751895e-01
nan	-1.044752541631646103e+00	2.101328985571923269e+00	-7.726241747016111827e-02	1.819558143505016989e+00
nan	-7.926383973012911532e-01	-2.229853063751235709e+00	7.279600675256061582e-01	-1.898708266340507211e-01
nan	1.105053008251046354e+00	-2.993100647402462844e+00	1.079706660488173320e+00	-2.188100532744059912e+00
nan	-1.612420862698399571e+00	1.919142166174942599e+00	3.346108978491192376e-01	-7.625356304572973309e-01
nan	-7.463752697532455294e-02	-2.212058564185629628e+00	9.246137461449666084e-01	2.878978684969819013e-01
nan	1.256134712468464365e-01	-2.013549375422221566e+00	-1.215152412347662914e+00	-1.093091629260378950e+00
nan	-1.816362264775972957e+00	2.498961552855397117e-01	4.963663513048241493e-01	1.031803182448726819e+00
nan	-3.427201295116684143e-01	-3.462574060015959354e+00	-9.458735548916170632e-01	-1.278508789445464089e+00
nan	-1.365775185278838677e+00	-1.166420879999200688e-01	-9.066871900906338100e-01	-2.057500942414723255e+00
nan	-2.026142625245359596e+00	-1.161384841708972271e-01	1.385078963757659265e+00	5.760101540236948203e-01
nan	1.478321829965878020e+00	-5.294785523155431939e-01	2.874801545923395540e+00	-1.221199964461704646e+00
nan	-8.130620940877081315e-01	1.514318498313791395e+00	-8.537381374133132805e-01	1.532749192605492583e-01
nan	-1.080553918113743794e+00	-6.944186519764730114e-01	1.724586361291631897e+00	-1.709607961599511006e+00
nan	-1.161643392137788666e+00	-1.273766547719281217e+00	4.063704658188933005e-01	1.733118481298182800e+00
nan	3.277696862285530699e+00	-3.695576287367947188e+00	-5.915873086308076623e-01	-2.426978537935599312e-02
nan	-1.555356722164797922e+00	4.751167631875083508e+00	-8.343246369171952725e-01	9.159017846899794035e-01
nan	4.477539455186629880e-01	-1.732871232531274952e+00	-6.175871111279306325e-01	-7.172139013383841410e-01
nan	2.510367224441971246e+00	-5.309681648782836882e-01	7.050352954629590663e-01	-1.060996265878094008e-01
nan	-1.338428198323355911e+00	4.101548806657897117e+00	5.909635004291076930e-03	1.695575972429572476e+00
nan	1.928984144621731289e+00	-8.483606673982935220e-02	-7.040178061822136568e-01	-8.939752027182182870e-01
nan	-7.368050013627480688e-01	2.237582042452727737e+00	1.136686833488971482e+00	-2.251660413711469716e-02
nan	-4.121267216794052279e-01	-2.079168578070137663e+00	-3.145933605209495082e-02	-4.883633771619197428e-01
nan	3.704601635750831568e-02	8.196025766343250085e-01	-1.494241186634900131e+00	-1.756257656305402204e-01
nan	-1.025124169749800807e+00	1.029280749617617730e+00	-1.651877504577186073e-01	1.808787730650701420e+00
nan	-5.686416632501702928e-01	-1.581776614030957928e+00	-8.922315605724828735e-01	6.055694641456307314e-01
nan	1.249338890124630286e+00	-1.685513748148568469e+00	-1.770199999196037655e-01	-2.851616692409179588e-01
nan	6.965730790585639154e-02	1.838684243802211959e+00	1.882248017122612582e+00	-6.994287004217630832e-01
nan	-7.085525114953760140e-01	-3.581190602748755558e-01	-8.775327787007211056e-01	-9.031184530790777876e-01
nan	-6.880060474523903569e-01	-1.342432037566596570e+00	-1.278027931454344790e+00	1.160156101458398759e+00
nan	6.449548828001926415e-01	2.697072259273367578e-01	1.682641605808328500e-01	6.761953945107070096e-02
nan	-4.085785719125219484e-01	1.928894433764994254e+00	-8.669026697453854347e-01	4.102890379559759881e-01
nan	1.743886410178971114e-01	-1.154272870345645963e+00	-1.391764936528437469e+00	-3.635912209970119657e-01
nan	-1.183392530912587448e+00	-1.525068726897504279e+00	-1.604666508995595819e-01	3.167321966517732346e+00
nan	3.850159916934364546e+00	-1.007292872238758630e+00	3.542438316317775282e-01	-8.645948908466212224e-01
nan	-1.850946105970477484e+00	4.302544155694593364e+00	3.128293528353707775e-01	2.319121915416224589e-01
nan	-1.132015808748729757e-01	-1.871832397805321513e+00	5.398363989929392259e-01	-1.195829050324685561e+00
nan	-8.625928047871500581e-02	-7.463242759352642919e-01	-4.971806755529567523e-01	-4.752435458507533322e-02
nan	1.378584474873102650e+00	-1.406258996888407831e+00	-6.224090164338716979e-01	-2.818331151565110493e-01
nan	-6.032026431465929983e-01	2.242046716084721947e+00	-1.998682063004232123e+00	6.474144334932828704e-01
nan	1.633005974326803056e+00	-1.531380895088513938e+00	-2.321520931145052646e+00	5.576692787044515986e-01
nan	-1.729970468273033468e+00	2.593550885675045770e+00	5.043770120552896197e-01	4.716859887906425519e-01
nan	-1.181814726251718128e-01	-2.061158087967328800e+00	1.618410821782918507e-01	-1.156850520793307746e+00
nan	-2.807047786688765534e+00	3.833867867555396658e-01	-1.187902075828111831e-01	-4.277061172409812317e-01
nan	-7.066998122323563392e-01	-2.804206070254146699e+00	-1.918345908741683870e+00	1.462689290028411193e+00
nan	1.972656009899780738e+00	-9.282610212226981572e-01	8.534385805132059799e-01	6.508259463513409449e-01
nan	8.211158365651295421e-01	1.419387720660282959e+00	5.543569362382787524e-01	2.957836929940531046e-01
nan	8.527881126443561666e-01	-7.023559117013645769e-01	6.125365394887757331e-01	-6.294835423213015480e-01
nan	-1.453834576888017427e+00	2.366287967245555901e+00	-3.675990653562887789e-01	4.774489287525902070e-01
nan	1.913290339526916739e+00	-6.762860895327221789e-01	-9.616049519997137418e-01	-1.170726414884020405e+00
nan	-1.745094402039985448e+00	7.451572290215906502e-01	-8.929375174413107796e-01	3.540086303708829263e-01
nan	1.515508068190438484e+00	1.510360309151792757e+00	-1.448220531923323159e-02	4.577307675617429961e-02
nan	5.680802606946877553e-01	1.418434855154360852e+00	-2.364142149099589599e-02	-5.427314051527403205e-01
nan	5.124923591460011085e-01	-6.073138320605753204e-01	-2.686165454583123724e-01	-1.550101354834169554e+00
nan	-1.992743027499596087e+00	-1.088263766925220422e+00	9.480349712256402883e-01	-6.671992809552848014e-01
nan	1.445030488456631179e+00	-1.302137778723154504e+00	9.742246455119814297e-02	-7.607109782195250469e-01
nan	-1.743556999782656547e+00	2.195019539063956415e+00	-9.168816071941733592e-02	1.803508454218069934e+00
nan	2.465319942881433413e+00	-1.463359794220232768e+00	1.636399459683973268e+00	-4.955704058809522472e-01
nan	-1.787444567972500620e+00	3.894065805078410047e+00	5.877165629010344672e-01	-7.237180465577526256e-01
nan	-2.029186535589186935e-01	-2.799089845513826003e+00	9.349193091076301032e-01	-9.345700221377393202e-01
nan	9.475432417312337208e-01	-6.808737341193067394e-01	-5.351332070179448674e-01	-2.082906618293372258e-01
nan	3.138688738376226306e-01	9.813464773452718060e-01	-1.288990891080752599e+00	2.567673330792933584e+00
nan	1.395109479508409134e+00	-5.752565251151087189e-02	-3.738922102249489510e-01	3.525570816052885359e+00
nan	3.821205371636289705e+00	1.630969362152757007e+00	-3.110145157325271970e-01	8.238066998883057934e-01
nan	1.783442914256250234e+00	1.284608837353010014e+00	3.064938388853741258e-01	1.175041174733032046e+00
nan	1.774051497069784711e+00	2.612711687524185145e+00	5.519887984875027076e-01	4.228683741008504304e-01
nan	1.374842840537522926e-01	1.674849630434308567e+00	-1.059073133223522811e+00	-8.422576890153288254e-01
nan	2.424585083901840132e-01	2.284702632539797662e+00	-6.800911561418048201e-01	5.477604854950712809e-01
nan	6.623319914086617244e-01	1.925836693891197271e+00	-3.550852272883827654e-01	-1.679505288845883904e+00
nan	-9.279526062899179362e-01	1.842591461029627009e+00	2.516861350136944120e-01	-2.142440471917308187e-01
nan	-1.305215926909796709e+00	-1.409945804226898858e+00	1.352667832945176341e-01	2.386419400918810829e-01
nan	4.071759979088922510e-01	-7.036025681153232902e-01	2.343556027593855617e+00	9.811888780383937192e-02
nan	9.764124767656066073e-01	1.887557860939261811e+00	1.917222009656029069e+00	-1.889694353736700361e+00
nan	-4.136446959638131027e+00	2.941870873842293399e+00	-8.021302534685215146e-01	8.026186058877271545e-01
nan	9.968675601818566268e-02	-3.019321951653748393e+00	-1.371662920389255635e+00	6.231321054883370847e-02
nan	1.488718774066231099e-01	4.287588977293851911e-03	-1.261801838395351094e+00	-1.229188507793114171e+00
nan	-3.401542821397043781e+00	2.287369579313921486e-01	-1.631380555424448431e-01	9.882495697311166963e-03
nan	2.160665161890131802e+00	-2.093492540099219035e+00	4.798266398172685299e-01	7.230044507650212372e-03
nan	1.430743047840196402e-01	2.736900450418898956e+00	1.023391473182107436e+00	2.894468748214862885e-01
nan	-9.766080260331413410e-01	-1.916446273301103620e+00	1.475421681349313507e+00	5.700018183412968176e-01
nan	2.210745764659918233e+00	-1.534496940895595518e+00	-1.228596391464723270e-01	-5.800931831331458399e-01
nan	-3.788149021315623255e-01	3.741403695260739681e+00	-2.874984906466651613e-01	-1.822272473851461738e-01
nan	-1.174344994243159856e+00	-5.457075381938438774e-01	6.279213378096657472e-01	-5.943992477302290078e-01
nan	-1.215395746518152409e+00	1.244588895915987425e+00	8.638660337895578967e-02	1.461259847732124362e+00
nan	1.546490844722234081e+00	-9.347574993893347228e-01	1.462411312958556531e+00	4.602662650320549775e-01
nan	-6.513941958743890703e-02	1.476740886345144554e+00	4.074886015953020912e-01	1.435030677912402686e+00
nan	-6.689018921117220184e-01	-9.930583934874229191e-02	-8.245335160606807046e-01	9.966805172596990836e-01
nan	1.843048525823228534e+00	-5.442063672287078546e-01	-8.079327465632273331e-01	-1.408088807053445635e+00
nan	-1.003883937755462918e+00	1.069248096889904742e+00	6.241129898586144087e-01	-2.679023445044085960e+00
nan	-1.979515810295617628e+00	-1.823101253038700076e+00	3.125240710324475590e-02	-6.075539549934508288e-02
nan	-1.913303171388287538e+00	-2.496733947945549481e+00	2.072667106223438638e-01	8.520058490543492846e-01
nan	6.414268719265203700e-02	-8.290080931207715054e-01	6.820333800777116373e-01	1.387400307012087164e-01
nan	-1.338920469133150659e+00	-2.739965129868340843e-01	-6.801737431066140482e-01	1.925322668483768540e+00
nan	5.189905086696893655e+00	3.407510541735951914e-01	-8.970996202268534114e-01	5.302177478906324737e-01
nan	6.265152708569121653e-01	5.338087664898317541e+00	8.713517421852228217e-01	-6.913786755983908350e-01
nan	-1.428641703053438405e+00	1.441388014503214521e+00	3.708579966314493603e-01	3.110616827257422390e+00
nan	3.240200717972116617e+00	-2.790627095552247638e+00	1.840117347358891209e+00	-1.911016506420978311e-01
nan	-1.877625559864717797e+00	2.283075513259975597e+00	5.801239458140501348e-01	-1.991739929617864224e-01
nan	-1.046252937625283153e+00	-2.771511644419317300e+00	2.625195702952512478e-01	-5.091169661302523686e-01
nan	-5.624310968793901910e-01	-2.631242546172731789e-01	-1.725894250164053290e+00	-9.318076240819772593e-01
nan	-2.470505652286689724e+00	-1.555051604707434088e+00	1.559954115459077362e-01	-9.547277474614507264e-01
nan	-7.706403568638684476e-01	-1.181388664181978410e+00	2.461847859162444585e-01	-3.636768466520530763e-01
nan	-4.668444274406959860e-01	-1.172496487918205155e+00	3.013621104808731355e-01	-1.413213626067339801e+00
nan	-2.231647771867897756e+00	-6.711522436711867545e-01	-1.334287679969941021e+00	7.478175754007397591e-02
nan	7.861159564180607573e-01	-3.185337431329571700e+00	-1.206545401229081937e+00	1.106013080219494293e+00
nan	1.885594265265849501e+00	-9.531961558843932147e-01	-9.736786198309874130e-02	2.795105410494169718e-01
nan	8.022938022997757601e-01	3.198959761825326709e+00	1.532831568180906823e+00	4.499563740419250668e-01
nan	2.022296181376640745e-01	-1.527159417588871415e-01	2.196352245125675395e+00	-2.256667634686588264e-01
nan	-2.215722368559866207e-01	1.423384162603285485e+00	-3.974175422157937843e-01	-2.804516268248554933e+00
nan	-1.816801516017233054e+00	8.606604939051031300e-01	1.351615016834455840e+00	5.692460570496720162e-01
nan	-6.123624924081061405e-01	-2.611231511274543227e+00	-5.072487242216564551e-01	-1.887108397962607320e+00
nan	-4.152341272721322696e-01	-8.676319729859210961e-01	-4.513900995479043776e-01	-1.214613591485256050e+00
nan	-2.524301504821800712e+00	1.236369679089647677e+00	-2.705259178870128012e-01	-1.194652345291493251e-01
nan	8.542099191575239225e-03	-2.640652609110379245e+00	1.235970830081403404e+00	-8.305103607127396481e-01
nan	-1.282215052372482678e+00	1.070292449764597809e+00	-1.034961201456956914e+00	-1.274173202663735571e+00
nan	-5.621098231067944706e-01	-2.788759306712817576e+00	-1.058489797860217241e+00	-6.957760928404662648e-01
nan	-4.367469586167232465e-01	7.175660715681064783e-02	9.339103345422200553e-02	1.061050937047537834e+00
nan	4.770476451585577982e-01	-2.185495440122990074e-01	6.195528314560868610e-01	9.297235946157322850e-01
nan	-7.927114110399127167e-01	-1.340338368717302053e-01	1.172336122112870083e+00	1.250714929286967703e+00
nan	6.514944072807714592e-01	-1.339797872961058456e+00	7.858859107413955769e-01	-1.398396948321758426e-01
nan	-4.035191139729037979e-01	7.489702773589139717e-01	-1.597125243396361638e+00	5.385463822088562003e-01
nan	-7.197142283812324459e-01	-4.323049213777442334e-01	-3.138633349216188861e-01	-7.425439406020347688e-01
nan	-2.156863642486150923e-01	2.497899447685297813e-01	-2.818183798824782094e-01	-1.473136395248249852e-01
nan	-2.220786553817233333e-02	2.917015000350027254e-01	3.124221749170868478e-01	1.223602333560696920e+00
nan	5.397771752730124994e-01	-2.879362032979274066e-01	7.368774807966398388e-01	1.745477359913456539e-01
nan	2.645434203950736696e-01	9.972720849532398235e-01	7.234808866643085423e-01	8.053378960988007984e-01
nan	7.212000582507824831e-01	1.027463852085113705e-01	9.043004042981169777e-01	1.241800680756237840e+00
nan	2.166840102946621105e-01	-5.991734740136878123e-02	6.773185828831075339e-01	-1.048060710112386912e-01
nan	7.053105668438212073e-01	-1.118728176337980162e+00	-4.214351806187638938e-01	-1.203713840026785276e+00
nan	-1.572052111020964205e+00	1.521636797974118993e+00	-5.334590190857713132e-01	-1.644098342032323412e+00
nan	-2.423608059374490864e+00	-2.453452925090429115e-01	2.408657528337197373e+00	1.919672926800179757e+00
nan	2.721862226182431677e+00	-3.370773124267797183e+00	-1.389628115735663805e+00	5.219952821851552710e-02
nan	2.642797344975926777e-01	1.183472976929450970e+00	5.874187985100960407e-01	-1.632105495036105802e+00
nan	-2.281325519822826386e+00	1.893144485548938105e+00	1.884435544579764255e+00	5.844700513815911380e-01
nan	-9.902122911107547054e-02	-6.566979935021843851e-01	1.604767318405164955e+00	8.034915314726268631e-01
nan	8.234796972597024922e-01	3.937931230410007810e-02	-1.346123081625911322e+00	-3.050020516166369600e-01
nan	1.087618356189683499e-01	2.224820588531153387e-01	2.023331357571770892e-02	-1.349168758586873684e+00
nan	-3.469709266030271522e+00	1.633608938073830341e+00	1.927558799504357490e-01	5.299816667887194965e-01
nan	1.648027861692515472e+00	-4.222240097204753795e+00	1.005699994259634078e+00	-1.045177231209527102e+00
nan	-1.675105773278179999e+00	1.127431084754981772e+00	6.777312687478183051e-01	-8.354112098110009210e-01
nan	-7.092743413522222262e-01	-2.186497272605368192e+00	1.801764633565594853e-01	9.613749260002921182e-02
nan	4.127230547342427558e-01	-1.192502940941286615e+00	8.452233978019236815e-01	-1.871907766850315902e+00
nan	-8.780432386176240112e-01	1.047122443573949013e+00	-2.839157555078791750e-01	2.009864085335088049e-02
nan	-3.570554354428063792e-01	5.555762063017970487e-01	9.443258161019723040e-01	6.559136644468651633e-01
nan	-9.702348359093734276e-01	-1.510710879931518758e+00	-1.214399969990747952e+00	4.438152483711903934e-02
nan	-2.577197138157734546e+00	-1.395416610163666693e+00	-1.001543702097089650e+00	-5.289864134789412642e-01
nan	-7.889906328567557470e-01	-2.939552505876861233e+00	8.827840688326823448e-01	-1.655343555761828567e+00
nan	-1.356846964516708276e+00	-1.046572912922644427e+00	-6.858838443643134886e-01	1.029734299384156060e+00
nan	2.447155688258503048e+00	-1.753835786440220756e+00	-2.187370152446510563e+00	4.396579760024816874e-01
nan	1.907327964053503244e+00	3.049602982910492699e+00	-4.705006978411673257e-01	-5.294503517884395771e-01
nan	1.259078215160682745e-01	2.708705585005539263e+00	7.274136746464581194e-01	-1.649199714004721262e-01
nan	1.452081656641317720e+00	-7.962167792754282214e-02	2.166489196398158068e-01	-1.549824715145418363e-01
nan	-1.078234326480322774e-01	1.677907117712409191e+00	-7.848485056913342417e-01	2.567425473682202197e-01
nan	8.686401971850907233e-02	3.543374605551853629e-02	9.017404630777199337e-01	5.807061081226551069e-01
nan	1.662585304089985172e+00	-3.142646291573096828e-01	-1.668985410265801661e-01	-1.988469393143603492e+00
nan	-1.180421205057474499e+00	1.284046073848087666e+00	2.635728897214472344e+00	5.851696981535820657e-02
nan	2.346674293014124058e-01	3.412023915996658108e-01	4.925946214686520164e-01	-1.259757072258677724e+00
nan	-2.548751759698252961e+00	-1.851949195852158614e-01	-3.855751582116254683e-01	-7.128523230065081373e-01
nan	2.643338940538428883e-01	-2.187463036690124429e+00	2.194051406661880477e-01	-1.604255311502034986e-01
nan	8.998088429157190538e-01	1.014905793491353569e-01	-8.819499782720610290e-03	7.190540395832891729e-01
nan	8.855444751601881936e-01	-1.942988255896539673e+00	-1.172281670544938620e-01	9.199161094579992870e-01
nan	1.447010121646451264e+00	1.355153536648762369e+00	-3.681814051283061606e-01	-8.777305469812791694e-01
nan	-6.321088010911640742e-01	1.147373415748230041e+00	-4.313554127552619022e-01	-9.435136831676953495e-01
nan	1.592963556994836383e+00	-5.431977921146873278e-01	-6.998510923729932554e-01	-1.093038352033084193e+00
nan	5.490902355450397732e-01	2.212684703296981859e+00	1.147520163975424556e-01	-1.052620036784224666e+00
nan	-8.128859556229088845e-01	3.529097585587878672e-01	4.466097724501375543e-01	-1.158616840993942132e+00
nan	-1.185347517643404069e+00	-1.187148755477107409e+00	-6.734333769410949522e-01	-9.426576446272495746e-02
nan	1.896972499458911443e+00	-4.952689028403521876e-01	1.548685453672349777e+00	1.888528405614367245e-01
nan	5.590838527402998137e-01	1.467174511391773795e+00	7.901947408897557201e-01	-1.762606991339068785e-01
nan	-1.089256469349664802e-01	2.297085154454779898e-01	-2.187903459659084476e-02	1.006399583900216887e+00
nan	1.909438426391388610e+00	-4.349447870403533867e-01	-8.099999713782281285e-02	9.869134573383906428e-01
nan	7.336378683147098956e-01	1.050647125908363400e+00	1.310935089377911034e+00	-7.853740599393530530e-01
nan	-3.064865450009767844e+00	1.165855501465089761e+00	-7.305808681709380359e-01	-1.449440393801491693e-02
nan	1.098140833172832620e+00	-3.247168804788955754e+00	3.042514316886570369e-01	1.023702904868565966e+00
nan	1.501590605147256730e+00	-1.545450905009635667e+00	-1.328372560477786735e+00	-1.856255009088348951e+00
nan	-1.957544481023912653e+00	2.215055361334174577e+00	7.812592813942562664e-01	-6.245279592536906454e-01
nan	-1.996719320488331562e+00	-1.633013828701657566e+00	6.031647120457800382e-01	-1.287494715420622216e+00
nan	-1.426014614802102898e+00	-1.490904350478755802e+00	-1.230487300172523835e+00	1.368704368629532597e+00
nan	6.367563431694767129e-01	-2.152044446465266159e+00	1.069835057678179213e+00	-1.907207955522204762e-02
nan	-4.786621458477472446e-01	5.910842065581437543e-01	-1.886428678026182693e-01	-7.192058619634579264e-01
nan	-6.991485263955020679e-01	-1.688371591698725194e+00	-5.872560603321508310e-01	-1.501693239454525930e+00
nan	-1.018233345183889194e+00	-1.196118485506356022e+00	-8.416183087213502390e-01	1.266708048404352471e+00
nan	2.133710597587769708e+00	2.503700691264023614e-01	-5.417314283690092269e-01	-8.028417539632733968e-01
nan	-4.406832847248846607e-01	7.159944523966126351e-01	-7.425881926640809372e-01	2.194604287467287751e+00
nan	2.696708716993422073e+00	7.029873515610258750e-01	-2.348732256110500349e-01	-1.161467601196797039e+00
nan	-1.248882279732703715e+00	2.148998204380512700e+00	5.008107819402140004e-01	-8.000993986235112043e-01
nan	-3.775907962595179690e-01	-2.474519990442769490e-01	-1.294413757283946698e+00	1.286681782029959420e+00
nan	1.960756055887431515e+00	3.060914283286452209e-01	-1.410120570334551932e-02	7.100059385883483731e-01
nan	8.632094353014907462e-01	9.057589530590575144e-01	-1.401807383545984997e+00	3.247994899015627990e+00
nan	3.660078579601345972e+00	1.327644333169161639e+00	-9.295899908234280806e-01	1.466157780268292077e-01
nan	-6.310677343007615736e-01	2.087695910217269635e+00	-4.585619958754630354e-01	6.870554352667371800e-01
nan	-9.880703488568287618e-02	-1.769350902654319047e+00	-7.286920773925299466e-01	-2.012461762466104531e+00
nan	-1.263661607515148555e+00	-5.473678127380712105e-02	1.287753267076367170e+00	-7.471798045350535045e-01
nan	-1.541993355285353751e-01	-2.278839729664630553e+00	-4.914469916113158865e-01	-8.008027026067500165e-01
nan	-2.372095661635981845e+00	-1.597685853261691769e+00	1.184793040778500339e+00	-1.213574214386733685e-01
nan	-3.684165116134605622e-01	-2.670992851645414667e+00	-4.091489445406835124e-01	6.188439115910591148e-01
nan	6.167865766964772956e-01	4.195554152189036046e-01	-1.511548255786874018e+00	7.475561693137695585e-01
nan	-9.217497248950941025e-01	2.007439011014762187e+00	5.880143900348547836e-01	-9.558511684248625073e-01
nan	-2.669148704308812459e-01	-6.130374210478820585e-01	-5.892418868997300052e-01	-6.350726311578581695e-01
nan	1.439345949990725959e+00	1.294409101602256862e-01	-1.080773769294024911e+00	-8.854618200745209000e-01
nan	-1.702544540640987147e+00	4.516829312190684398e-02	-2.000551819029908085e+00	-9.865414569786674637e-01
nan	-1.695790478780535571e+00	-1.144212682520534763e+00	8.175631811566840268e-01	3.552340170369489014e-01
nan	3.994472622710430465e-01	-4.061557717809385792e+00	-3.720005646173843994e-01	1.310576814352625963e+00
nan	9.276140757498005929e-01	-5.927746512395424272e-01	8.419809353094175330e-01	8.817899896766333567e-01
nan	1.018605798684054431e+00	-1.890771961212838193e-01	3.069596840466921606e-01	-5.049438727192541165e-01
nan	-5.325780296408226810e-01	1.714012938763891603e+00	5.315742753993919489e-01	6.961122944862234707e-01
nan	1.435942793874202206e+00	-3.232359884961006902e-01	-6.957919509603363029e-01	-6.920640493060959964e-01
nan	-3.427656886106779655e-01	3.539099554551080384e+00	-5.230989206407101744e-01	-3.871536257238462619e-01
nan	-2.641839036818691699e-01	-4.685149332822230450e-01	-5.706659671550524671e-01	4.966295340022053861e-01
nan	1.738898322563899423e+00	9.142263614563661545e-01	1.039931282064680440e+00	-1.664882679825679279e+00
nan	-8.506000505464927919e-02	8.633991585126880031e-01	2.038935335563978324e+00	6.960657465615921469e-01
nan	1.971562580606863513e+00	-1.376942328695853535e+00	3.493113647171725566e-01	4.012932685108792641e-01
nan	6.266114268881644023e-01	1.220901770957515620e+00	-3.112971502136333002e-01	-7.026078478731287991e-01
nan	-2.613750085428936942e-01	-8.341153684072455388e-02	-6.133063175407915679e-01	2.416908621775215316e-01
nan	2.280178218094707498e-01	-2.349222804061694703e+00	-2.093804682318022581e-01	3.635934455694198597e-01
nan	1.550606967149865678e+00	6.852760331347833578e-01	-7.152938724102800849e-01	-4.986325160675821322e-01
nan	-9.510055404512600674e-01	1.255463673031365524e+00	1.914451328445736067e+00	1.695714379470829147e+00
nan	2.514847096952273819e+00	-3.131759540086689775e+00	-2.492431515308775047e+00	-1.107113755555330759e+00
nan	6.022883816668582746e-01	3.233842538842571557e+00	1.144980382496850885e-01	5.788818016065575556e-01
nan	-1.730156099969192507e+00	4.639486356715162851e-01	7.218023979819835345e-01	1.080933646518793756e+00
nan	1.934351246272464353e+00	-2.332319657732251361e-01	-1.185444402508112893e-01	-9.043305438202481339e-01
nan	-3.049097630661879332e+00	1.206251799271069292e+00	1.547864386026367445e-01	1.410619603143654643e-01
nan	1.701110450002287555e+00	-3.315257527753416866e+00	-2.092811791123889709e+00	1.162160417600892393e+00
nan	2.475142929152970517e+00	7.842583977649898452e-01	9.121022010854786810e-01	1.287022553512577328e-01
nan	-1.560101841842927994e-01	1.099302580577378619e+00	1.305924032418984027e+00	-1.211638241190410720e-01
nan	6.276972445022152014e-01	1.083193764791177127e+00	8.536761093868812100e-01	2.314930148806316201e-01
nan	1.455442244945425401e+00	6.246916427632511759e-01	5.648302753421995392e-01	-6.564404504500115367e-01
nan	-1.057824571412620873e+00	2.455398147243223583e+00	-6.721412806258136863e-01	3.065082044423763197e+00
nan	3.136615856927424950e+00	-3.138924851769051561e-01	-1.336929737312514965e-01	7.285383246638813537e-01
nan	1.483195125616944221e+00	2.323532467677194902e+00	2.909870161185478254e-01	-5.713131234334139358e-02
nan	-5.301410625937840182e-01	1.943247889505057113e+00	-8.053426873793968488e-01	-3.006760741300826822e-01
nan	-1.750062590559629205e+00	-4.503930709057208381e-01	8.314183984506946512e-01	1.205738394015715365e+00
nan	-7.069736766228706948e-02	-3.329725365469907494e+00	-2.467034656295473916e+00	8.820133232306995863e-01
nan	1.670527464830407594e+00	-2.110770612297391935e+00	6.957815871208915537e-01	-1.819089429150500647e+00
nan	-9.396986822652144689e-01	1.778090353064887941e+00	-3.652789303078962102e-01	1.393187032966269223e+00
nan	2.097465122456051656e+00	-1.510634251916274540e+00	9.180116439614981472e-01	-1.273549773220014725e+00
nan	-3.006525385673592954e-01	2.582044366105247235e+00	-9.356217465320105786e-01	2.118000012124260922e-01
nan	1.917485345600742130e+00	-1.979130549237758385e-01	2.122575253951477059e+00	-3.894173077424126772e-01
nan	-4.300564163169515730e-01	2.594117804719441089e+00	-2.112516452469525685e+00	-4.258318515779265789e-01
nan	-3.394004008324895683e-01	-1.517112493204335166e+00	1.202187926460823286e+00	4.525642017574083020e-01
nan	8.929247142608101040e-01	1.152348244342598971e+00	-6.470307731328757139e-01	-3.638236649130785483e-01
nan	-9.636290674945739987e-01	-5.146298360579011355e-01	-1.577895575074820034e+00	2.594109849930242295e-01
nan	4.381698760656729252e-01	-6.404074377770161419e-01	-3.411711668101734957e-02	6.757768051438817203e-02
nan	1.464351227138342093e+00	-8.400441358505088552e-01	5.224002505491378567e-01	1.732058975547809965e+00
nan	6.978722246437525367e-01	1.350683119344364025e+00	5.806947583383809119e-01	-5.460816890301086746e-01
nan	-1.085251695583965059e+00	6.946527120159465829e-01	3.632375944957133007e-01	-8.223835002860620247e-02
nan	-2.050053778881978594e+00	-1.361308628489812600e+00	-4.029733511828089143e-01	-1.616968471349086445e-01
nan	-9.296135140560460863e-01	-2.477029689670553037e+00	5.195252588215760747e-01	2.068097166600980641e-01
nan	4.797424318109634322e-01	-1.301330435355616322e+00	-2.278383062411879767e-01	-3.278260906445389367e-01
nan	-5.498516375149932189e-01	9.961212529410414795e-01	3.649765934976010873e-01	-9.869813637677986584e-01
nan	8.000783255593313381e-01	1.236890754700925577e-02	-7.964514604097331363e-01	-1.511379552925326442e+00
nan	-1.889704284782536936e+00	1.166004186006701859e+00	6.506153635840302707e-01	2.117837847431297327e+00
nan	2.419223077178680015e+00	-1.244564081350278295e+00	-5.176289777157762340e-02	-1.294699879884137816e+00
nan	-1.343334541758842704e+00	3.640090432723527947e+00	1.941104258117240799e-01	-1.271782898516729654e+00
nan	-1.792160282495337986e+00	-2.048707984096931334e+00	-1.538303856602069697e+00	9.690503759067323752e-01
nan	5.580949479472396835e-01	-9.338366526114435517e-01	1.565822091063530652e-01	-2.833214685961010781e-01
nan	-3.222484017969126091e-01	-6.812316828655831102e-01	5.895237391561553020e-01	-1.612026456982207590e+00
nan	1.560739766319878319e+00	-6.258805738803576713e-01	-1.748248110386137144e+00	-1.648584168743840506e+00
nan	-3.077010410091912895e+00	2.657127602146351464e+00	6.383914051931439959e-02	7.383968760535924991e-01
nan	1.190684626740875274e+00	-1.429285036178872925e+00	-2.518952393950887325e-01	-1.388816829820711751e+00
nan	-7.734299964241979630e-01	7.585044645195834212e-01	3.021762357288110934e+00	-1.239333038731234460e+00
nan	-3.439752120909689292e+00	8.592264821461303992e-02	-6.168574792156953368e-01	9.113568170013207626e-01
nan	1.441995856786920882e+00	-2.982609346355502566e+00	3.009707046159945665e-01	-9.970924236405382945e-01
nan	-8.582831231866105970e-02	1.550086815153014275e+00	-9.503573801257921838e-01	3.672851762052983804e-01
nan	-5.097487373920246423e-01	1.497553085712316712e+00	-1.123199778986383041e-01	-6.186686596904447111e-01
nan	-2.129644378682915118e+00	-1.975519646829642095e+00	-2.659385597643700305e-01	1.798633377215807405e+00
nan	2.782788495498725201e+00	-2.281369092767633333e+00	1.740256294051853447e-01	1.663696562937757806e+00
nan	1.862106412244139975e-01	2.415752118770777113e+00	4.118638382788252783e-01	1.307639821439291028e+00
nan	6.838120326248035008e-01	-1.801722938771377902e-01	-5.357792271286135888e-01	-5.379846935996271950e-01
nan	-1.292685073336835577e+00	1.348602806760321071e+00	1.542514929971934956e+00	-2.068487632165199597e-01
nan	-5.251865233184120907e-01	-1.164352194219333114e+00	4.728170950206017631e-01	-8.937573483069555236e-01
nan	-1.244034292965185085e+00	6.062654315166502439e-01	-4.992838260252572824e-01	-1.968288261423436492e+00
nan	-2.733270808529788098e+00	6.565992421866240214e-02	7.843424195552833877e-01	-2.088855629400829250e-01
nan	-9.057631882016135838e-02	-2.867485647379222069e+00	7.848985875195200190e-01	3.736073394296581807e-01
nan	-4.774208696567805443e-02	2.148978553275475267e+00	-1.668923476447425891e+00	1.456150080779939016e+00
nan	2.806325234480219422e+00	-6.974054203040628286e-01	-1.468238875716220360e+00	1.280578327158460539e+00
nan	-7.423092543926035347e-01	2.667403212365048848e+00	-3.571526766918706741e-01	-6.582918991930101216e-01
nan	3.359742231872074880e-01	-2.133273516938741565e+00	-1.016016200705623929e+00	1.510333335972330548e+00
nan	3.226170478500312910e+00	1.681809260406058382e+00	-1.072788784420640296e+00	4.854019041821931446e-01
nan	8.135233213501510408e-01	3.303753776888235461e+00	-2.804726920031278325e+00	-5.621300426289661534e-01
nan	-1.418134535577877386e+00	2.308334362796117922e+00	-5.203719404178779318e-01	-1.618701064446322668e+00
nan	-1.162568203241817200e+00	-9.850633557597078260e-01	1.670316887895506863e-01	-6.627333182672816569e-01
nan	-2.716769435198140292e-01	-2.548373094030748742e+00	8.723906615994563296e-01	-1.087273957814727465e+00
nan	-2.124068492937940977e+00	-1.215049762734823569e+00	2.358358934158681475e+00	1.330263414259867494e+00
nan	1.546962489325336199e+00	-3.797836239035884631e+00	-1.250849151081855570e+00	3.049470530225286691e-01
nan	4.757309536608747558e-01	1.438501281314022773e+00	2.229487385260068011e-01	1.994856604011495116e-01
nan	4.994847592879637088e-01	4.134700323891934981e-01	-7.406985245867305778e-01	2.462171415888857240e+00
nan	4.024641532240607944e+00	1.364558226325174539e+00	-8.529851447249024998e-01	-2.841986909797757921e-01
nan	-4.372032041118578682e-02	4.002904690271883226e+00	3.589969289312646694e-01	3.513759018849408333e-01
nan	8.968866930226039313e-01	8.299426360591597440e-01	-8.742328610212009299e-02	2.475458611749617732e-01
nan	1.216620321335698751e+00	1.745028964955864570e+00	-8.405343169601813269e-01	-1.356347399512917995e-01
nan	-8.598793701927714972e-01	1.845190280047806830e+00	1.165335470992059363e+00	-6.072316640092314532e-01
nan	-2.465470777920731216e+00	-1.076253049109603399e-01	-2.447441582993010456e-01	2.262793360482790173e-01
nan	2.067791824710199400e+00	-6.473184357465386896e-01	-8.382763111390348909e-01	9.333414087915608004e-01
nan	1.101972020739013569e+00	2.921477804670376432e+00	-1.578096589050778764e+00	2.982020112065609796e-01
nan	-4.230998430324667270e-02	2.024127631573783503e+00	-1.438374160231921328e+00	1.425255687598801835e+00
nan	1.967198502560425499e+00	-2.027092596724761275e+00	4.352799834263418322e-01	3.766866971751615112e-01
nan	1.386095670554934989e+00	3.072458294349430297e+00	3.321281490241066447e-01	-4.119514808120625649e-01
nan	1.540861641535430371e-01	2.490659641885270226e+00	1.210887784622409313e+00	2.647916901278211665e-01
nan	9.257851375562782259e-01	1.183626861621639215e+00	-1.097192382786360110e+00	-1.296524492353075653e+00
nan	-2.744000108507962388e+00	1.876800904669222447e+00	5.944551355414462446e-01	-8.886268348486094093e-02
nan	-3.501315123436133520e-02	-2.440817715348722050e+00	-4.895895101912821623e-01	6.482840424283251579e-01
nan	2.984455403186050404e+00	1.392809217417822820e+00	1.703061693251947784e+00	-1.318665055632973981e+00
nan	-8.917268149117515419e-01	3.145744820967837807e+00	-7.711164026641811886e-02	-3.961648632905442335e-01
nan	-2.702075334616576452e+00	3.296122790221532872e-01	8.068406389533693268e-01	-4.342015709065761842e-01
nan	-9.052712691574760218e-03	-2.206232275652864061e+00	-1.498586441758345877e+00	-3.278928553164016102e-01
nan	-5.897915128673711926e-01	8.814192529723788305e-02	6.559970587661001495e-01	-1.794224747622192861e-01
nan	-6.679238782329656177e-01	-6.970953529743897370e-01	-2.369394744395876273e+00	1.698530125991837975e-02
nan	4.967582968788887832e-01	-1.921493100385338604e-01	-1.766510876566067090e+00	7.248197936263326424e-01
nan	1.412370053807307180e+00	1.197597058790396574e+00	-8.777520372743561339e-01	1.080020515830320438e+00
nan	3.296139748610781961e+00	2.627230860030515203e+00	3.368420819704782132e-01	2.937896271944705207e-02
nan	-1.246346243537908904e+00	9.270001255581830080e-01	2.456328547991896427e-01	-8.008878085645505518e-01
nan	-7.116764373350177308e-01	-7.482355832132454587e-01	-1.406207667558583840e-01	-6.253784541129548957e-01
nan	-2.447725505918876832e-01	-2.048411031431313312e+00	-2.056832223481705746e-01	-9.491660069881860951e-01
nan	-6.163061020781095412e-01	-1.142553624399330836e+00	1.636011169475872995e+00	3.220093753581920737e-01
nan	4.310935988930655327e-01	-1.779328639564647929e-01	-1.541514032517743438e+00	5.073175132020644185e-01
nan	2.870060432530773031e+00	1.281703967956636436e+00	5.088712126486327758e-01	1.074048429402741478e+00
nan	1.964621665928699690e+00	4.165233511810582101e+00	1.152274169050984343e+00	-4.672331617467724296e-01
nan	2.212165690522547301e-01	3.832634141175504716e+00	3.103785206204175973e-01	-1.160885765849031026e+00
nan	-1.648048621124064361e+00	4.878937626250895443e-02	1.795984324834194457e-01	2.415327995659732441e+00
nan	2.549706509371715946e+00	-2.688264899558307608e+00	-2.599264907507540245e-01	-1.440118395034481358e+00
nan	-7.184606318409297865e-01	3.138636032840795842e+00	9.422236698064878624e-01	3.681880492878676359e-01
nan	-5.217806821820375474e-01	-2.728223473135836796e-01	8.162523718900944747e-01	2.766478257830720100e-01
nan	2.483468450408246042e+00	1.202159677858201547e+00	-7.865811274631259176e-01	-4.417645393037551993e-01
nan	-1.418119034883182694e+00	2.527369589461761823e+00	8.526522063171380061e-01	1.892569453201508045e+00
nan	1.023870912807863132e+00	-1.915232793088805785e-01	9.072271750082259167e-01	1.032813662964818802e+00
nan	1.026160223778657787e+00	4.055536599887555882e-01	-5.170346861089306634e-01	-4.450405877954960454e-02
nan	-6.546923528506434775e-02	9.204146731138824755e-01	-3.061810792529000569e-01	-3.216299744717407538e+00
nan	-1.046184451409029936e+00	2.215277355033920259e-01	-1.008763663551497380e+00	-1.246745118286094467e+00
nan	-1.763686810393361171e-01	-5.621832820441230449e-02	2.722743935093014489e+00	5.688483350459769966e-02
nan	9.456679452210154935e-01	1.994713810860944680e-01	4.836236265305037807e-01	8.343748876919162560e-01
nan	6.235621726162534628e-01	2.245555677907657088e+00	-2.283579803620644499e-01	-1.151521842807088358e+00
nan	-2.530844143362836807e+00	7.641034361269138930e-01	1.048185911445159046e+00	-7.927855354090149742e-01
nan	-4.202665915516741180e-01	-1.760150687519316248e+00	1.043824314231878159e-01	-9.694111254382119236e-02
nan	1.143148848542239193e+00	-3.927919415813504456e-01	-1.412045985863229269e+00	4.312469601233285821e-01
nan	-7.124410139998849090e-01	1.106578850156488825e+00	5.876812305554446336e-01	8.976801452911093993e-01
nan	9.272307523817403530e-01	1.737326682436649561e-01	3.697450300141255086e-01	-1.024688428523442330e+00
nan	-1.430672870968184629e+00	6.879553928712252020e-01	1.914869751141132226e-01	2.524539032545331518e-01
nan	-2.258406450249407449e+00	-2.696582710802204463e-01	-2.123270221468951391e+00	-8.616875279778264396e-01
nan	-4.662498606425585779e-01	-3.155220580028083699e+00	6.510338019500444551e-01	-1.269441967685892014e-01
nan	-5.073929037957683463e-03	-2.788005494932133566e+00	-7.188660370306034775e-01	1.251249620602731039e+00
nan	2.047842001592271366e+00	1.288785749174775064e-01	-1.839444941043009374e+00	-5.345464715570267256e-01
nan	4.888480198228426499e-01	1.443864320417806324e+00	-1.110543745422806206e+00	6.086424510817998318e-02
nan	-6.746525441296692405e-01	1.475146457408000877e+00	-1.684940510694828975e+00	-8.218777835374325713e-01
nan	-1.597571205550786910e+00	-2.125956899374163100e+00	3.047047382408465954e-01	1.102742509934958814e+00
nan	8.015747830511104066e-01	-7.366257918586183173e-02	6.184333350338104829e-01	-1.189164977801475898e+00
nan	-1.481217525783152134e+00	4.796000647053845767e-01	-4.099809389711620011e-01	-4.989570238887376941e-01
nan	-5.633505777093896771e-01	-2.722623271546327217e+00	-9.304912819205789498e-01	-3.774033592040913487e-01
nan	2.415554299222218426e-01	2.467084802127098575e-01	4.163010126675231737e-01	-5.243906700145731792e-01
nan	-7.333361478211788409e-01	1.521878075693746224e+00	-2.051202278726098616e+00	9.974789616635173495e-01
nan	1.562307854568506293e+00	-1.753489255444870443e+00	1.118628572034385121e-01	-5.775757029500325768e-01
nan	5.586488245873504344e-01	1.009728195659350902e+00	1.096090720988353029e+00	-1.259158061239442183e+00
nan	1.931143155266317191e-01	-4.241838621097138162e-02	-6.159717694808068966e-01	-6.115497976814526782e-01
nan	-1.301645441639085465e+00	1.243950083635252835e+00	7.329678335081498686e-01	1.555219465056084660e-01
nan	9.276843202919538012e-01	-1.359051243757812166e+00	4.626171455033420976e-01	-1.935634061810549700e-01
nan	-1.440422315097861894e+00	2.008206643301241101e+00	1.503377859486656476e+00	-1.454243711760085489e+00
nan	-6.543184008953749631e-01	-2.022540988762726144e+00	-2.398113599570010024e+00	-5.893820580302110423e-01
nan	-8.823283176833041086e-02	-2.921700157865563252e+00	-1.011073510272159970e+00	5.808290775746928203e-01
nan	6.630493290986290145e-01	1.572317807895241337e+00	2.146743403083180901e+00	1.244672239682751869e+00
nan	6.317127850448120974e-01	1.667429580570903402e+00	-5.658388885793521617e-01	1.741139945746490725e-01
nan	-1.583410166736728131e-01	-1.412489815609443422e-01	-8.395665218341087366e-01	2.541854651132608556e+00
nan	2.325314866483067178e+00	-1.510969033597450994e-01	2.254755500228778076e-01	-4.280649676822118055e-01
nan	-3.609426725630476840e-01	2.567714187424706473e+00	-8.743085589832960691e-01	-4.897275401645499043e-02
nan	7.846217581854875167e-02	-1.366305349524682633e+00	1.938027874897947811e+00	-8.195115801208471273e-01
nan	-7.507681709567813888e-01	-1.629736416048831460e-01	-1.862232659997777429e+00	1.244991586767805053e-01
nan	1.639902634226811040e+00	-3.444960276802888632e-02	2.834277445527025319e-01	-4.001475619414207041e-01
nan	-9.550674680557578178e-01	4.915433536624524979e-01	5.182049018327665735e-01	-6.009192271955104969e-02
nan	-6.004516770542782655e-01	-9.389063068472890405e-01	4.845390018566958501e-02	-4.088813429618379791e-01
nan	-1.334803051367745796e+00	7.493387865865384079e-01	-8.341619908499767755e-01	-2.912101921324753984e-01
nan	-1.145856793583022615e+00	-1.928406732086595632e+00	5.032994808712099033e-01	-5.660562164575217992e-01
nan	-1.276580393603906849e+00	-4.998879560152462709e-01	1.127068198136190968e+00	1.336145775279493852e+00
nan	7.334789795495716413e-01	-5.463908336785133768e-01	5.388971036837183481e-01	9.754534819187948846e-02
nan	1.872731172939454458e+00	3.057614918815714233e-01	-8.424674847056027316e-01	2.440845081672238792e-01
nan	3.898298430648839963e-01	2.760334406422064735e+00	3.754434854418083889e-01	1.550279547136276248e+00
nan	2.285406931637859795e+00	1.261858424727997141e+00	2.164199981313296994e-01	5.709327941645131466e-01
nan	1.706494508155002254e+00	2.787218982397388523e+00	-2.399592408633561755e-02	9.867606569718675447e-01
nan	1.222475224866869326e+00	3.037124048817779087e+00	6.295650315771371408e-02	-2.061419852650607232e-01
nan	-9.525115771793370156e-02	3.100730082891248740e-01	-2.044621195912693867e+00	1.143143000370893780e+00
nan	1.924844237521992296e+00	6.828541429659250594e-01	1.582492450260989392e+00	1.191756523185886207e+00
nan	2.359349199003085040e+00	2.104856123191271688e+00	1.643100434772768945e-02	-1.776529123382875608e-01
nan	-1.891548140445303394e+00	3.002761671317968784e+00	-1.191426401641385135e+00	9.409925861094565747e-01
nan	2.673189624055927194e-01	-2.754029989318901972e+00	1.466421494210189858e+00	6.893231768687206606e-02
nan	6.357730065548412579e-01	2.657400593975191017e-01	9.526558976728786154e-01	1.196215563308271196e-01
nan	6.104679324341811403e-02	2.862856095330113537e-01	-2.627002043977434420e-01	1.805855149300834350e+00
nan	1.628668053250881931e+00	4.003525986892053634e-01	-1.314434731638551401e+00	2.145069024981373640e-01
nan	2.417856495782237491e+00	5.264931085011619327e-01	1.198630703856723434e+00	-1.331675117514239670e-01
nan	-9.463439657302725738e-01	1.686301827037131051e+00	-8.407624124778111108e-02	-7.991641063378858156e-01
nan	-1.239377918766168429e+00	-8.837671359290977247e-01	-1.638585566594105147e-01	-6.723537394027585545e-01
nan	9.683548469420373284e-01	-1.443682350385695701e+00	-7.573654282829166418e-01	4.251754850947156994e-01
nan	1.124157227619398736e+00	6.609509487117207760e-01	-1.114738314253800988e+00	3.935746129845070218e-01
nan	7.775647937254981379e-02	1.053867350238974598e+00	8.460872434942002807e-01	2.270547415166203620e-01
nan	-8.120434097942530460e-01	-2.313287163059619123e-01	-3.475914946793076665e-01	1.228387662158826554e+00
nan	9.106990971047315142e-01	-2.705477995114257128e-01	1.657861141028001972e+00	-8.703955801351489496e-01
nan	-2.239996110464362644e+00	1.695483104079928971e+00	1.598064697267649770e+00	-1.252706452104496826e+00
nan	-2.777750499325489786e-01	-1.765871032504767957e+00	9.614145602070189867e-02	8.227862242990889863e-01
nan	-2.414633732246077580e-01	1.112982099987782081e-01	3.525494373552265914e-01	-4.012266675353687861e-01
nan	-5.314884918893819643e-02	-6.514079193975903515e-01	-1.808280304923471082e-01	-1.150723687763961278e+00
nan	-1.686392703043031460e+00	7.626071672672372070e-01	-1.911250664445954150e+00	2.389767113278817579e-01
nan	9.663446581025256776e-01	-2.477298670428240701e-01	1.391576996625835561e+00	-7.222316692387517056e-01
nan	-1.581487683997350402e+00	7.382255560825147223e-01	-7.474422327951895095e-01	1.129233381296421701e+00
nan	8.700546695035930034e-01	-1.518552751934436618e+00	-1.753350466849260769e+00	1.442666760474014431e+00
nan	2.713870156369737607e-01	3.122416073291445215e-03	1.523280981001663703e-01	4.815311214343571122e-01
nan	2.779289498152037741e-03	-4.890039481974312041e-02	-9.331859139039466733e-01	-7.167854831201611043e-01
nan	-1.794079987663142806e+00	-4.635814471440000695e-01	3.403801967708386389e-02	9.456625774601131740e-01
nan	1.528731825967236224e+00	-2.425167550216620338e+00	-9.971965816019336959e-01	1.432460856885363398e+00
nan	-6.455358849986079228e-01	2.502917199531457193e+00	2.183348845991250897e-01	8.486326316186672269e-02
nan	-1.115152379929132520e+00	8.964960803401043066e-01	6.170788145595659246e-01	9.707875100281211367e-01
nan	-7.505794440416102553e-02	-1.754590054309844271e+00	-1.764500299479323742e+00	4.913271274919243647e-01
nan	9.959519914472874103e-01	-3.406813640779714492e-01	4.254077124325775783e-01	-1.162795569264101214e+00
nan	-1.851425630539747180e+00	7.753860862517382158e-01	-4.660133502249403370e-01	6.174949058411693947e-01
nan	1.257042718881097310e+00	-1.157953475652719000e+00	1.151744635594179167e+00	6.491267257624816489e-01
nan	1.386634318021863432e+00	3.429910690093018744e-02	7.771387002378252751e-01	1.003042643016778035e+00
nan	2.963265696387430204e+00	1.222269750007970002e+00	2.842845098869179465e-01	1.927265588433478005e-01
nan	7.046205442248613116e-01	2.805798804175213768e+00	4.017447081282009003e-01	1.565223513651428533e+00
nan	2.719334487190002925e+00	1.482757604918586436e-01	1.740106005614006079e-02	-1.444122042649442328e+00
nan	-2.820288587505742406e+00	1.682960311121856511e+00	1.011398780318851498e-01	-3.308805758767393024e-01
nan	-2.480105034392866836e-01	-3.902428920895770759e+00	-5.929214622476435270e-01	2.245658745508765097e+00
nan	2.731761868959063921e+00	7.098262407960982401e-01	9.851193403582585162e-02	-4.563654738036030389e-01
nan	-2.137106778559838105e+00	3.456788261569867515e+00	-1.290601004662468743e+00	7.294361008864818086e-01
nan	-1.419263049104259045e-01	-3.094754525273410106e+00	-6.450951167571628009e-01	-1.192480622283065506e+00
nan	-1.282285854560690330e+00	2.950159741325222296e-01	1.202866778202476672e+00	2.257279618020864020e-01
nan	9.743188096981006963e-01	-2.208148394102356971e+00	-4.385429249790177009e-01	1.268828331324635128e+00
nan	1.851665450998870588e+00	1.021804817594643700e+00	1.474267702363217358e+00	-2.671926973251625426e-01
nan	-7.127083496672592666e-01	2.461689617053431700e+00	-1.679977987997456790e+00	-8.125436052557110100e-01
nan	6.438288939428393753e-02	-1.926739202891894376e+00	1.024274779643704059e-01	-1.404074988850434469e+00
nan	-1.476393830478448743e+00	1.193789841004865737e+00	1.467611144686365332e+00	1.691768952428672756e-01
nan	9.650938067152087241e-01	-1.627078720260688893e+00	-9.282502509997496709e-01	1.599539129027173878e+00
nan	1.261033691541596280e+00	8.999662292531447338e-01	-1.139457744281372475e+00	-7.218885592215562585e-01
nan	-1.216595538428532297e+00	-3.253015369417808778e-01	1.203673248429442122e-01	-1.067377619782150955e+00
nan	-7.380470179054039459e-01	-2.218676344499178832e+00	7.958622460268854892e-02	1.424226523579760484e-01
nan	-2.407525859300858162e+00	-2.469915865899104723e+00	-1.441764640340019721e+00	-2.668391759418957676e-01
nan	7.445903560496641704e-02	-2.627670187087932430e+00	1.114802235517846851e+00	9.879144056576908417e-01
nan	-9.988364707095843675e-01	7.744258463204629628e-01	4.418270870852001320e-01	9.077958354490283099e-01
nan	7.580056950461140364e-01	-9.890192704830146342e-01	4.281411810254186490e-01	-1.500497207633838093e+00
nan	-2.857545412401604423e+00	5.604635051289108549e-01	4.026838476326600191e-01	3.417344708780274687e-02
nan	5.344973871643379226e-01	-2.574394631517557652e+00	1.137866115295078195e+00	-4.455749674076047162e-01
nan	-9.540378556508168906e-01	5.111236555493423594e-01	1.513234794924265492e+00	-1.602322393590106087e+00
nan	-1.882834291682240924e+00	-2.336315421049977026e+00	7.908363706555887607e-01	-2.740243644599884426e-02
nan	8.629545195697455595e-01	-1.295460020970014892e+00	1.158283430326476404e+00	-3.823508749031588327e-01
nan	1.020131602102103185e+00	4.062012215543139848e-01	1.303279196559633313e+00	-2.203718737912583769e+00
nan	-1.368367937249843624e+00	7.016613395717944401e-01	-2.721330014405925479e-01	7.445177958057825895e-01
nan	-3.535502194181637803e-01	-8.574424046982139780e-01	7.400733380618806923e-01	1.291257678011831223e+00
nan	2.606454111614072033e+00	-5.379685744792318536e-01	-3.315286425344205479e-01	-4.608460914116241924e-01
nan	2.067526979182258695e-01	2.731217926608763502e+00	-1.872253995034353913e-01	6.136778811091294639e-01
nan	6.827547247915034534e-01	3.699322922486864007e-01	1.596880044329524129e+00	-1.169664748643293839e+00
nan	-9.475757280220021839e-01	-7.921468913426882308e-01	-9.354213409348197672e-01	-7.994607744438069208e-01
nan	-7.506350994386601361e-02	-1.117143351902340820e+00	1.172039049355166340e-01	2.364628598905905432e-01
nan	2.158570388546073193e+00	-1.327750210788493757e+00	-5.457311622404281692e-01	1.498129832442872678e-01
nan	-8.110387618162454570e-01	1.300767636389593918e+00	-1.603891573185254327e+00	6.379582052311610907e-01
nan	1.842045654761031326e+00	7.267687748916705770e-01	-3.070966432896993226e+00	-1.383321847927014570e-01
nan	2.006799631396105899e-01	2.177614555638744065e+00	9.913459817077094893e-01	2.429101732015187309e+00
nan	1.802034805568837328e+00	1.162248704002088795e+00	1.996412980168250084e-01	-1.465270490217963073e-01
nan	-1.122119506198631989e+00	1.146762339751043802e+00	-1.204109469332937499e+00	3.208554744801250802e-01
nan	5.714300480522541692e-01	-9.062588768465951183e-02	-5.661565809684123707e-01	1.830016436774519750e-01
nan	3.533773384850777410e-01	1.364954355419023324e+00	1.951835099140179497e-01	1.517040825827108141e-01
nan	1.393113800933956536e+00	6.827097767374668003e-01	-4.405282005176052174e-01	-7.621723041529282483e-02
nan	1.305045927008825768e-01	1.109348204268576943e+00	-8.318312312220299543e-01	8.928689369793704200e-01
nan	1.613995447671236594e+00	-2.384031397708842037e-01	1.001855122079158722e+00	2.540004831642106997e-01
nan	6.492066171997936674e-01	2.037812214250612985e+00	-2.602548993753257545e-01	1.693337150181651873e-01
nan	-2.377752649954031905e-01	6.437494232623940382e-01	4.795257334826701356e-01	6.883357933777286553e-01
nan	7.811988084009350297e-01	1.707827077370065005e+00	-1.872749227575890296e-01	1.402018893251382181e+00
nan	8.500715582177071905e-01	6.486650001640927865e-01	-9.428194076764536691e-01	2.173255986109767335e+00
nan	-1.220494760233554743e-01	2.360087598642489404e+00	3.274083283024297186e-01	-9.573972249421662528e-02
nan	-1.899451915971957505e-01	1.376481911105980949e+00	-5.685916043449688040e-01	-7.671992588751843645e-01
nan	-3.236611885270825328e-01	-1.073221869592346556e+00	1.314482651520389345e+00	-1.961780298515772292e-01
nan	-6.081210349050591990e-02	1.651486603572960843e-01	1.437074365436576517e+00	8.765622589427002342e-01
nan	2.124450617989145362e-01	-1.035733042472133825e+00	4.327971785282382911e-01	-9.846755961335892371e-01
nan	-2.410994127394628705e+00	-8.667964408595646431e-01	5.888029844739341989e-01	1.302760304730465890e+00
nan	1.471883541627361902e+00	-9.400177820803170547e-01	2.768470877727038371e-01	-3.705706693684368003e-01
nan	-1.510761595003065894e-01	-8.128310077288647406e-03	1.217047267052334902e+00	1.669924323357818263e+00
nan	1.478742304504451432e+00	-1.152387725691998988e+00	5.698354901405188189e-01	1.654520891139914796e-01
nan	-2.762381739694775851e-01	1.177461214746263085e+00	-1.226271839280425491e+00	1.629988314277026173e+00
nan	2.263620337939165506e+00	-3.830841743159941748e-01	-9.555964556041118829e-01	-1.166908866239732279e-01
nan	-6.663303597328142924e-01	6.389349673742761304e-01	1.199422377691431896e+00	-1.063120577865007466e+00
nan	-1.234793134850734386e+00	2.954788440045260645e-01	-3.290784688968725891e-01	1.673226006417340761e+00
nan	2.013892526803338967e+00	-7.651927475621356223e-01	3.295982971028822428e-01	1.697054532570524965e-01
nan	2.044176420962284357e+00	1.522190261249215748e+00	5.929333193720299766e-01	7.176431102265810047e-01
nan	7.046390690810246937e-01	1.704088168971486184e+00	5.258543590620475827e-01	2.817215491067824318e-01
nan	1.468933494935594330e+00	1.844278574633821277e+00	-2.401215567702097431e-01	-1.513121734346931924e-01
nan	-2.130542628657587367e-01	1.885899926451641395e+00	-5.720647396305979931e-02	-7.248459196678266325e-01
nan	2.352539670947214612e-01	-6.608937413524760274e-01	-1.332736267086316984e+00	6.276254994114228714e-01
nan	1.180369672599281605e+00	-1.431286607379993026e+00	-8.549708197745475857e-01	-1.566518722840090083e+00
nan	-1.454572355384000426e+00	1.013563834702242428e+00	5.095544402200066214e-01	-2.471676189358077202e+00
nan	-1.894534399188337215e+00	-1.929787449357529105e+00	5.435219126862974592e-01	2.151568106213820608e-01
nan	-8.104119929985292847e-01	-1.747837588432871181e+00	-6.474611724671610613e-01	-9.183726464129271516e-01
nan	-2.123206686670704890e+00	-3.024593720150260623e+00	1.935261340596975188e+00	8.894102081210109034e-01
nan	2.604586497067872264e-01	-2.153047535405726798e+00	-1.519329813010406260e+00	1.131559821128864107e-01
nan	1.975835041149267557e-01	3.810576086157279052e-01	7.828010672674913240e-01	-5.992041861182864082e-01
nan	7.774247240653076041e-02	1.333520089139989873e+00	-3.424706204385936092e-01	-1.162723447749681283e+00
nan	-1.112776845869553055e+00	-3.789399603798820348e-01	1.477276151869577614e+00	9.691692806778551272e-01
nan	9.882176818231569460e-02	7.383863726498036684e-01	-3.500986725660117371e-01	5.517864764633764185e-01
nan	-3.539049971703460695e-01	-1.100123705903706561e+00	1.914609622643150599e+00	1.834817636569435972e+00
nan	2.871486082409181240e+00	-3.316892245262055283e-01	2.089643638940886783e-01	1.160506287592298014e+00
nan	1.043858173639838460e+00	3.314133531569953384e+00	7.558193827013069965e-01	1.255364638569851810e+00
nan	1.440911177216808170e+00	1.925940355791001091e+00	4.977461359940166252e-01	-1.094046635801320333e+00
nan	-3.119029640181845586e+00	1.156208359737617375e+00	1.587259787203988193e+00	-7.322741824577176928e-01
nan	-4.898570716357563137e-01	-4.065504679916641884e+00	9.585505186662353072e-01	1.560821819419992096e+00
nan	2.117084288835170636e+00	-2.212912385374526947e-02	2.528690592375636981e-01	-2.969791774926599515e-01
nan	-8.178449036417589912e-02	3.427218011754930238e+00	5.708551563014507835e-01	9.563009512732006945e-01
nan	4.682636166889425078e-01	-8.794268300190967169e-01	-6.467273645780888813e-01	-4.723408643612395791e-02
nan	1.045602483025458884e+00	-6.706102868160175312e-01	7.926161847590358633e-02	4.279629478489306860e-01
nan	-2.858832698743629663e-02	2.000873703802509507e+00	8.547173928035980972e-02	3.109619865861751320e-01
nan	-1.516561782234726041e-01	-2.736787196395632726e+00	6.271153960303152974e-01	4.708656112712328486e-03
nan	4.423007525193512479e-01	5.155115865607884373e-01	-1.219169167963803257e+00	-6.828136727343232515e-01
nan	-1.379866481464944616e+00	1.178833688518011069e+00	-1.020492006211142222e+00	-7.506308178709968359e-01
nan	-9.314513158094880341e-01	5.465266408476536775e-01	-3.831354365148822438e-01	1.208850577801576787e+00
nan	2.626713163398610273e+00	-4.316779175955581249e-01	1.728565657150336943e+00	3.623360630682737060e-01
nan	-6.660691087727999005e-01	2.561455583798875058e+00	9.430889138857279086e-01	3.713229586210450850e-01
nan	3.154186504627586318e-01	-1.449146188939396396e-01	1.711622708224450062e-01	-8.662054653313155939e-01
nan	-7.603014202509517094e-01	1.085638456200026969e+00	-7.927020907698298369e-02	-4.346419112314723332e-01
nan	2.421934684037592156e-01	-2.598276499152192720e+00	9.032312860110659480e-01	5.231237941799207203e-01
nan	1.571112174464194711e+00	1.344998927545280332e-01	1.405728384746146142e+00	-3.530011571799370612e-02
nan	2.105948744572845310e-01	2.177568798147393903e+00	-1.115900694392057621e-02	1.433976123615624765e+00
nan	1.676901484837767686e+00	3.117842567632101436e-01	5.869431807897146358e-01	-3.005711174887567561e-01
nan	-2.056439953090407613e+00	6.312981947988289821e-01	-9.304925948672613245e-01	-7.050027979566352299e-01
nan	-1.667258385596929404e+00	-2.847615175116988251e+00	7.329979888636559693e-01	6.623234168068781180e-01
nan	2.334575522911761514e+00	-1.770738744098139916e+00	-1.189485748619401040e-01	7.859326879187650272e-01
nan	3.083317499707313836e+00	1.227295935086370804e+00	-4.526827482596478269e-01	4.904476757189686342e-01
nan	3.564121580772791065e-01	2.631228101787425722e+00	-3.043886707871316100e-01	1.992261947523261967e-01
nan	-4.718508809174211116e-01	3.889466166400568636e-01	8.846057499978774441e-01	9.328942237234636448e-01
nan	8.479407981625882718e-01	9.099137862888515560e-01	-5.922861206724484573e-01	7.459426425340728861e-02
nan	-2.413886737702074237e-01	5.464947689168107026e-01	-1.359410094405874458e+00	9.941649727077865248e-03
nan	1.156895007438724088e+00	9.270185649870344990e-01	1.742922605757327936e+00	1.523801046197487796e+00
nan	1.531242991333930048e+00	8.492860783408120451e-01	1.806137459432669568e+00	-1.420966472995429108e-01
nan	-1.144064373172368754e+00	9.286264256546817863e-01	-3.119031605166936671e+00	-1.184517779223675626e+00
nan	-6.372331586909674161e-01	-1.521316912469372173e+00	-2.734200141456789163e-02	1.659100340854169797e+00
nan	8.344609698402135622e-01	-1.533722319619776342e-01	-2.024243768785068731e+00	9.636436677881929369e-02
nan	9.412415799861963972e-01	1.312953800418095174e+00	-3.799106178406967405e-01	2.124570366668595778e+00
nan	2.443914514938647642e+00	2.247433074892065452e+00	1.920119599598174798e+00	-9.929127358107624202e-02
nan	6.923721647732660189e-01	2.511094810970551539e+00	4.018930988347084732e-01	-1.687846146259965735e-02
nan	1.359130574806861391e+00	-1.061571055831440624e-01	8.169667100667460380e-01	-4.876776175490773468e-01
nan	1.618786983456467210e-01	1.935484596417503145e+00	-1.336936175468267929e-01	2.779900159552505801e-01
nan	7.813476154611713742e-01	1.478629168027837670e-01	1.546689425107772742e+00	2.008894982856623823e+00
nan	3.499660156539230460e+00	-1.098953442322662344e+00	5.289033048206196463e-01	1.930479481381963902e+00
nan	1.804639935099674464e+00	4.465718206509993848e+00	-4.783700836751751950e-01	-2.065874766780958216e-01
nan	4.632177138960411611e-01	1.034955933317575516e+00	1.897162654942960158e-01	-1.663677474991513694e-01
nan	1.714773167721570735e+00	-2.997881608011908616e-01	2.447321640393216313e-01	2.375380758933763659e+00
nan	3.150540472210154874e+00	1.388940840881810246e+00	-8.488512355625409400e-01	8.603353381892627771e-01
nan	5.390296169699289042e-01	4.154087468860870658e+00	-1.190154852798906093e+00	-2.547591543595214558e-01
nan	1.543509946608515815e+00	-6.971815837320221032e-01	-1.230357580325111888e+00	-8.962601034550727874e-01
nan	-1.161308187941491488e+00	5.486438395248689481e-01	1.589560089801206777e+00	1.386130601287588471e+00
nan	1.294025217110331916e+00	-1.682346825855534078e+00	1.025396335078909926e+00	1.297393123627521572e+00
nan	1.522264911252759090e+00	1.681289193705034046e+00	3.523330620384450551e-01	-1.243047455410942081e+00
nan	-5.106035664881557468e-01	1.052246959139740312e+00	-3.205960933216022712e-01	2.026679313667095528e+00
nan	1.643972508862183712e-01	-5.685590659031666272e-01	1.146371188439042843e+00	1.535046569055025900e+00
nan	1.917312291128780100e+00	-5.831368565297521123e-01	1.319879219462916975e+00	7.141461703133429317e-01
nan	1.767855677424836180e+00	3.611186628314094982e+00	6.448747439470911003e-01	-7.008527669669435689e-02
nan	2.433607960721745567e+00	3.682554097694307416e+00	-3.367513055294595048e-02	7.600238583249180335e-01
nan	4.264221984067260163e-01	2.919528404252263787e+00	1.288666400875559281e+00	-2.859077596472071381e+00
nan	-8.266234114091695062e-01	-1.314430504295597268e+00	8.090167321310876014e-01	7.793381286748513048e-01
nan	1.868758132417221107e+00	-2.089264960393144577e-01	1.365356460909655567e+00	2.440310360235759535e-01
nan	4.621374921681239423e-01	7.125694242999078831e-01	-2.064337173602615039e+00	-4.124083302209856638e-01
nan	6.236423014515976027e-01	6.813649886372057374e-01	4.208563411473819488e-02	3.305469244684529628e-01
nan	6.527470013820029227e-01	3.609217903977127717e-01	2.971749294214124371e-01	6.820192815060088787e-01
nan	1.313643144969193433e+00	-2.344979429776974378e-01	1.021159706913918885e+00	3.099065241791202907e-01
nan	7.999351367164171389e-01	2.412378678883201566e+00	1.302655556216689714e+00	2.633350490648005415e-01
nan	-4.626802658999557005e-01	2.335708535047770429e+00	-4.462971369658314535e-01	-1.112626068989804429e+00
nan	-1.123378856574529738e+00	-2.871920805029034574e-01	3.856884849611721261e-02	4.490306295696133709e-01
nan	2.186655158989695424e-01	-2.296338625399605871e+00	-1.537538719226937134e-01	7.496816132906312935e-02
nan	-1.076153932025280674e-01	3.261489654931322146e-01	2.044194277645192126e-01	-2.690514437625761701e-01
nan	4.916961753366592136e-01	1.527142561296784273e-01	-4.315389346002558579e-02	1.180530766010586374e+00
nan	5.827326378971653398e-03	1.348220373166695296e+00	-5.087929089170016572e-02	-1.359673660697547026e+00
nan	6.311518245691631890e-01	2.767060958431886153e-01	-1.941662093157946689e+00	3.522621528980950101e-02
nan	1.894642174153162273e+00	-1.810058122322413254e-01	-1.219894856374306585e-01	-5.334846589340221934e-01
nan	-9.555694961789629183e-01	1.146824896923422710e+00	-4.708014946923317345e-01	-1.273475261005272197e+00
nan	-6.564650493630000971e-01	-7.035329019159848318e-01	3.983932768551921577e-01	6.648326742324862648e-01
nan	8.181428037666310660e-01	-8.467438195618849361e-01	1.115611201349351767e+00	1.156597337589817309e+00
nan	-2.555839480329007429e-01	-5.541100475153323268e-01	5.353590594842982942e-01	-2.409114219881299257e-01
nan	-1.197366192732520762e+00	8.336397668295090213e-01	6.382998132855647322e-01	3.302863697866796622e-02
nan	-1.271173431443609392e+00	-1.829789976680553654e-01	3.260330227076245202e-01	6.591533770973554418e-01
nan	1.037617685865808825e+00	-9.741560002912741378e-01	9.929610137527955516e-02	-1.795713925709371050e+00
nan	-2.413628906392180529e+00	1.946065130282506273e+00	-4.823206955088548131e-01	-7.469551150885572754e-01
nan	-1.334616605409610468e+00	-2.196712613865261066e+00	4.156497007792768206e-01	1.732436868677105501e-01
nan	-1.591492797714424423e+00	-2.373078184083718956e-01	4.917689262213798540e-01	1.146046975591461292e+00
nan	4.132516008565932930e-01	-4.183261776482918304e-01	-2.140921999560727595e+00	-1.430005142958205688e+00
nan	1.608648207943073061e+00	2.746914861427797394e+00	1.135473944568638593e+00	1.002887748202252238e+00
nan	-6.580517573469444326e-01	8.784038613381113247e-01	7.827685585678811897e-01	-3.300489398588159207e-02
nan	-1.000131518242425299e+00	-2.910741551731654830e+00	3.358575361268712478e-01	9.879435221477432805e-01
nan	9.240187055693444007e-01	1.717794904623917152e-01	-9.658342292778879790e-01	-3.172190410919258907e-01
nan	-1.128055763924463495e+00	2.578428818277145762e+00	-1.158196780621066013e+00	-3.416176153047604247e-01
nan	-1.665060703654026586e+00	-2.390392673191614747e+00	-1.882275021358017497e+00	-1.242165530629548487e+00
nan	-1.314477031447156330e+00	-4.068248916510311730e+00	-2.978956126482272190e-02	4.889765795888054711e-01
nan	-6.897327336198550984e-01	1.056470777604549438e+00	6.833084188903835177e-01	7.016596559746109962e-01
nan	8.711465101082704887e-01	-3.578795497608642240e-01	4.735984001020241974e-01	-1.609288670753705075e+00
nan	-1.105538308327210339e+00	6.932307347728242641e-01	6.363883361162768759e-01	-7.026378660331354942e-01
nan	-5.507912686369118571e-01	-1.271179211414459331e+00	-1.698312606216843212e+00	-1.018618689247606568e+00
nan	-1.445415084137669171e+00	5.362760376877420132e-01	7.077616473473740122e-01	8.561758611736910440e-01
nan	-1.394318560960133846e-01	-1.715793464293316362e+00	8.892492652523462104e-02	-2.686521294260000303e-01
nan	-8.295543157828915160e-01	-4.990935314714459170e-01	1.598357071022759868e-01	-4.105842670806472694e-01
nan	-6.379597949002833168e-01	-1.936437905355778755e+00	-1.648177226037045862e-01	-2.955734768555270398e-01
nan	-1.027924157125288840e+00	1.089746359157772071e+00	3.465546060422785013e-01	2.134231903214053094e+00
nan	1.197268967326845068e+00	-1.399505787497921316e+00	-1.081084634862058191e+00	-8.629656687113480551e-01
nan	-2.066126013596319311e+00	1.928999930951131647e+00	-1.161972805218383753e+00	-1.665225369615104534e-01
nan	-7.907550666187498356e-01	-1.738009592567419936e+00	7.826277567360160337e-01	3.482455779183218914e-01
nan	-1.542853780930580898e-02	-5.974846040742247677e-01	4.000984405601931138e-01	-4.477462682846851394e-02
nan	1.992438127950906246e-01	1.114967595415226054e+00	-1.226806814114124802e-02	1.157123913678213212e+00
nan	1.565990955719458455e+00	5.938529262146581278e-01	7.284721148600020735e-01	6.243984181295467728e-01
nan	1.807962464819109716e+00	4.458539381205897101e+00	1.949604966676926621e+00	2.487703737966651119e-01
nan	-3.418932841842593495e-01	2.075835175378194286e+00	2.465261251275283338e-01	1.221690848399079043e-01
nan	-9.602747951204610999e-01	7.374328556338020091e-01	6.555930810772921946e-01	-2.190866464539670488e+00
nan	-2.975348969915377673e+00	-5.365440273282040540e-01	1.427493188446861683e-01	1.420274034207460678e+00
nan	6.386027136390752812e-01	-2.855399750390149816e+00	-1.173159962680559928e-02	9.266883918697095268e-01
nan	1.144460739156211382e+00	1.907375416411925428e+00	8.316397478411585720e-01	1.461876036250061794e+00
nan	-6.811082163053154837e-01	6.585557452289900748e-01	2.105418607652317364e-01	1.150825318806612652e+00
nan	1.073651093605858753e+00	-4.676155576493942756e-01	-2.780424078420157818e-01	3.352830243968985546e-01
nan	1.015847558396801409e+00	-8.222587682019919519e-01	-1.803124950607742250e+00	1.991306217465608486e-01
nan	-8.786438045807479225e-02	-1.427700712649101034e+00	3.259471413790510086e-01	1.040267956416314421e+00
nan	1.340149168303598426e+00	-6.322189250825319129e-02	-3.685890340731704518e-01	-1.218626516832652218e+00
nan	-1.517215924681351913e+00	6.873832979455986036e-01	5.141249442001779441e-02	6.351684236336531120e-01
nan	-1.854549472032853696e-01	5.847065772491288893e-01	3.449778106927243737e-01	5.682008317743935111e-01
nan	1.093113345296042871e+00	6.487567920511368991e-01	5.342440889157630546e-02	-1.889948195807817921e-01
nan	-1.294014663119710251e-01	1.955687442305571899e+00	-5.310719598056864443e-01	-1.060867393486431443e+00
nan	-1.032837945846329930e+00	3.841790024273877835e-01	1.585623705853207444e+00	-1.756844143581298923e+00
nan	-1.827126697203402150e+00	-2.643845271720109302e+00	-3.257326398895060149e-01	-7.277795591326020608e-01
nan	1.308418208877151212e-01	-4.625255832156027758e-01	3.152225630664332034e-01	2.705680591868273588e-01
nan	3.604782562594767148e-01	-4.841630714850683193e-01	-9.202195456053381406e-01	1.573657570314327625e+00
nan	3.763605946340899955e-01	9.333179360137057179e-01	4.052224704041862968e-01	-7.442442699634007619e-01
nan	-1.025085019326270386e+00	2.696339260866907228e+00	9.676936632806769634e-01	-1.519020679513682914e+00
nan	-2.757498856392946784e+00	-6.192054742943031709e-01	1.317282888651540307e-01	-6.438891942549662684e-01
nan	1.194479071292432915e+00	-4.196123284916827956e+00	1.459173865281256255e+00	-1.953049056908533476e+00
nan	-1.350542990402381349e+00	9.524982755520535749e-01	-1.488349039455205247e+00	-1.783075584465654007e-01
nan	-1.849975535156624717e+00	-1.064078104580445494e+00	6.815823025621127185e-01	1.657028241972087756e-01
nan	-1.447949686225924015e+00	-9.130665938045132712e-01	7.249541882056401709e-01	3.452821586062188586e-01
nan	-4.034272998884063655e-01	-1.699454001749134857e+00	4.198531761663031325e-01	4.452860511877776428e-01
nan	1.379727176560740176e+00	-6.467795253664490041e-01	-7.109673914183890775e-02	6.686885128799661127e-01
nan	-3.141819964430514478e-01	1.708726090603190029e+00	-3.254325314842475558e-01	-8.195196411214091814e-01
nan	-8.837519200848942269e-02	5.463387958631458208e-01	2.850023670597786052e-01	-1.402182479396773207e+00
nan	-1.309152341576977685e+00	-1.274947194054037558e+00	-6.166854651909968732e-01	-1.626900228315716068e-01
nan	-6.063379480168558100e-01	2.338550866015065566e-02	1.967784245179425850e-01	-1.798592792844568189e+00
nan	-1.363597981875863230e+00	-1.072013717640300179e+00	6.551367830542782489e-01	-5.298465107801800800e-01
nan	-7.952528466078145897e-01	-9.361197389459563478e-01	-3.060257760122038762e-01	4.035500507455964114e-01
nan	1.062279817694341322e+00	-4.294762794271037576e-01	-2.098354680486054669e+00	-1.069982230912921661e+00
nan	-2.460014353613265037e+00	3.497381053178049815e+00	4.169782260339877089e-02	-1.078240889829338078e+00
nan	-1.624018813952157192e+00	-1.372790531673689918e+00	-1.796602038591336159e+00	-8.717781354399853910e-01
nan	-2.468534039378915246e+00	-6.750308526338689719e-01	-7.167480653563678139e-01	-1.163433661254343221e+00
nan	1.702021047511892426e-02	-3.140595088179595873e+00	4.955260419724498155e-01	5.943969268203364020e-01
nan	-1.255627763518705198e-01	2.800092151292052911e-01	-1.090342058631735389e+00	1.566322581657880297e+00
nan	8.818958009615655014e-01	3.679713535164065852e-01	1.536245414039979051e+00	5.817132510086669983e-01
nan	4.299529418066679320e-01	3.853193834852283728e-01	-1.040139384850399917e+00	-1.669377182165323381e+00
nan	-3.456784541604882577e-01	-1.433254682192609542e+00	-1.684828845904354999e+00	7.115816395413496753e-01
nan	-5.301798500499785849e-01	7.236874376479647264e-01	-6.822467996713067473e-01	-4.168840619382077617e-01
nan	-5.296612196669930883e-02	1.953595993057221092e-01	-1.274796672167731182e-01	-1.893261205152977800e+00
nan	1.198008374716759139e-01	3.439911056231091946e-01	-1.617230348910714932e+00	7.474523381557973689e-01
nan	-1.028342726982871547e+00	2.367826407339042483e+00	-3.214720522804582759e-01	1.543304737834445994e+00
nan	1.399511205962673532e+00	-1.187871154213112845e+00	1.849873009653842715e+00	-2.189186164636000576e-01
nan	1.271500470348052803e+00	1.739721123366463118e+00	2.707875289496052273e-01	-9.942279568058667305e-01
nan	3.283659039842878880e-01	3.835053375021195698e-01	1.247580556195721613e+00	-1.228867241324381743e+00
nan	-1.891456657789719387e+00	-6.656272699502209234e-01	-4.375041203650769095e-01	8.300066644384156422e-01
nan	1.083822680977042374e+00	-3.102278296631642895e+00	4.576237372558774608e-01	1.402434725228398904e-01
nan	8.962361211942763140e-01	7.702279115295505019e-01	5.646614762679579291e-01	-1.922407752708872875e-01
nan	-3.826108999497352392e-01	4.283893519985115250e-01	1.236769978390726665e+00	8.051504090143348780e-01
nan	8.920780021793158765e-01	-1.999406447432021394e-01	-3.255527821434422431e-01	-1.701741442245130465e+00
nan	-1.796254322099601453e+00	1.527456706137827247e+00	-2.110673657255032420e+00	1.145803752877465831e+00
nan	7.382958110019568476e-01	-2.102197877533419135e+00	3.133421737966728959e-01	-1.146478985424704611e+00
nan	-1.869111469627340316e+00	-1.083137675006042855e-01	5.328815825542111417e-01	-1.138494595585963109e+00
nan	-2.229611562315359841e+00	-1.349343686775525741e+00	-3.399703915468120785e-01	6.618653919565299359e-01
nan	9.996122661359879702e-01	-1.595412483006551696e+00	-1.466209618316189900e+00	-9.063358163822421432e-01
nan	-4.103655825342168995e-01	1.193722369742896472e+00	-2.290917541679544644e+00	-3.459505669679951434e-01
nan	3.257262982470626733e-02	-2.394456956037100515e+00	-6.452371821877119773e-01	5.932628422948859059e-01
nan	1.310177689661462530e+00	4.160762122100801486e-02	-5.815393488042430725e-01	8.779455957657449350e-01
nan	-8.604503181900589048e-01	-5.339081350171113183e-01	1.156070502170881031e+00	-5.985396038754767778e-01
nan	-5.589116309077467593e-01	-2.220788305285639641e+00	3.503671030353371907e-01	-1.444990029871183745e-01
nan	1.686849255542908765e-01	-9.260948445287309205e-01	-9.961154318436372668e-01	2.588958952794903623e-01
nan	-1.828547667846862068e-01	2.296591130232020994e+00	3.769708562067546898e-01	-6.030290648476650528e-01
nan	-7.594713009105382717e-01	4.494493129060543324e-01	1.260222096842450012e+00	-4.533663619165856917e-01
nan	-1.262757654634316884e+00	-7.683340055196095086e-01	-1.094773023260472655e+00	-6.873481772589251637e-01
nan	-1.785721584551441810e+00	-1.366304995800375455e+00	-4.979569256757808704e-01	-1.044104493316483362e+00
nan	-2.344449586603442270e+00	-1.245523162057474487e+00	-9.669330585475802153e-02	-1.418004071362858332e+00
nan	-1.709748919505326148e+00	-9.154868728925436017e-01	-4.521923732494409487e-01	1.994600558786621680e-01
nan	-1.182288473716568644e+00	-1.677583847306777676e+00	7.457071135268488193e-01	2.090216376228639206e+00
nan	2.138979520225466224e+00	2.415174904803094602e-01	5.085147541355066192e-01	-9.184522715239249457e-01
nan	-1.407587856304006069e+00	8.978828987120430760e-01	-1.157249121071380893e+00	-6.563291326220842548e-01
nan	-1.356996234650851951e+00	-2.497058626024525108e+00	-3.411232284549806648e-01	-6.192598625302285775e-01
nan	-1.202078641030312589e+00	-1.408956404403715057e+00	-1.892996402063354067e+00	-7.497451528722922642e-01
nan	-5.193810147597845983e-01	2.732972696991731176e-02	-6.706105546370330073e-01	-1.864608057870840385e+00
nan	-8.651889927798768198e-01	-6.187740312952477728e-01	8.491473408526065692e-01	-1.351001934147641137e+00
nan	-1.808354061934622337e+00	-2.801959136953402485e-01	-1.204250354508086263e-01	-5.408787250461882801e-01
nan	-5.379892513270588816e-01	-1.830462788993086676e+00	1.359111180684965170e+00	-3.797311071703662333e-01
nan	-1.402334840120805781e-02	-1.239330477813471276e+00	-1.338140800696518751e+00	1.754195713762514375e+00
nan	6.536347929838792759e-02	-8.373607848382327301e-01	-9.809531444944689094e-01	1.707427570955933616e-01
nan	2.272181599726842416e-01	-9.682208893230095925e-02	1.245754391131606242e+00	8.018520018210525402e-01
nan	2.184480300423505383e+00	2.055366707695092110e+00	-9.919713059126755716e-01	-3.001346344360082338e-02
nan	-4.663191361056581163e-01	1.792895238406988279e+00	-1.021268296819277221e+00	-3.515154303126848956e-01
nan	-1.878142224700967367e+00	-1.562652708658186729e+00	1.517722174926264600e+00	-4.869939188496649751e-02
nan	1.205626770586148089e+00	-8.615040189380231972e-01	-1.761515928130259701e+00	-8.998736340086362084e-02
nan	-1.325230016574108438e+00	2.443875548980461332e+00	-1.653337776061552411e+00	-1.729400575592914824e-01
nan	-1.854819596635754186e-01	-1.723155073143301852e+00	1.350341490040030124e+00	-1.348449850935689032e+00
nan	8.752568947030576751e-01	3.227450775017148832e-02	-2.152573367425632545e-01	-5.401228611451786010e-01
nan	3.238199585374386125e-01	3.024714435898521181e+00	-5.971967585516009258e-01	7.723207788252137718e-01
nan	1.180699658888137549e+00	1.117306704200115242e+00	-1.649936136281532073e-01	1.360185450865227796e+00
nan	1.393350845082157230e+00	7.873708369608579671e-01	-8.894483511510971052e-01	1.239468730173121092e+00
nan	8.515068662528979537e-02	1.697946084440615122e+00	-1.051082249178529437e+00	-3.883660106839037507e-01
nan	-2.461392565378924258e-01	-9.118040866436786240e-01	4.455629263964137610e-01	-2.136077003476684943e+00
nan	-3.673403276160718711e+00	9.831915493355602997e-02	6.916747663840354665e-01	-1.319538275067805966e+00
nan	-1.397996341155811173e+00	-3.323415998301053165e+00	-2.126999046156576867e-01	1.187404730185185109e+00
nan	2.631285982310295868e+00	-9.412753724801323774e-01	-7.918142525458408132e-01	-4.147769850467410840e-02
nan	1.103129819864523631e+00	4.354694284249075231e+00	1.735601924322637268e+00	4.054909595553780055e-01
nan	1.203986779810976016e+00	7.487165350906311856e-01	-3.739797251380196919e-01	-1.720800265030894449e+00
nan	-2.052546065455216340e+00	1.446528067114219329e+00	-5.426129359137020769e-01	-4.788134188010185199e-01
nan	-1.399438987154687730e+00	-1.854127201403865000e+00	1.446799873004245951e+00	-4.475420246609536634e-01
nan	-2.407069932481638030e+00	-1.127484672915865405e+00	-2.135796566382315020e-01	4.058650596888932482e-01
nan	1.403978396925053218e+00	-2.399563647442495729e+00	-2.206312498605555117e+00	1.757941634348283155e-01
nan	-1.179446126731929612e+00	6.762847525092060552e-01	-6.013209899411404713e-01	-8.989152705780033559e-01
nan	-2.082662881682324496e-01	-8.070254870964741478e-01	-2.195619084587219216e-01	-5.240312607921415733e-02
nan	-1.457640866884497843e-01	3.245111607079770311e-01	7.959994333234510222e-01	-1.798743962537323160e+00
nan	-1.424371961197949510e+00	-1.762192029501013502e-01	-4.025449768386139549e-01	3.613353136083995443e-01
nan	-2.226865946715702593e-01	-5.559889910036467375e-01	-3.322862237922022954e-01	9.687192099117609700e-01
