nan	7.940431204196082282e-01	-1.693959872948112899e+00	-1.640635161606889714e+00	2.791160442357882090e-02
nan	9.245188560073687167e-01	9.809473992494648353e-01	-5.085255038121403448e-01	-9.148112042253191412e-01
nan	-1.651819218744861040e+00	2.270268624289213388e+00	1.966533526045792568e+00	4.810180252022783903e-02
nan	-1.235204089730528754e+00	-1.876588089446037833e+00	3.995162837758418073e-01	2.840868168341330602e-01
nan	-1.123306305819698148e+00	-2.416061414396434515e+00	3.182191498108471461e-01	-9.018621909294893824e-01
nan	-1.104769263019431680e+00	-2.307937116453259385e+00	9.327887961022187646e-01	1.601086553636612342e+00
nan	2.452755275157515236e+00	-6.001911480389199305e-02	-2.326225839230261216e-01	3.600634483351484727e-01
nan	6.162070916198187920e-01	2.328529053479753141e+00	5.291882885536529635e-01	5.166897008852691098e-01
nan	8.844622190908606463e-01	2.235676647029670505e+00	-1.438117928137030432e+00	-7.428587094952843195e-01
nan	-1.037038087240918394e+00	1.112409241274155747e+00	1.655444570694007966e+00	-5.956026632116993014e-01
nan	-1.140798751899370078e+00	-2.422985866966670399e-01	1.799193587425341079e+00	-1.465062435458530377e-01
nan	-6.406581455825427485e-01	-2.644750884674875735e+00	4.424370969537413378e-01	-1.269128979971538618e+00
nan	-1.973519202116129634e+00	7.797209460796760139e-01	-7.888709862962364205e-01	2.257739748677956015e+00
nan	2.922620418112461316e+00	-2.025775671476250928e+00	-3.330694653162400432e-01	1.017504623967929955e+00
nan	1.399057066064282262e+00	1.542095654294446838e+00	3.411664061741274869e-03	-1.258368916087243328e+00
nan	-2.029812495326699828e+00	3.127346130622932652e+00	-5.467605678204875419e-01	3.984349117023855413e-01
nan	-3.366923587027648157e-01	-3.393595727962450681e+00	-1.291203667289337297e-02	-9.527247987514519956e-01
nan	-1.214049787436105365e+00	-1.910172603078283515e+00	3.808915783987985582e-01	1.265412722012307478e+00
nan	9.196453700885813820e-01	-1.097865206179041042e+00	4.950592669396279843e-01	-1.255952741097992320e-01
nan	1.221764216531353586e-01	1.858610302654989166e+00	9.267918283765121945e-01	5.875109105772186036e-01
nan	9.729084614346951154e-01	-1.193584372493279311e+00	9.242372944209488461e-02	-1.097746261600245576e+00
nan	-7.107604622556151774e-01	8.719185273189984375e-01	2.342164122587826913e+00	1.029205588740503448e-02
nan	-2.418316908802070841e+00	2.274461676146062317e-01	-2.473942363684396850e-01	7.626517633749517744e-01
nan	-9.007545022394436440e-02	-4.103025181196638727e+00	2.417343734553115908e+00	-4.317473276481740840e-01
nan	-1.358689851466007958e+00	-1.148917925057570955e+00	-2.067667287841852275e+00	1.077040590933949327e+00
nan	3.249802300895399121e+00	-1.629305146594846709e+00	-1.137770017080448337e+00	3.454535599500320187e-01
nan	1.051287519011495197e+00	3.180874909377672921e+00	1.323893509279223224e+00	7.549836206125125349e-02
nan	2.448015487619940700e+00	5.329668587404373659e-01	8.918772824396778987e-01	-2.207569761819210274e+00
nan	-1.515997490508390166e+00	4.412373503787649476e+00	-9.088847496856097274e-01	-9.587110295129206428e-01
nan	4.229650910764657379e-01	-6.263703466343323312e-01	6.869043953776236000e-01	-9.588474059364773816e-02
nan	1.374571157402770361e+00	3.310386173856639247e-01	-3.594674416968449138e-01	-3.141767389532751920e-01
nan	4.598091726900987997e-02	4.422583601333084147e+00	4.314271337874264756e-01	9.053758049685118880e-01
nan	1.841822367836582597e+00	1.056190794977365233e+00	2.774735293441391581e-01	-1.140015813420770519e+00
nan	-7.655942805149745789e-01	3.176433450870886688e+00	-6.689272736002508379e-01	2.290331512766601574e-01
nan	-1.046435565863979011e+00	-2.414566096020653863e-02	-1.425471486774056440e-01	-1.209099291868547948e-01
nan	1.184161419410761029e+00	1.123005740558020715e+00	-2.745196618098391661e-01	-1.634628350325800783e+00
nan	-1.764127817744294058e+00	1.642900389820716622e+00	-4.113954298895617923e-01	-3.135646541121535069e-01
nan	-1.086210634309189960e+00	-1.556036595264803424e+00	2.112522297655468506e+00	4.692330058437974571e-01
nan	8.554067574079990965e-01	-6.187741055843755111e-01	-8.154013757053318878e-01	5.489300206621220424e-01
nan	1.810785578654811268e+00	1.644822267167245222e+00	-1.148705729492753180e+00	-1.439040219819238242e+00
nan	-2.584029690811446400e+00	9.576134068620406614e-01	7.857409086673060594e-01	-6.284195710294788739e-01
nan	-1.758220164544538333e-01	-2.342454688077898250e+00	8.141324589759553199e-01	-3.925324679840961895e-01
nan	1.022400572166873300e-01	-1.536051563054449343e+00	-3.481915157399574356e-01	-8.425712766416594279e-01
nan	-4.534332019007270009e-01	1.223054138057919848e+00	-1.859093324772303601e+00	-3.089991466293948164e-01
nan	-1.312027377268202288e+00	-9.396604916082988979e-01	7.327732270439981654e-01	-5.139156179048133266e-01
nan	-1.333746113717182991e-01	-9.225707838814800610e-02	1.500865109823535049e+00	-7.397540581912142033e-01
nan	-2.316085357482533524e+00	-5.546602293316726939e-01	-1.258407659179932248e+00	2.093376461497617580e+00
nan	1.342035777182773337e+00	-1.254224668151273203e+00	-6.035474972017363937e-01	-5.097464495922047339e-02
nan	6.681373692826934052e-01	2.595454487370860264e+00	5.661912551063276178e-01	2.746498288434527368e-01
nan	-4.844673530626432689e-01	4.676498448081444215e-01	4.048985333755752425e-01	1.662570054652682927e+00
nan	8.595392374285528714e-01	-2.409862267324135998e-01	2.739083199962271675e-01	2.802672359638680444e-01
nan	4.403640734219130826e-01	2.151774429759142571e+00	2.427707550099786060e-01	-6.037493285624025152e-02
nan	-1.202307288842633604e+00	2.113262927065492125e+00	6.653767017917194826e-01	2.423307863542703278e-01
nan	1.264014344506438903e+00	-1.115559068678209531e+00	-4.836746638736750814e-01	2.573460719583126055e-01
nan	1.732888722804332815e+00	3.710242394448014736e+00	-1.904599230218914641e-01	-2.733366867580020454e-01
nan	-4.617617606253435758e-01	2.907724524681516876e+00	-4.772649148407106384e-02	7.125835196891057155e-01
nan	-1.015541450651404443e+00	2.782351244692159442e-01	2.345496314132442250e-01	1.448713453294168119e+00
nan	2.689624167940419142e+00	-4.578710577100262302e-01	1.972353576233524475e+00	-1.893039924095955229e+00
nan	-2.543394531964901617e+00	4.035726027939841032e+00	7.446070685153717283e-01	-3.327888236574547687e-01
nan	-9.944106514366020111e-01	-3.600458170959863757e+00	-8.112116960298301760e-02	1.078528513158312635e-01
nan	2.276235666762039256e-01	-1.253835346132422757e+00	-1.541587771914197491e+00	1.385702576269781938e-01
nan	1.357485747614549654e-01	-2.574433752788901630e-03	-1.193515374902589965e+00	9.573558225487522888e-01
nan	1.028282417671672944e+00	7.108240878259549644e-01	-1.155645315382302529e+00	-6.491917535939809580e-01
nan	3.275026914540524192e-01	2.201494010322720740e+00	5.438265526004242706e-02	1.586823932135033310e-01
nan	-1.284727797028998530e+00	1.177965982649615606e+00	8.820312738679794706e-02	1.390894398223528672e+00
nan	2.059330509620280303e+00	-2.038101409402281572e+00	-1.612042965237985959e+00	-1.591397233312300985e+00
nan	-2.634426782012813106e+00	2.327002827508842131e+00	9.741286585918991214e-01	-2.494140655826900255e-01
nan	-3.927125070853140221e-01	-2.963083514622653958e+00	7.494765054172033425e-01	-1.259310808150289063e-01
nan	4.165936510529618664e-01	-9.550520315645789626e-01	-3.578913738040122028e-01	1.950878283366065169e+00
nan	3.123849733846154830e+00	2.379901893215211395e+00	7.761305383753150378e-02	9.509858183501864737e-01
nan	-9.350168913809357996e-01	5.169498883528396149e+00	5.496595073775406570e-01	-1.243591750440491417e+00
nan	-3.289185024884055508e+00	-5.420130302944188294e-01	-3.753737213756859481e-03	6.394585342899879177e-02
nan	2.795848339570911723e+00	-5.474694467022549915e+00	8.336703141166542652e-01	-1.446992481228718708e+00
nan	-2.351021102894991888e+00	2.230888515594182664e+00	-1.387225293229125134e+00	-2.185527676028731769e-01
nan	-2.005756546740345758e+00	-9.587071669535265350e-01	-8.994994479785833885e-01	-1.293708701118193583e+00
nan	-1.664084777523324066e+00	-2.009636228485345288e+00	8.147006266171903377e-01	-1.694923840972308859e+00
nan	-2.418016201043618807e+00	-7.086691549829675640e-01	-4.362183407159523907e-01	-1.350000615908112156e+00
nan	-1.021394879623963581e+00	-3.297540038980621535e+00	-1.142507020210275392e+00	1.211280730674136441e+00
nan	6.482485089953796686e-01	-2.040547901203574988e+00	6.230197855550305697e-01	1.135511983549944315e+00
nan	3.609065885591022926e-01	1.910501375773352439e+00	-3.935838895836261120e-01	-1.008086931362807137e+00
nan	-1.349378231437450948e+00	-9.775778123373182193e-01	-2.513665423514418462e-01	-1.889414927183864945e+00
nan	-1.746158220552130658e+00	-1.785260491426941876e+00	-1.778293977609139431e-01	-1.176083611976353360e+00
nan	-1.863470660975750981e+00	-2.355531969306353002e+00	-8.761153167708721212e-02	7.712556805783107317e-01
nan	7.009788652656545604e-02	-6.921306559439195372e-01	-1.459299697389736084e+00	2.424947214015570063e-01
nan	1.696451616981222044e+00	-4.286805931198492403e-01	-2.810827584770274612e+00	-1.940625704714588950e+00
nan	-2.143682452890808499e+00	2.377329062246572811e+00	-1.526168116647744766e-01	8.028384104207966221e-01
nan	-2.016278168963392403e+00	-2.016279419560463193e+00	-3.984360315948648479e-01	1.651992391630870138e-01
nan	1.797312502015045776e+00	-3.166035655781141767e+00	4.371476288971216650e-01	1.012431519987336159e+00
nan	1.228564629971659494e+00	2.940914279079109406e+00	3.931480068725650145e-01	9.208497550844211288e-01
nan	-1.183431059297556320e+00	1.341968588906244486e+00	2.026975877461834330e-01	1.154970775971779495e-02
nan	1.394486979587829856e+00	2.728571159096349064e-02	-1.705494148037132174e-01	6.280149026119655753e-01
nan	8.555181296116637357e-01	7.670082458181424201e-01	1.139045750396821655e+00	8.892453131310713854e-02
nan	-1.330463676003323492e+00	1.242447328402243256e+00	7.771268826282019815e-02	1.038434640819126287e+00
nan	1.172538156095441098e+00	-3.633841951126404179e+00	-6.136100594632017957e-01	1.708853714144011882e+00
nan	1.812880071596033815e+00	1.799518327443165200e+00	1.813950636965777977e-02	1.743786718359180865e+00
nan	1.344469647894190656e+00	3.565889231696295347e-01	5.377015292841439420e-01	1.351948148898109103e+00
nan	-7.078720112230563188e-02	1.544515244071865023e+00	1.248617518776390600e+00	8.465533425951292379e-03
nan	1.728301335161732399e-01	-2.894554680632176469e-01	-1.445285795204202861e+00	-9.993172798826808201e-01
nan	8.416121653565178384e-02	8.508575654718258940e-02	1.703469096056474452e+00	2.062472931971153667e+00
nan	1.207235261206143662e+00	2.256149048989078698e-01	-1.030778590003938344e+00	-3.261891654464530999e-01
nan	-1.196569163885856213e+00	1.456844564113256135e+00	2.018114723468316107e+00	-9.813074649086266366e-01
nan	-2.308629031307264157e+00	-1.944171129456937930e+00	2.450138258353894982e-01	1.563147331954926056e-01
nan	-1.444311098456056541e+00	-1.132941842565229784e+00	-1.063148001429439216e+00	1.344711731523862586e+00
nan	1.359144891367511265e+00	-1.376285077934482626e+00	-3.303258448296535477e-01	-2.320541535969884883e+00
nan	-8.588758243645362445e-01	1.101473538732561597e+00	-1.710741425989741549e+00	-2.079778644056700376e-01
nan	-1.749815970914740726e+00	-7.734349073340374137e-01	3.020951921305707333e-01	-2.022079864746656810e-02
nan	8.763520274561826806e-01	-1.064387954460018992e+00	-9.175922678953724043e-02	-1.304764604727335353e-01
nan	-1.729059536972692990e-01	1.986314249197135506e+00	-8.465462877913613182e-01	1.168667471064063212e+00
nan	2.058592013316162372e+00	9.967665264915159806e-01	-6.063943304734383810e-01	2.151109968070739953e+00
nan	2.665634888227019328e+00	1.620853513156501169e+00	-6.380122398719832999e-01	-4.083720826385866531e-01
nan	-4.520857943481782493e-01	1.926404701587493218e+00	-2.277364933792140889e-01	7.038553831142567718e-01
nan	1.391021916473409448e+00	-8.406796826818976331e-01	-4.960936423599445200e-01	-5.371732019453533402e-01
nan	-6.035610819251686632e-01	2.975327312610106745e+00	7.105705765224000769e-01	4.480075733403525440e-02
nan	9.790830661707222715e-02	-2.190572841117607084e+00	1.017731484558970223e+00	-1.928066118018173958e+00
nan	-5.926948156459421746e-01	-3.408603629600989171e-01	-8.571802088060260782e-01	-3.391052539658003795e-01
nan	2.852509425298902501e-01	-1.450798607483701375e+00	4.593783130976684670e-01	-1.362098784022829079e-01
nan	-2.957720081115964850e-01	2.733200479653763892e+00	-3.858404841859287560e-01	3.415822942093035830e-01
nan	3.405979500247759417e-01	7.627510978511917727e-01	1.547494308227134741e-01	-5.899857622760379394e-01
nan	-1.025014551827935216e+00	9.853870105480382335e-01	4.667195012153955158e-01	7.117308559266836976e-02
nan	-7.005578615508555318e-01	-1.624275190072484776e+00	-1.175703534254393334e+00	-5.523390774864072039e-01
nan	-2.252029169004048814e+00	-3.515134024652846745e-01	1.318548576835824493e+00	-1.169985913462486371e+00
nan	-1.393896509609615419e+00	-2.239479039735944532e+00	-1.602285680232074183e+00	-7.180075705608599534e-01
nan	1.024256080981308825e+00	-7.394258686360790644e-01	-9.838004545797298661e-01	9.357619676484971727e-01
nan	-1.600058686092453719e-02	-1.109829055601530001e-02	5.752019094643239655e-02	2.347088588416443300e-01
nan	-6.463214414311160283e-01	2.648587789486885891e-01	-1.010682752257118927e-01	-1.673677914952259815e+00
nan	-1.036597540196409151e+00	-3.280175299521328469e-01	-7.547779544369135341e-01	-3.709684066388135859e-01
nan	-6.168125423814794228e-01	8.602351276291029247e-01	-8.084988460996596071e-01	-1.181130536816705323e+00
nan	-9.784798018471794201e-01	-1.451964074391061121e+00	-8.320447776535867535e-01	6.934818795117888568e-01
nan	1.678317557058491616e+00	-1.259274390775058983e+00	-5.912704893969848996e-01	-7.376720896061511601e-01
nan	-1.708440787834407892e+00	2.102820713475569647e+00	-1.108484974924547561e+00	-7.710417212885747017e-03
nan	3.995190493799852804e-01	-7.604222301777865400e-01	-6.073804179654628266e-01	-1.291126790018821024e+00
nan	-6.497578740649401219e-02	5.475784317778829013e-01	-3.251819374878503477e-02	-2.850361118643823799e-01
nan	-4.443339391514684600e-01	3.696470226407242987e-01	-5.534424468740426484e-01	8.477041290769786741e-01
nan	3.937301023484873763e-01	4.189390476633706450e-01	7.470876537445221288e-01	-6.683127430021501558e-01
nan	-1.545108517284878413e+00	-1.362706133349285587e+00	1.774764572288447750e+00	1.522883052032147022e+00
nan	2.577157068029819253e+00	-3.794782835843951041e+00	7.160290796214415776e-01	-1.251097654464815301e-01
nan	-1.124379068241118329e+00	3.208730651316749949e+00	-6.719034861226266808e-02	2.666134822961442330e-01
nan	-2.161818787288911636e-01	-1.175453041245419383e+00	4.368512524399152386e-01	2.630117354196403467e-01
nan	8.136920817379054149e-01	-1.191931747968135502e+00	-4.784099729077912616e-02	7.398787332906218150e-01
nan	-7.747836486907719866e-01	1.374108857403738781e+00	8.008198436026194855e-01	9.575405347357085484e-01
nan	1.328913055914717312e+00	-9.586608682751149857e-01	1.393849047272865072e+00	-1.943158359123794199e+00
nan	-1.472978517700427759e+00	1.013675813772952461e+00	1.618188790033563196e+00	2.397134340908497196e-01
nan	-7.045209516028840824e-01	2.446576555895980665e-01	-4.758356709950864460e-01	-1.073791024412765527e+00
nan	-9.572252481836774907e-01	-5.915510774396489646e-01	8.232850522075162436e-01	1.110215838163278734e+00
nan	6.956322648278164822e-01	-3.162918256190339950e+00	-4.892853448874203148e-01	1.458284417480637973e+00
nan	1.057770385075590180e+00	1.956170668417271052e+00	-5.864327654283639502e-02	-3.304736581927658623e-01
nan	-1.341877121287131658e+00	1.731874537325500896e+00	-7.443856749167836462e-01	-1.008927651910785706e+00
nan	-1.608743357603901414e+00	-4.659966843279160775e-01	-5.001308383844916827e-01	-3.926654033472720684e-01
nan	-1.787678760356130825e+00	-2.045290568799687403e+00	-1.496524449432646175e+00	5.743046490752785199e-02
nan	-1.571726078960352213e+00	-8.340845974456713163e-01	-5.465961335814939481e-01	-2.426495041746102033e-01
nan	-1.628369275450913811e+00	-9.436700057088382998e-01	-6.180938963859772262e-02	3.427462260062543731e-01
nan	-1.000624986731355914e+00	-1.350565812183545766e+00	-1.809663976677179820e+00	-1.480959942053118983e+00
nan	-1.480600269961175774e+00	-1.696050137545784597e+00	3.407034426472209665e-01	1.543745232865083583e+00
nan	8.884769364537173919e-01	-2.998032151125083811e+00	-1.912820108598862201e-01	1.358467409584843910e+00
nan	-4.903832673048369450e-01	5.393770304069533950e-01	-2.242101965699964672e-01	-4.207828575888349909e-01
nan	-6.594491876307225775e-01	3.923196053899383751e-01	2.324802303475682064e-01	1.298702339863402888e-01
nan	1.328336622975382797e+00	1.510841374601914922e+00	-5.240194471350387850e-01	-1.434893431620695887e-02
nan	7.407218617607486122e-01	1.408404573561514272e+00	-3.127876776938485759e-01	-7.391212251449744697e-01
nan	4.105589719263168513e-01	9.680214257081520834e-01	5.203538079368535962e-01	-5.196101169939085912e-02
nan	-1.330122534819180524e+00	5.377088870843498292e-01	4.848113237875362747e-01	3.562292842265841197e-01
nan	1.669246190596804125e+00	-4.431122727414229523e+00	6.724458826061643357e-01	-1.488297252019841421e+00
nan	-2.294741418907300989e+00	2.729647759718289990e+00	-8.276649226231586054e-01	1.342948266817931113e+00
nan	2.000954196395047902e+00	-2.316000687886022646e+00	1.605520815045532679e+00	-1.149213158270977031e+00
nan	-2.286081673194207298e+00	2.037040667306253994e+00	-3.771326628329145225e-01	5.215499851825512456e-01
nan	1.308847670836494448e+00	-3.519865879671824072e+00	-1.202122456496597103e+00	9.159335680383938749e-01
nan	4.150375596560095248e-01	-1.967902749031028797e+00	-5.314069268120752421e-01	1.825379743862160786e-01
nan	3.996126676078738393e-01	-5.787237399479056021e-02	-3.541582831946980814e-02	8.476874396508552456e-01
nan	6.672426697445152932e-01	2.989307505726897518e-01	-1.616836850175452422e+00	1.993568983537657546e+00
nan	4.842236461005526849e-01	-6.977760551002110123e-01	2.593605250247717819e+00	9.798658773099933050e-01
nan	1.069153505088751288e-01	-5.391376646691654617e-01	1.206715533637446325e-01	-8.501527113652478096e-02
nan	6.327722488121856337e-03	2.050407660559890599e-01	5.902097637400978147e-01	-1.587766986857531148e-01
nan	-1.159721638957474044e+00	5.102242365330927898e-01	1.294758822967521317e+00	1.020256878790775756e+00
nan	2.519268441005308112e+00	2.565754732412162120e-01	-9.194271186375377880e-01	-2.016714631828528947e+00
nan	-6.327506555321127379e-01	3.980328788669206475e+00	3.694791358288789240e-01	6.618777156389709093e-01
nan	5.370819550920312713e-01	-2.187374645631448900e+00	2.029045510986378920e-01	-1.825689486570392095e-02
nan	-1.137754092809145412e+00	8.029812441005090839e-02	-3.523630873456329304e-01	1.376176699434168649e+00
nan	1.163310777834706489e+00	-2.647752256092873457e-01	8.297805925351803280e-01	7.394691572497674725e-02
nan	1.597584992805265669e+00	-6.470570024255373198e-02	6.907425536598372773e-01	-7.140565137115196803e-01
nan	-1.883018382947954095e-02	1.252987951907760023e+00	-3.890893070840379386e-01	1.608413558627743711e+00
nan	6.467419443712829619e-01	-1.420896935290506466e-02	4.261301022360656221e-01	2.830358577744939153e-01
nan	-1.239859334664271895e+00	1.331482322729458101e-01	-2.955954085212209481e+00	4.029316327737780257e-01
nan	-4.758486839771178256e-01	-1.805719562318164328e+00	2.441270004319402442e+00	-6.752130673232437097e-01
nan	-2.929006207978118947e+00	-1.018364989810254029e+00	-2.854680833090538217e-01	-1.281168367259621466e+00
nan	-8.694193580695384060e-01	-3.956757981885583142e+00	-9.173250710093674432e-01	-8.162767446092286661e-02
nan	-6.772202640386140171e-01	-5.309371695157945048e-01	-2.237636555191577337e+00	1.388682851802688079e-01
nan	-1.142713317429466802e+00	-1.332552954906764064e+00	2.252118934637108438e+00	-7.352904460763954875e-01
nan	-2.485403442091511095e-01	-2.258929722079073610e+00	-1.332227878285786371e+00	6.252406969484233246e-01
nan	2.475777447858305891e+00	-1.172015434177755999e+00	9.601711055535727679e-01	2.000959987947797281e+00
nan	1.481697826105861759e+00	2.320143667691438427e+00	1.502989217067616234e+00	7.481738563975533218e-02
nan	-7.421560810455455348e-01	1.645400956838801054e+00	2.467816547686358664e-01	1.403338225198644817e-01
nan	8.011794264094831419e-01	-2.946328451977546337e+00	1.342357796454542340e+00	-3.294014288862877060e-01
nan	-8.258390138695037574e-01	1.528977561168058052e+00	-9.905168184457335823e-01	9.328918322443371935e-02
nan	6.449765669094231768e-01	-3.619090879872967292e+00	7.718041339015419000e-02	6.293336626553099888e-01
nan	2.485197522860640995e-01	3.276723800792307184e-01	1.775141763422678487e-01	1.064742962176131735e+00
nan	2.842869135011227844e+00	1.027491629378832094e+00	-6.982463485856449381e-01	2.036661226194168339e+00
nan	1.318153809078715266e+00	2.827249473807798896e+00	7.163553065925443164e-01	-7.103628637639919363e-02
nan	8.062369467180598992e-01	1.774249846887987925e+00	-1.080229341825790362e-01	7.042358720347804413e-01
nan	9.788758837863960061e-01	2.161431825695862230e+00	8.056571519325241848e-01	-3.815634036569328646e-01
nan	-4.905664151013645613e-01	8.160786058035427448e-01	1.222638229749542088e-01	-8.361847337919113832e-01
nan	2.655541425613056061e-01	2.188362431679580222e-01	-9.120588340375920255e-01	3.377182929001890099e-01
nan	-2.057226818909375088e-01	-1.211024962854015952e-01	1.418551391428443775e+00	1.520202992082405835e+00
nan	2.864550530980598531e+00	-2.911474480770950835e-01	8.283988773966623198e-02	1.612371056777010425e+00
nan	2.820465815644751295e+00	3.154149369163845140e+00	3.660980555356366795e-01	6.535784450772565979e-01
nan	8.888458889546322350e-01	1.905839007551445086e+00	7.920420690546555731e-01	8.502757827532164692e-01
nan	2.859932160492288489e+00	1.217947270926156511e+00	-4.251659693936205020e-01	9.333787551921689241e-02
nan	-1.046598852063185925e+00	3.138784232580489775e+00	1.818585833188834266e+00	1.061273261277693447e-01
nan	6.271099682296381317e-02	-3.632961283360603977e-01	4.178993246403716055e-01	2.176370816936893604e+00
nan	2.564202927948979749e+00	-7.760107275305021535e-01	-1.568647483179819446e-01	-1.397269722848189621e+00
nan	-1.929689805321313401e+00	1.397530660923268275e+00	1.495953721119013036e+00	1.004658362980844544e+00
nan	8.274187681446134590e-01	-2.489367674993104629e+00	-1.015167530954377284e+00	3.204879199981710558e-01
nan	9.622596447519246587e-02	7.487631425970004972e-01	-7.865743289743567512e-01	-6.071679681042135845e-01
nan	-1.430986630124055470e+00	5.198213188414471664e-03	-1.274334962664027460e+00	-7.591949652660235914e-01
nan	-1.445428654246210698e+00	-3.459629447867051955e-01	3.391143234380154525e-01	-8.147818872740727469e-01
nan	-2.876559035195172864e+00	-3.783106442121666912e+00	6.955200966131405704e-02	3.185863462635211141e-01
nan	-6.459178373321800004e-01	-2.307994986152595907e+00	-4.136398308209112556e-02	-6.809337057576130003e-02
nan	1.110758981937951112e-01	-1.688622638092763140e+00	-9.719716558199039680e-01	-6.906552911905146086e-01
nan	-6.751186565453286548e-01	2.248641560046875210e+00	9.796755824115862543e-01	1.417452676331285355e+00
nan	-3.382505679043967817e-01	-7.824148981569557515e-01	5.839771145018388676e-01	-1.820709596599673796e+00
nan	-1.893432678121722557e-01	-1.164397622250831654e+00	-4.099625277475395513e-01	-1.763055105700348735e+00
nan	-2.195923627384290366e+00	1.097042742391693304e+00	1.268628464783373655e+00	-1.170845757472238180e+00
nan	-1.479063668649949648e+00	-1.735388730423718551e+00	2.973305576178398857e-01	2.446885106400042420e-01
nan	-8.362523834674501222e-02	-9.260815640480714039e-01	5.774105798286036650e-01	7.317215623040435046e-01
nan	3.294585700792773131e-01	1.932159326975793512e+00	-1.578092487517383624e+00	1.442539439018181602e+00
nan	3.513686507503172685e+00	-1.074421194740947660e-01	1.771046961274200138e+00	3.000255894661310596e-01
nan	-1.234569020701053454e-01	2.949472529672174215e+00	-8.462412825023716278e-01	-4.873938933945285990e-01
nan	-6.972082555904712819e-01	2.255395909337974736e+00	5.198420854523395640e-01	1.358192575292684889e+00
nan	2.213184093924611684e+00	-7.638251296905100851e-01	5.615064883118792149e-01	-8.338860001683775502e-01
nan	-2.157783527826017789e+00	1.692399317650314927e+00	6.533700831695378186e-01	-2.815979017932542239e-01
nan	-5.260972490591493411e-01	-1.746531298677250321e+00	6.523698575886113238e-01	-3.321561413755328429e-01
nan	1.040345459395024541e+00	6.658318679636310300e-01	-4.016791366532292962e-01	-1.274650922620143900e+00
nan	-3.323042938139352032e+00	1.504511144763466701e+00	1.651003843350613842e-01	5.304167578938203675e-01
nan	-1.004009690928154397e+00	-3.939696510934039164e+00	7.450537177596537886e-01	4.423826539790979839e-01
nan	1.060178922998767925e+00	-4.246565457055340165e-01	2.136843752125709983e-01	2.112182971225726735e+00
nan	1.853110248682565242e+00	1.146704081326812119e+00	-1.617361816977591404e+00	8.921964489195718939e-02
nan	8.086809558523175845e-01	3.022287471604664155e+00	-2.503449889731093614e-01	-6.773502723441050533e-01
nan	-1.254025883990786516e+00	-2.095683981877372037e-01	4.888322104358041459e-02	-1.543130219489250221e+00
nan	-1.882780281256888566e+00	-4.106384143306174295e-02	4.328563230459175348e-01	9.687214932929313349e-01
nan	2.317580041635856070e+00	-4.240159602548150275e-01	2.291478598994908245e-01	-7.663527345363232435e-01
nan	-9.716264397031950661e-01	2.393708699141900542e+00	3.742880573878517581e-01	-5.045488645788808180e-01
nan	-1.153618422968963220e+00	-1.697192391430287772e+00	-6.188009449966779263e-01	6.885560954712800497e-01
nan	3.036979931124345278e+00	-1.198736905017774967e+00	2.643908073359580446e-01	-2.167265227883021783e-01
nan	-1.968272306450740694e-01	3.238836200923822073e+00	7.997912260826823827e-01	1.835695500961866733e+00
nan	2.347132526325562019e+00	-1.471296754316925970e+00	7.856913673824466038e-01	-2.644009856507575570e-02
nan	-4.743216891698325832e-01	1.968744394010823351e+00	8.331658245870154911e-01	-4.197786635605704197e-01
nan	6.937409840375614589e-01	1.903700066574431915e+00	-1.624042229955519057e+00	-6.899481599167393009e-01
nan	-3.695902695170656393e-01	3.087801810006399195e-01	-4.748305920843122196e-01	-6.343352817167052793e-01
nan	-5.684273063130037551e-01	-5.892880310140370392e-01	-2.270674552837383120e-01	-2.207047479911614207e+00
nan	-6.899683567768399861e-01	1.913270804103127665e-01	1.963056855525596500e+00	1.176809810292482661e+00
nan	8.642624567135069880e-01	-2.138489151986259440e+00	2.822574495006742179e-01	3.562282295357146467e-01
nan	-6.038708509244837819e-01	1.414052307142411813e+00	1.983019975749604202e-01	-1.598412358635649788e+00
nan	-2.834849348231418986e+00	-6.176111130381306547e-01	-4.493855633624292412e-01	-1.092475231147096881e+00
nan	-8.010366551605646590e-01	-2.288205271854458545e+00	-8.154997614350006918e-01	-1.621675779883050783e+00
nan	-1.007532101447254913e-01	-8.783406714768871026e-01	2.139475880370950711e-01	-8.291476934290992196e-01
nan	-2.115260262764408150e+00	-4.262692271654429654e-01	2.111768702545845089e-01	8.099238979990078802e-01
nan	4.897740668223382610e-02	-2.191088551297060150e+00	1.212457150708116993e+00	9.377918024719872347e-02
nan	-3.071236076011695237e-01	9.432990945116013215e-01	-1.278640096451320929e+00	-4.363154284368862129e-02
nan	3.380153546122509067e-01	1.283734056061267559e+00	-5.637357913486275018e-01	-6.448997220244145900e-01
nan	-7.101250154154150618e-01	8.307318723595265020e-01	-2.350794966321499355e-02	3.717417105209590011e-01
nan	1.407881381806022958e+00	-9.153379659008229474e-01	-5.503066492321886383e-01	-1.461915334008213829e+00
nan	-1.173444399451309295e+00	2.334654192600365441e+00	-6.341999680163140640e-01	3.017741816285641754e-01
nan	-7.353520109425348839e-02	-5.635313978256663026e-01	1.656676409690864826e-01	-5.727194036854819092e-01
nan	-9.765392822779728199e-02	-3.247778219929792765e-01	3.396121801822535868e+00	-7.438025184819440083e-01
nan	1.329657585279635512e-01	-6.868463737722974027e-01	-1.162198942218935493e-01	2.209463753412694575e-01
nan	6.066553259844865709e-01	-8.463374615325515160e-01	-1.722762265771225154e+00	1.214865650673132347e+00
nan	5.838474324074161004e-01	3.774049041848141495e-01	1.749804113879774414e+00	-1.190855918147946557e+00
nan	-3.194730980002059573e-01	-2.892290511009556475e-01	1.253950325153188272e+00	8.185894713230851272e-01
nan	8.673527345215116258e-01	-1.685897896826306308e+00	-7.111081161491121516e-02	5.156430206312292985e-02
nan	-1.123481013719454191e+00	-2.019400509784793352e-01	1.313498030278451356e+00	7.160490823113395686e-01
nan	6.534598426794180348e-01	-2.200281669183301592e-01	-5.688867039078239207e-01	1.571579388905209429e+00
nan	1.451199470763907096e+00	1.822590715830799901e+00	-7.476898132964125976e-01	-1.966050805504727661e+00
nan	-4.346063623502869344e-01	2.175548025290008791e+00	3.110960366248309295e-01	2.033654664632424502e+00
nan	3.009699436849527565e+00	1.900551791650175737e-01	1.056704259044663585e+00	-7.108873922911131960e-01
nan	-5.490212096137827569e-01	1.480357766783179096e+00	3.583640790380497876e-01	-1.835231833057838768e+00
nan	-2.801399177628974169e+00	-2.063738385510303530e+00	-6.001258950467642378e-02	7.161399023468323355e-02
nan	1.044271357822616819e+00	-3.746154689945651484e+00	-7.815843113497905614e-01	-1.672670381626820413e-01
nan	9.644038747723979177e-02	2.745623671979846581e-01	-3.236279219551278091e-03	-3.023499087361612436e-01
nan	3.989207969640712337e-02	1.415263198443530435e+00	7.698621252847068774e-01	-8.335232228038897961e-01
nan	-1.721672852072590576e+00	3.861574475407873047e-02	-1.024036498409112594e+00	1.047484513612786827e+00
nan	9.137122661489598396e-01	-2.945139459344857435e+00	1.405268486966556041e-01	-1.982850832513761263e+00
nan	-2.473441885613604008e+00	-1.490028744465231592e+00	-1.105266946428055119e+00	-1.180176305722006491e+00
nan	-1.467569167652772011e+00	-3.564609325061171674e+00	6.093594403882610644e-01	7.339235243323906088e-01
nan	9.759321209176432532e-01	-2.248771267173733435e+00	-2.489988211728981771e+00	-1.096227116348341024e+00
nan	-2.225848102877022505e+00	9.310657925213574604e-01	-1.916856729915810131e-01	-5.418804172275512032e-01
nan	-4.474181985532177941e-01	-3.766477518539856462e+00	-1.348272041037893887e+00	-1.269386689818164049e+00
nan	-1.029689505307471720e+00	-5.350726582325832092e-01	-2.410108671654667134e+00	-1.004783458075874325e+00
nan	8.032827463614304886e-01	-2.787143746600975192e-01	-1.858630631613153728e-01	-6.684746482131642686e-02
nan	1.166031573188360593e+00	7.606554479439970873e-01	6.755561605308111339e-01	-4.019557147013901877e-01
nan	-7.252782772729715610e-01	-2.544582557289378766e-01	1.377010871792270441e+00	7.679368565202792096e-01
nan	1.995354225717365981e+00	-5.865694507750931486e-01	6.638951618271353716e-01	-6.261669356975733125e-01
nan	-3.022129838271037094e-01	2.636271370603629371e+00	-1.697285028994708345e+00	-1.884544642130984993e-01
nan	-7.702734994263562562e-01	7.159713265810241367e-01	-7.270185433582940782e-01	-9.668918966455494757e-02
nan	5.093715805813593400e-01	-2.095020659462820678e-01	-1.376508979260588905e+00	3.479099178694285421e-01
nan	7.199950630116376260e-01	-5.762662226865011839e-02	4.371079043700031308e-01	-1.638197521706169946e+00
nan	-1.648767837244656587e+00	7.299629289496021300e-01	-8.718157835380390130e-01	1.229845244817951919e-02
nan	6.602353796367655958e-01	-1.283210839195597641e+00	-9.868891953181727628e-01	-5.696148960476700163e-01
nan	-2.730305600095648266e-01	2.006183355947929847e+00	1.022717144601370309e+00	-1.213449523351012305e+00
nan	1.338451823353403736e-01	1.581818218296151102e+00	1.307185634118842588e+00	-3.179940736843052396e-02
nan	5.623984344528171198e-02	-7.361862876046368909e-01	-5.218976662479424267e-01	5.815111738450592371e-01
nan	5.108563307585133328e-01	-1.640983640608550287e+00	7.319378344367327704e-01	2.043972757792958728e+00
nan	1.295617735431684903e+00	1.607614197095842190e+00	4.666724681978452471e-01	-3.969715325417415563e-01
nan	-2.028985101814851699e+00	1.488848198521305122e+00	-1.041269300366532043e-02	3.913222419691996246e-01
nan	8.039330714111549980e-01	-4.297464981488479108e-01	2.373100485467737053e-01	8.871960085319265943e-01
nan	-1.289605551883421519e-01	9.197606153236062010e-01	-5.192380886364738046e-01	-1.959273440069938532e-01
nan	1.017861789683872087e-01	1.271052525363112862e+00	1.990918612117787978e+00	1.096524163860099099e+00
nan	1.888857815519454642e-01	-1.193477861520352734e+00	1.096010705698461596e+00	-6.136538070495622943e-01
nan	8.790148168864766465e-01	1.586516486013702376e-01	4.391957116415424189e-01	5.874010836701454297e-01
nan	2.602845444163874422e+00	-6.347304000208970898e-01	4.146647361970997037e-01	1.275844652044030081e+00
nan	1.053815733332131188e+00	5.214935501326385392e+00	2.341041766651664524e+00	1.636445131523037944e+00
nan	2.225347099359902714e+00	1.460649699211967079e+00	3.833203754062644020e-01	-9.371727475150042341e-01
nan	1.660825349120735872e-01	1.861884904064371682e+00	-3.334882592053260986e-01	1.179501221807190275e-01
nan	2.322969632350658564e+00	-4.280600755280061787e-01	-1.037568478978919684e+00	8.203456101870397754e-01
nan	-9.128050222901429311e-02	1.721201218800612942e+00	1.168859549898811911e+00	-1.670979594003153823e-01
nan	6.387858254985242512e-01	3.210286186171427136e-01	-1.912671212416406918e+00	-4.723715196098912106e-01
nan	1.155726272859337156e+00	1.158151676820581955e+00	3.430968755233098078e-01	-3.316725686192488198e-01
nan	-1.382638201130176991e+00	2.165505006836828006e+00	6.408882330658310922e-01	4.180073603381777025e-01
nan	5.358849953186323178e-02	-9.833563547554620143e-01	3.007604431474311557e+00	-8.132467219043360007e-02
nan	-7.591879323615897679e-01	-6.267493565243820175e-01	-1.696679511901056925e-01	7.878915041170188038e-01
nan	8.179801422123234023e-01	-7.303656625358732057e-01	1.135241045711078284e-01	-1.477480991536330723e+00
nan	-3.290942822774700627e-01	4.029594577219531293e-01	-1.352055780505460603e-01	9.622262764216366060e-01
nan	7.162120597912819964e-01	1.231515262840931602e+00	-4.664335501288407460e-01	-9.393838089551150849e-01
nan	-1.826736148068403898e+00	5.626458972053604013e-01	-1.233585108416491050e+00	-1.738363265866312568e-01
nan	-7.180317468570418526e-01	-2.274311942061537639e+00	1.546873006643704418e+00	7.574686197188325032e-01
nan	3.854259800051053619e-01	-5.773680385603077170e-01	4.690388095763705634e-01	-1.251008493249341269e+00
nan	-1.773088155829428025e+00	1.807409415615079062e+00	1.049032966487424057e+00	1.264385213474612968e+00
nan	-2.151374565380246295e-01	-2.357473487893585684e+00	-9.287603834450721685e-01	1.436837257906274368e-01
nan	8.982228174449411462e-01	2.089917036797095395e-02	2.585798376635257689e-01	-1.081230421890441384e+00
nan	-1.989440425039570748e+00	3.321169714211864576e-01	-9.830992823970129413e-01	8.196046942756187725e-01
nan	1.393234153235288542e+00	-1.146072525993448332e+00	5.762745546322677326e-01	1.595120943882952780e-01
nan	-9.520531571497579115e-01	2.582295321189278070e+00	2.150142670470949757e-01	-4.748171852023237438e-01
nan	-9.802198514879623126e-01	-1.064408181276147891e+00	-1.964598103700406634e-02	4.553042045689673634e-01
nan	6.987584978327021634e-02	-2.483599791356856379e+00	9.901752885041094077e-01	-4.309179944860199174e-01
nan	-2.505442770887811310e-02	-1.008898017519728629e+00	1.778942398316573748e+00	-7.520424907790793645e-01
nan	-1.972365921303930403e+00	-1.793801444773007070e+00	-2.291937688724582090e-01	7.447660174676574985e-02
nan	7.494060825651277513e-01	-1.736513730127404953e+00	-1.004218981136136835e+00	2.830224961613908574e-01
nan	1.496144024612755530e+00	-2.078756193449949885e-01	7.228339060073020184e-01	-1.635686635138675848e+00
nan	-1.216293462490453114e+00	3.710110826785865790e+00	7.455201652691743064e-01	-7.296682830628636873e-01
nan	-1.833932281110505880e+00	-3.275720166670267552e+00	2.413059454138701543e-01	-7.344321033617805528e-01
nan	-3.897105357270972403e-01	-2.731040960357563385e+00	-3.399742486854002710e-01	-1.691069217945556202e+00
nan	-8.551424872194434146e-01	4.874568160303248687e-01	1.697631116336250523e+00	-1.032495020709797151e+00
nan	-5.452295794148136476e-01	4.616272319339257413e-01	1.187810272019328151e-01	8.032037375851364125e-01
nan	1.294878900734428351e+00	2.602571465693626074e-02	-4.950006493488833814e-01	5.996883301212276862e-01
nan	1.108078808712877006e+00	1.155945778631192411e+00	-1.009080506627820562e+00	-7.166840898804350823e-01
nan	-4.364789588105967844e-01	7.273114523161882117e-01	1.160003816740218588e-02	-1.114118029782557029e+00
nan	-5.712740394431164992e-01	2.543952328680830210e-01	-1.141163995672646259e+00	9.326157157932123826e-03
nan	6.952369145638519210e-02	-8.979890696632497615e-01	-8.727786276136166865e-01	1.867916792364402001e+00
nan	1.810994607212245588e+00	1.540931900861883530e-01	1.900690527680239272e+00	-5.634697493683944458e-01
nan	-1.414999444739202250e+00	-1.554672344348699831e-01	1.457263653466919218e+00	2.642265680961682350e-01
nan	9.610204914313564828e-01	9.581389470557537535e-01	-6.293730104001574732e-01	1.055376467249997008e+00
nan	1.284896754246684702e+00	-3.532811935233901579e-01	1.184230436893904059e+00	3.052730164008557345e+00
nan	2.042139208251470883e+00	5.360472590645318780e-01	-2.199527582511486390e+00	-2.572421593571556572e-02
nan	4.790465215335262816e-02	6.733753215790576618e-01	-5.762360469193693602e-01	8.294338264075333811e-01
nan	4.609058443882319001e-02	-2.383277877022635660e-01	8.315333903078367395e-02	-4.124558420877900700e-01
nan	5.091887054001223989e-01	-8.229086501844782298e-01	-1.169693086730069220e+00	7.381544352812778875e-01
nan	9.967490861034220551e-01	8.663312322027065804e-01	-2.783898065135166355e-01	-2.515987828035753382e-01
nan	5.376045440899063221e-02	1.966348732871777472e+00	2.704088410346668914e-01	-3.607238474641200066e-01
nan	-1.115073522485636737e+00	3.376089191551893132e-01	-6.830719007741333781e-01	-3.843167782187698056e-01
nan	-2.442486815566168090e+00	-2.227541928083494494e+00	1.198983878721212371e+00	-4.575112370525236671e-01
nan	-1.144570931875132036e+00	-2.144317997751479243e+00	4.700096151718910487e-01	9.931347019996201730e-01
nan	1.569066035788512892e+00	-9.376562405090167474e-01	1.330116195271144330e-01	-9.018760776143048830e-01
nan	-9.725549064858574067e-01	5.828140362245954886e-01	-1.665669031342479345e-01	-8.266498464403851942e-01
nan	-2.147940597112042216e+00	-1.161209460913290359e+00	-8.650231626530431317e-01	-1.280999086927685771e-01
nan	1.133686363960364929e+00	-2.907830248108179472e+00	5.676215919336190519e-01	-6.121634348300080131e-01
nan	1.665798378470523256e+00	2.777915450054301294e-01	-3.471891880885448423e+00	1.079833325992491516e-01
nan	-1.276698551138544246e+00	1.498722783680247694e+00	8.510698679812522816e-01	8.469320489818178421e-01
nan	2.353723600710639907e+00	-1.545962555206423783e+00	-2.296914455813538480e-01	8.716917130226913280e-01
nan	2.661034747798627809e+00	3.185706445361640604e+00	-1.244132549909391594e+00	-2.724475524230425272e-01
nan	-1.333361174625267154e+00	2.192335481452230450e+00	-1.071507176292179064e-01	-4.266893974808536605e-01
nan	-7.207361565324129637e-01	-2.397493554829488005e+00	-1.033233793750961027e+00	-1.232151498106820453e+00
nan	1.918597792004652636e-01	-1.007819035821890807e+00	-8.771187693587857437e-01	3.594994894469016877e-01
nan	-1.039009706723069471e+00	6.886851700388374464e-01	1.420571062117674810e-01	-1.701932977795334700e+00
nan	-1.266321903384827641e+00	-3.312955327272192330e-01	-1.185389411818546623e+00	1.394799307260254917e+00
nan	2.906709079582101563e+00	-1.465930114592165268e+00	1.044332286256410169e+00	-2.090915071995453012e+00
nan	-9.430349417040291282e-01	3.239912533203376466e+00	-2.355671466180245810e-01	-9.344287820711003056e-02
nan	3.539315241411066237e-01	-3.113107099171108505e-01	3.056986526451755393e-01	9.019132613680516108e-01
nan	1.245804064027610458e+00	1.191827395092672326e+00	1.792179156299366083e+00	3.362462151686615996e-01
nan	-4.683613772661592289e-01	1.092411929852098895e+00	-2.951499123135038760e-02	-5.361076658781261939e-01
nan	1.751085457852342708e-01	2.088067729956324392e-01	-1.616183925171378100e+00	2.001752903872516143e+00
nan	2.418021684955744099e+00	-2.105751359124090061e-01	4.302133422686781061e-02	-9.204929341237451101e-01
nan	-2.504154397944764021e+00	1.359386506608188938e+00	2.254921040761584949e-01	-9.027066793162690228e-01
nan	-1.523351764416571719e+00	-1.791463448017569071e+00	-9.882754957595263345e-02	1.162093987830310704e+00
nan	3.500915757732097067e-01	-1.022917481678374152e+00	-7.535895923860762569e-01	1.443845751015204959e+00
nan	1.290391309000764153e+00	-3.663792110689686465e-01	1.083121023696441254e+00	3.440058017955111014e-01
nan	1.465071245235294306e+00	4.281269947731286551e-01	-1.814749370254725935e+00	6.356058558338706366e-01
nan	-9.926632619510717959e-01	1.059301844013683214e+00	1.696935906679595818e-01	8.410415003316444871e-01
nan	1.333061565542990934e+00	-5.362900511906074641e-01	1.197421770286485554e+00	-1.015705806861953331e+00
nan	6.496816409646624102e-01	1.284638618617207628e+00	-1.601211684715632064e-02	1.139980434751390215e+00
nan	1.324568377755609427e+00	-6.190854063925426143e-01	-3.016465335368467282e-01	-1.673973400712650828e-01
nan	-8.539077041124406575e-01	9.636470197428150808e-01	5.477967973215890352e-01	1.118317538806810507e+00
nan	1.307157104677632242e+00	-1.623839365928271494e+00	1.147870150075930074e+00	1.118666435563817840e+00
nan	1.294417433391082950e+00	1.146319608301130666e+00	-5.071075595239908640e-02	8.085670556964541858e-03
nan	-1.121037218681657066e+00	-1.730120740122440770e+00	-6.377491132060774115e-01	9.579996956508073092e-02
nan	1.080031744595167487e+00	-1.343462286294081043e+00	-6.399450456876366600e-01	-9.338055514568095461e-01
nan	-1.323248600523469154e+00	3.606154533510117499e-01	1.198091757814270242e+00	-6.837056828855377910e-01
nan	8.936933691800131863e-01	-2.512877391731651588e-01	7.863129936556187971e-01	-9.570267181278999669e-01
nan	1.731310980428326651e-01	2.264191443720562802e+00	1.059350011643610534e+00	-1.563914984699618094e+00
nan	-1.168247849327712640e+00	-3.384802975517271495e-01	1.889065487627981765e+00	-1.141849003552407593e+00
nan	-1.812039047126427160e+00	-1.041931341076474116e-01	4.567652818697814920e-01	-1.061234380774499275e+00
nan	-1.571582533075338350e+00	-1.157699715360834603e+00	-9.431914180505612810e-01	-1.886462679931149911e+00
nan	-2.251202367386472947e+00	-1.335694522002154994e+00	-1.482006061082130621e+00	-3.447984982924858222e-01
nan	-1.015896770352993084e+00	-2.379784101161377396e+00	1.235813855963383778e+00	-1.679975696458459455e-01
nan	-1.154108533636200695e+00	-2.499663429949700033e-01	-6.351702989858115656e-01	-9.570306945826626555e-01
nan	-2.243093435709141215e+00	-2.043047060239994828e+00	8.337482632940209637e-01	7.446804553540973259e-01
nan	-1.285404671314159808e-01	-2.205684294148073654e+00	7.481642226099148585e-02	5.860157972936252957e-01
nan	1.131805612176877585e+00	-2.598555465243457818e-01	7.426043396397010721e-01	1.777909732778953034e+00
nan	-2.315985879811810477e-02	1.351587071824552178e+00	-1.716520681391753955e+00	-2.576395283557182392e-01
nan	-7.959621235792186944e-01	-1.105926797125048600e+00	9.252509756207081271e-01	-2.559591067841468615e+00
nan	-2.286227461180845744e+00	-1.975287332474862989e+00	-1.383605135088874782e-01	-1.135955333061639649e+00
nan	-9.686053707304551619e-01	-1.669298029209315359e+00	1.157595600550849868e+00	7.773879899946348759e-01
nan	1.454151306003109045e+00	-1.487639869819937122e+00	-4.925214044766487720e-01	-1.188385681055341481e+00
nan	6.338873370473685487e-01	1.178120778886346143e+00	7.744287702939162132e-02	-3.194578049274744980e-01
nan	-9.783794814100041926e-01	1.992670988895843376e+00	1.196080862400813460e+00	3.596624773550967102e-01
nan	1.109612852869280575e-01	-8.600037022269622078e-01	-6.044970960675687816e-02	-1.446950979537303672e-01
nan	-1.250755454625644414e-01	-5.931978736260057339e-02	-1.087675026426575320e+00	2.003969190628718255e-02
nan	-1.757204679388896795e-01	-3.990923762909227013e-01	1.174595165864201318e+00	-5.100055057938736036e-01
nan	-8.067164763435741293e-01	-3.566443941418862007e-01	-3.354807828183851703e-01	-9.739428590716521505e-02
nan	-6.313539541861804549e-01	-1.929436549983006843e+00	-5.045689480541218908e-01	-2.384095787895357532e-01
nan	-6.370303993751518234e-01	-5.817440896011466522e-01	1.436780487134994955e+00	7.401314060979309328e-01
nan	-3.130954713583635751e-01	1.538469453963731137e-02	3.847912056363844702e-01	4.068304901441546773e-01
nan	8.074120119651253535e-01	4.097196323533386364e-02	-5.877421882019683297e-01	-2.235354593594000683e+00
nan	-1.739532347065008810e+00	3.922587540534583361e-01	3.530988247624942122e-01	-9.120731289127649299e-01
nan	-7.342919013202654499e-01	-3.824629411883477381e+00	7.988730359545731519e-01	-2.841705068179494198e+00
nan	-2.725353783078929393e+00	-1.133620913560394960e+00	1.553252448668681396e+00	-1.315531084207267609e+00
nan	-2.286879912843464702e+00	-3.834115932255826920e+00	6.136472874353774420e-01	-9.486285378068046725e-01
nan	-2.040511468434312858e-01	-2.799056415988898205e+00	-2.764419372021805765e-01	-5.474590824354861329e-01
nan	1.334467347372580548e+00	-9.051951106564626315e-01	-4.557912533164920066e-01	-2.208821075783873600e-01
nan	2.430821792225784372e-01	3.595129636457136124e-01	-8.782465925352381797e-01	9.801114912744128826e-01
nan	2.095358150826525101e+00	-2.637187910001830282e-01	-2.624516034298421285e+00	-3.638757319843956561e-01
nan	-6.313196086426482445e-01	2.283739169993584284e+00	1.970325340506845768e-01	-8.217954741912473215e-01
nan	-1.277829174833639891e+00	-1.171722178749272869e+00	-4.612356858730274345e-01	-8.497230423385734310e-01
nan	-4.136403684100398159e-03	-1.163254260179193089e+00	-1.862365760645654511e+00	-4.187321706277448707e-01
nan	9.338243040462219646e-01	2.930951173084915262e-01	-2.948604239664964766e-01	2.862272958075005036e-01
nan	1.060375367549206249e+00	1.449674280395861548e+00	9.444883235245525865e-01	4.502595613706589783e-01
nan	1.158257369777144996e+00	5.341632182782359850e-01	-6.169941649507071357e-02	-7.117854329444671391e-02
nan	2.637314132749638551e-01	7.975659961660981345e-01	2.294132661744542334e-01	-4.253801559964454082e-01
nan	-1.173563026889943073e+00	1.187073737661441253e-01	1.780658168932807595e+00	6.312824062192123886e-02
nan	-2.704136334815361864e-01	-1.450359914781673032e+00	6.327651920635539717e-01	-1.375026037530528988e+00
nan	-1.949505448044722478e+00	-1.825200904812313007e-01	2.031120344955318568e+00	3.037741478346213664e-01
nan	4.109700236339051682e-01	-1.820493343946251175e+00	2.863833652608760882e+00	-2.691650814949443984e-02
nan	-7.947144927268906534e-01	-7.722068259708956273e-01	4.825700303132727798e-01	4.699142744177177144e-01
nan	1.530369610316618001e+00	7.647620097702201303e-02	-7.977570469556345412e-01	1.494996041688129162e+00
nan	1.820404387770277577e+00	1.297536864649586619e+00	-1.266431713968197537e+00	-7.921575451042330851e-01
nan	-9.426904957249897521e-01	1.480109655685104997e+00	9.706885291770473989e-01	-1.290795795054950457e+00
nan	-2.832461877503298364e-01	-2.315020664720896182e+00	2.161126623872720171e-02	-2.589259271149143005e-01
nan	-1.422111918801926000e+00	-6.576900075616866070e-01	-2.081349202323491687e-01	-1.104533534361227032e+00
nan	-5.179651033333749766e-01	-1.810455476436090727e+00	-1.077084372334660145e+00	-3.314433610495793880e-01
nan	-2.401210759467033107e+00	-1.171909725171559558e+00	6.276371615460241138e-01	-5.494605727387632532e-01
nan	3.922100904664967969e-01	-3.236639249188406176e+00	5.029015060131071246e-01	1.664937690826757966e-01
nan	-3.923835834201483408e-01	-1.267253075166354659e+00	2.137351450253329940e-02	2.664474073998653880e-01
nan	-1.353657497754232608e+00	-8.589386964369765121e-01	-9.301741052401915621e-02	-1.826420654258182341e-01
nan	-8.778350382138555563e-01	-2.497047396744864756e+00	2.284566177858981528e-01	-6.738620701021172943e-01
nan	-9.515445521255502248e-01	-2.469091419806935805e-01	2.023705369478570049e-01	-1.290758685876381762e+00
nan	-7.981006971024768859e-01	-4.817682381025653604e-01	-7.287919350537648278e-01	5.930442227514821640e-01
nan	1.280674645557068114e+00	1.319499987806751040e+00	-9.830989320513048302e-01	1.358621379641487215e+00
nan	1.292165114337482601e+00	2.541595683020164920e+00	1.149323762881967692e+00	2.651956284306134837e+00
nan	3.243792992266443242e+00	1.761051018628932319e+00	9.951244919943390277e-02	9.347197786221498328e-01
nan	-3.669465708015751115e-02	3.903118231627542123e+00	-6.376990426600696038e-01	-7.211367179407788264e-01
nan	1.411112580329987320e-02	-5.880877236243968742e-01	-1.462090081030539723e+00	-2.000266923842950600e-02
nan	6.101029965913856712e-01	-1.822385633947013195e-01	3.160644818940722828e-02	-9.625807474798704355e-01
nan	-3.642021626960464387e-01	1.719199049253298028e+00	9.618793605666424718e-01	1.525005631226180380e+00
nan	2.605820173519006744e+00	-1.679264536543684017e+00	-1.433478634304643728e+00	2.392573159033299923e+00
nan	2.947387494294811283e+00	3.487850771774380743e+00	-1.217153900305237624e+00	-5.815234908931062874e-01
nan	-1.239833889456466443e+00	2.594205535354932479e+00	-5.368014588969473033e-01	8.254781309495862196e-02
nan	1.210671097913549321e+00	-1.689997849498047211e+00	-3.358912364647201332e-01	2.181133712406571945e+00
nan	1.654846764335828446e+00	4.255555210243333608e-01	9.355699966485963026e-01	4.098017446241283834e-01
nan	1.208497665851564484e+00	1.041263638830069338e+00	-6.150137151827786974e-01	8.146262164220758883e-01
nan	8.639444800936850744e-01	2.203384891921851718e+00	6.728137408620726845e-01	6.350732413458446413e-01
nan	-5.902147179478096639e-01	1.334267093427211170e+00	5.926207765158875151e-01	2.609565367433530625e-02
nan	1.907184859223962636e+00	-1.520702523487691415e+00	5.707767581335881912e-02	4.719311524046657796e-02
nan	-6.698027606435208448e-01	2.180240643406588408e+00	-9.275117929626844893e-01	6.426747225372196892e-01
nan	2.344590424181417720e+00	-6.541433620608776423e-01	-4.603264643201774309e-01	8.627110395919224128e-01
nan	1.242616162773009236e-01	1.921732395773922297e+00	8.863047534977140929e-01	-9.815771574245822917e-01
nan	-2.697310849064235239e+00	-8.932874192894029175e-01	1.284243481529010911e+00	-7.934768774480560616e-01
nan	6.163290973992552324e-02	-2.425546411269335234e+00	1.052614098842811652e+00	-1.731843372902262812e-01
nan	-1.395438679352397404e+00	-1.072452016558469168e-01	2.879375958642169109e-01	8.235789166102179815e-01
nan	5.084459920722967929e-01	-2.615405806910706232e+00	1.643392751669006391e-01	4.675218454371516952e-01
nan	-1.521427273630835630e+00	2.225063141941176603e+00	-4.943753122956583840e-02	-2.585445885180240877e-01
nan	8.812354500001940982e-01	-2.627475599982116883e+00	-2.381598207701013603e+00	-8.752839013133461021e-01
nan	-4.417407956342235265e-01	7.939576134799952722e-01	1.309837206717260998e-02	1.796603195584568047e+00
nan	3.774644988578363947e-01	6.529236873011735609e-01	1.716812972002506321e-01	1.074356012629739565e+00
nan	1.055396247744925908e+00	1.049561767063661666e+00	1.348199112068485084e+00	-1.284503725025471166e+00
nan	-2.031996464083811738e+00	-1.163206511374265339e+00	-2.025398009375561637e-01	4.922067953198158152e-01
nan	1.894452627227438679e+00	-3.904582878441796190e+00	-8.651884509204160745e-01	3.667835146892269860e-01
nan	1.055145453949085876e+00	1.573063481301801625e+00	-1.313466739619582269e+00	-1.614944942355388768e+00
nan	-1.850845855003565354e+00	7.205530586147362859e-01	-9.681350319705918084e-01	5.036017955712664973e-01
nan	1.480347850965625156e+00	-1.049288916129402782e+00	-3.870699087516104031e-01	-4.645328347207277053e-01
nan	-4.941861411296881723e-01	1.184054085213093188e+00	8.355213800403449298e-01	3.890007397797803357e-01
nan	2.587879038612757032e+00	-6.844819686914292989e-01	1.294797266341118247e+00	-5.597574118017187850e-01
nan	1.433644319270998002e-01	2.591216624391035062e+00	1.425264441090612691e-02	-1.841943092268465421e+00
nan	-2.690283267129468303e+00	-2.461500628350872688e+00	-2.668152013250485455e-01	-1.126583204415814721e-01
nan	4.706452782100093990e-01	-1.331970178329370258e+00	7.785310756843998314e-01	5.709174916521873033e-01
nan	1.819145542889588851e+00	-2.509606130037982941e-01	4.500695684608010394e-01	9.195693200773015497e-02
nan	-5.557250569063902912e-01	3.130702633906254473e+00	3.091627259611282041e-01	-1.089864528388515330e+00
nan	-1.243290921627788093e+00	-3.925765714042225296e-01	-6.203451733616524022e-01	-4.481623054585789356e-01
nan	-7.023642934195342136e-01	-1.210922466661529473e+00	1.543535410374385075e-01	2.299832138952447202e+00
nan	1.859530110850642348e+00	7.126979245619100567e-01	2.914739565398698218e-02	-1.647102188656559774e+00
nan	-8.547988655639454647e-01	2.533143861649136408e+00	3.589845394562141689e-01	2.083610051053644552e-01
nan	2.862747832065514197e-01	-2.366309288807079358e+00	3.809227633003782476e-02	-5.199736538951185150e-01
nan	-3.637985447153164742e-01	2.971854617806600207e-01	1.113444497852233539e+00	1.070436448576671751e+00
nan	6.254638814365036659e-01	-1.991032267989906401e+00	8.332458444846553569e-02	6.534826485663534079e-01
nan	-6.551419248836953813e-02	2.615540442383677444e+00	1.713830386511712711e-01	-6.450320177578816594e-02
nan	-1.976901377625358280e-01	-1.218026749575419787e+00	-1.056078401126236743e+00	2.090525289167727063e+00
nan	1.042308254300343018e+00	1.625801437364237989e+00	1.686481589225742872e-01	-2.275369091109615827e+00
nan	-2.720989857585764948e+00	1.480048076867680251e+00	9.086277455395511682e-01	-1.238654897018097500e+00
nan	-2.712387456059111912e+00	-2.583771881871991472e+00	3.120670187391195727e-01	5.411377249606661444e-01
nan	-3.972627868306866095e-01	-2.038744833992424343e+00	-1.097074555455286760e+00	5.150838128601061827e-01
nan	-4.237387052024129686e-01	1.750340484369645733e-01	5.180089454770510082e-01	7.795191089448236799e-01
nan	-2.296075525790455263e-01	7.308018167021786970e-01	-7.331838964430450467e-01	-4.510688049035500025e-01
nan	-1.307870784522634056e+00	8.605594075150166944e-01	7.931174896785945228e-01	8.072153132995714131e-01
nan	-1.181556134697467453e+00	-1.191046592589376063e+00	-4.907397190012774413e-01	-6.054682511836886058e-04
nan	1.420592870967035237e+00	-1.075915878904356582e-01	3.720658661193511074e-01	-2.595132408272868840e-01
nan	-3.904032359335849467e-01	1.722271379017427773e+00	1.257945697759433434e+00	1.194647358080408006e+00
nan	2.123500934874544832e-02	7.135661693392232330e-01	-1.105338661421068069e+00	-7.988839657910128123e-02
nan	-1.209151639461168770e+00	1.364449247590660663e+00	1.466257249411868413e+00	1.036709690634887826e+00
nan	1.229759816889407054e+00	-3.878879871434036675e-01	-3.181578407427588240e-01	7.807684373077341221e-03
nan	7.992192092092293976e-01	-3.816038639047558689e-03	1.078893126543600811e-01	-1.107331575720177597e+00
nan	-2.872758641101770927e+00	-2.785909149666030427e-01	7.987651991675714935e-01	-9.492054541064833817e-01
nan	5.079618945980901579e-01	-2.454020549195055523e+00	-1.763602926069228527e+00	2.095634769307539169e-01
nan	-1.000993080344763531e+00	3.094170412918593183e-01	-3.799803857163102649e-01	-6.845445204905910297e-02
nan	9.599506615444735047e-01	2.986723547336265217e-01	9.598579724319454831e-01	7.318289920456768627e-01
nan	1.163970229631269504e+00	3.009557784705447769e-01	-5.750828937023064191e-02	-2.060837338597485136e-01
nan	-8.193622071255355355e-01	1.914019944870468226e+00	5.671535427136034091e-01	-8.959237650632357886e-01
nan	-6.929944222842072676e-01	9.569169712689156171e-01	2.143952274178488604e-01	-1.078571883124373798e+00
nan	3.946243788539591790e-01	-2.052197444236607105e+00	-7.381035651662066766e-01	-7.284185688830107086e-01
nan	-5.602370580309146142e-02	8.119785462257886888e-01	8.276985852506583141e-01	4.947221365727965670e-01
nan	-7.712212480620397326e-01	7.994311107658041982e-02	-2.125150595350592531e-01	-3.378453935868856450e-01
nan	-1.874532971670275439e+00	-5.617806732140024906e-01	-7.309058414839804119e-01	-1.261450612706608521e+00
nan	-2.487488924246641364e+00	-1.792227261371980074e+00	2.232133154889880955e-01	1.578456538131233627e-02
nan	1.396520742588647002e+00	-1.292913431816758552e+00	-3.501682783817238742e-01	8.222459707398839246e-01
nan	7.316977090506306958e-01	-4.357038992503894370e-01	1.323384263619360901e+00	1.310701253987427428e+00
nan	1.302094575298611945e+00	2.836714288649138660e-01	-2.309425412278286460e-01	1.532268589149548242e-02
nan	7.713200717773396331e-01	1.341966575935358286e-01	-4.743801598864629265e-01	3.447312552426982091e-01
nan	-7.629778149146946298e-01	1.158928662490903871e+00	1.234543035775272912e+00	4.875474428909296609e-01
nan	2.480442935302109575e+00	-2.170173301507967611e+00	-8.444921110202601167e-01	-4.729116192419326459e-01
nan	-1.392797509566127800e+00	3.430480941837842579e+00	-1.379963306308231052e+00	3.254236064299175779e-01
nan	2.440421923677086102e+00	-7.312639449272422265e-01	3.842715580756709270e-01	7.158870576995247648e-01
nan	1.212738874613943807e+00	2.963067140910550901e+00	1.329317386583436456e+00	-1.158138924550815130e+00
nan	-1.153439060451573850e+00	1.653631918516260679e+00	4.220228853716473383e-01	-1.392470237880846895e+00
nan	-1.676846816548919428e+00	-7.942940286116189075e-01	-1.510252691663679592e+00	1.984827087552546998e-01
nan	1.415630610541507961e+00	-1.245650150187092020e+00	1.468872920926264314e+00	-3.262917531574086039e-01
nan	1.154873199556444074e+00	8.368123037905321748e-01	2.206513545380067054e+00	-7.107475050542615413e-01
nan	-8.367927811615172295e-01	3.004372007985401716e+00	1.752512387414784323e+00	5.006396191791999684e-01
nan	7.082816021589531941e-01	-1.513576937468498196e-01	-7.670352765341446055e-01	-2.851482212412110862e-01
nan	1.188646400791445679e+00	-1.025494104083156888e+00	1.876021726814820489e+00	-1.548911662753076346e+00
nan	-1.551363535346554690e+00	1.597712180179883923e+00	-9.436047748640645771e-01	1.506624720305171028e+00
nan	9.725070639880937229e-01	-1.836864290758048135e+00	1.000526990785876258e+00	4.587086915289227407e-01
nan	1.354972684332810706e+00	1.543904211311114549e+00	1.326351026975794767e+00	-3.246060208612174147e+00
nan	-2.668905699568609791e+00	6.048156192909941442e-01	-8.598840482131528962e-01	4.924539917541645995e-01
nan	1.614736428949565372e+00	-2.407375751257237351e+00	1.469807144550540623e-01	-1.039330814061648622e+00
nan	-5.054397391504632520e-01	2.068838053109222308e+00	-1.503591004001324949e+00	-8.477131263059935196e-02
nan	-1.406510648254398754e-01	-2.063714843381476705e+00	-5.928116488210578572e-01	-1.947798049546046184e-01
nan	7.011897698989357774e-01	4.362385568581931272e-01	1.963575169231543127e-01	-3.741943943063607558e-01
nan	-3.568437530295226479e-01	7.804672023691137106e-01	1.616777974338879653e-01	-1.830363012955434077e-01
nan	1.915608016419320547e+00	2.078612704767817121e-01	-1.696019598154467969e-02	7.147909756597562447e-01
nan	-1.015670807436289458e+00	-3.325534442759174869e-01	-1.155587515340527505e+00	-1.025814569450131497e+00
nan	-5.268734131264714016e-01	-2.800722113650409462e+00	1.734070860460390939e+00	4.463524765819524842e-01
nan	3.346014726573277032e-01	-2.643449609916629583e+00	1.586719537968358740e+00	-1.072931808280529031e+00
nan	-1.226155457110550628e+00	-9.161916804633154499e-01	2.052236333761155773e+00	-4.235813191924815979e-01
nan	-2.485063940847673514e-01	-2.074948781850380009e+00	-1.491783384133863244e+00	-8.515272567686043015e-01
nan	-1.381827148216363765e+00	1.262350224869534632e+00	-3.860525310888849870e-01	1.373817937782846110e+00
nan	1.583044416007349797e+00	-1.994820660356372510e+00	-7.848268723893586651e-01	1.775825291863227573e+00
nan	2.598135557447720512e-01	2.324160466020490201e+00	-7.005952980321381585e-01	6.372196167188503013e-01
nan	-2.506574967115835495e-01	-9.782473069075128258e-01	-8.689948644405994793e-01	-7.886053921496243291e-01
nan	-5.001394173175899294e-02	2.491567020679726352e-01	2.120737860489441573e+00	-6.117883464044800990e-01
nan	-7.912223775232845036e-01	-6.003503138358675661e-01	-9.554966830466825600e-01	-3.697358081535926932e-01
nan	1.453162919436716272e-01	-5.562620577141206279e-01	-4.832046320619472479e-01	7.956031039881982236e-01
nan	1.098331596723319814e+00	6.697672691770115705e-01	-1.950716060820444575e+00	-8.430494343160861437e-01
nan	-1.512408881323271448e+00	1.607969104573444774e+00	2.945810411699633091e-01	2.523682163828113167e-01
nan	-2.628493184006048256e-01	-1.022540530500388289e+00	-1.531473579615483249e-01	2.190693181907068077e+00
nan	1.006719613075094610e+00	-5.837525612431286870e-01	-1.126434793525203482e+00	9.043054013776288813e-02
nan	6.095774469579100519e-01	1.264979310093120812e+00	-1.655136197552278032e+00	-7.523645658222675170e-01
nan	6.074918130583493170e-01	-1.957282578329766487e-01	2.002221338590763899e+00	9.213881442814660927e-01
nan	1.926067383269026934e+00	1.654672397083859270e+00	8.226829697549987719e-01	1.183342468212955856e+00
nan	6.190443645132859274e-02	3.811430910530918759e+00	-1.808998317528395239e+00	1.244346519418469743e+00
nan	2.957743135769564713e+00	-1.630162911379758051e-01	6.381711663122340283e-01	6.732496712118123394e-01
nan	2.965733138387383616e-01	3.833811276664272683e+00	2.690813134139324325e-01	-1.628001476351447430e+00
nan	-2.368241895897046145e+00	1.189519680183180883e+00	9.842564283351383780e-01	-1.906284290123147207e-01
nan	-1.403189619733529625e+00	6.048533503043684867e-01	2.325805461746999481e-01	1.078837903683924848e+00
nan	3.022030940852197256e-01	-1.885491905381681654e+00	-1.446677240240213380e-01	9.224545371184925679e-01
nan	-7.691603224830768637e-01	1.471352995869088520e+00	6.525513523827737306e-01	-7.621447947884962826e-02
nan	6.910850089323224976e-01	-9.492327567998914972e-01	7.085320446441687459e-01	-5.259477910410049750e-01
nan	6.367344683626970925e-01	-6.036353160658403105e-02	1.486247839643092039e+00	-3.814454312189593521e-01
nan	-9.549011616000988578e-01	-9.665520385798925806e-01	7.545612638091585278e-02	4.497076014159783197e-01
nan	-3.929195174079942454e-01	-1.451580563645809008e-01	-8.295334773836440800e-02	3.752353850392693979e-01
nan	6.003272999445548042e-01	-1.609754777821549743e+00	1.114102026602897366e+00	-3.775284377377411960e-01
nan	6.765910966385713099e-02	1.229486264347527502e+00	-9.045049178449874328e-01	-5.149971502747155983e-01
nan	5.892063310833850487e-02	6.098272286675875398e-01	2.819401720836757219e-01	-7.676656157523702173e-02
nan	8.513047277866703233e-01	-1.309411634626549192e+00	-2.821754001655628064e-01	-1.305259835770987475e+00
nan	-2.120643502831776495e+00	5.004887764856693622e-01	-1.125692332362786957e-01	4.696993532188297182e-01
nan	1.375530919900971760e+00	-2.561056095686374157e+00	5.082064142066411438e-01	2.950134370307078591e+00
nan	4.321208686342812300e+00	2.479283078476865576e+00	-5.115382286644907239e-01	1.015099711642604818e+00
nan	1.693326777371796155e+00	5.242978256409534410e+00	-1.198683603832890299e+00	8.046754628308840918e-01
nan	1.180623763790856540e+00	1.234574771435170915e+00	-3.443692770954469018e-01	1.275983706998244260e+00
nan	1.658071425311011815e+00	-3.935294136111044949e-02	-6.867128201095034079e-01	7.784215166496959437e-01
nan	-1.336861683444088511e+00	1.941715251301657119e+00	6.433289021270519603e-01	-1.335593849062340077e-01
nan	-1.475200139407362387e+00	-2.043581289837266723e+00	1.309752554802562363e-01	1.018400180588387577e-01
nan	-8.319063974570396480e-01	1.719913372201462565e-01	-4.940756261654236092e-02	1.030697246009524060e+00
nan	5.687900023711469633e-01	3.607162342053882309e-02	6.008638858999648669e-01	-1.145227824671338324e+00
nan	-1.419215726917303799e+00	5.240969101308475819e-01	6.699933434034210933e-01	-9.172669429937354568e-01
nan	-1.033474856112332585e+00	-1.661129761067962063e+00	2.884596947570635672e-01	-3.946414995654894398e-01
nan	-1.254215583749109353e+00	-2.104753500663358423e+00	-2.036132592804753561e+00	6.724091652979301559e-01
nan	7.160594404371312116e-02	-1.797040958963773027e+00	5.531271466338464338e-01	-4.569079443306119370e-01
nan	-2.962722327514125675e-01	-1.581025361940314733e+00	-2.731338295454557169e-02	1.165739768165781898e-01
nan	1.510641573942886895e+00	-9.513957097763175996e-01	-1.915923998924050409e+00	-1.605889403547963168e+00
nan	-1.896682735086895111e+00	1.550399870960751603e+00	1.246851871183257687e+00	-4.261187527972064987e-02
nan	9.167294897312249224e-01	-1.579745597253903400e+00	-1.962757187548216375e+00	-4.944186800160699224e-02
nan	-4.378079957345136775e-01	1.185275138557242425e+00	4.624336226451760679e-01	-2.790664749654654386e-01
nan	-1.162503885714933682e+00	-8.814917703253162262e-01	5.412722558445199894e-01	1.229630987133022213e+00
nan	1.347122606279713697e-01	-4.078184783064787711e-01	-6.326127215728457598e-01	6.870324636268151375e-01
nan	-1.203760657080281238e+00	3.779661587716069970e-01	9.458750074197423974e-01	-2.202488977012837523e+00
nan	-2.989265693073221541e+00	-2.118667914666989116e+00	-1.220690111011919710e+00	1.699272437942743186e-01
nan	1.175663456947634522e+00	-3.815183407252038972e+00	-2.986335557062496648e-01	-5.832835881351975393e-01
nan	-4.813264356351882878e-01	3.499285973832254815e+00	1.583104993436295141e-02	1.938395555229503575e+00
nan	1.289203206159994730e+00	6.595015951168592405e-02	-1.088714525311497594e+00	-1.232975571852761715e-02
nan	-8.366387599583233192e-02	7.864352960556715288e-01	1.080651487622104501e+00	-1.037684095189224998e+00
nan	-2.532191435499007603e+00	-4.744681026729316020e-01	5.821530900117620755e-01	-1.015372415388746008e+00
nan	-1.667356607880499553e+00	-2.384239350075398445e+00	-1.200258526364790246e+00	-1.114063556613734907e+00
nan	-2.519404843192408983e+00	-1.760061316842439050e+00	7.213006842398501650e-01	1.622774422978110198e-01
nan	-1.175802686785976547e+00	-3.286344661562984104e+00	6.009906342307882454e-01	-7.815909748405593938e-01
nan	2.872824572259760068e-01	-8.834983509055902573e-01	-9.764934446443310767e-01	-7.185761164404148860e-02
nan	3.253940119316872104e-01	-8.981591804091719755e-01	-1.963479158946888958e+00	-2.252484343372040398e-01
nan	4.949255231694714152e-01	-2.929925660150040634e-01	8.982438846490703455e-01	-1.752523651165781293e-01
nan	-3.396126692467975605e-01	5.977401670372788356e-01	-1.097293332211469075e+00	-2.361230392114529453e-01
nan	-1.628794287655249917e+00	9.284579322162300752e-01	-5.336994880129076746e-01	-7.427199953992150716e-01
nan	-1.620177755108834328e+00	-1.333835084434825013e+00	4.509082951189098964e-01	-7.365117052658467500e-01
nan	-6.624001804048581521e-01	-1.864616100075016103e+00	-1.282249851661149131e+00	-1.597646749772809072e+00
nan	-9.023328541377857448e-01	-1.551129927848930112e+00	-1.628437498921114501e-01	6.466541953715252422e-01
nan	1.118048881093226532e-01	-1.285796444026908958e+00	7.591767099109166805e-01	1.316627903541471634e+00
nan	3.339340353765707370e+00	4.825193488108024953e-01	-1.701536145563300462e-01	2.226103004607202784e+00
nan	3.150815517335447069e+00	2.032306572146924672e+00	8.250958671473741513e-01	-5.057688257191534920e-01
nan	1.027273169742873860e+00	2.799308217295078727e+00	2.940025839394147696e-03	-8.120573197239765451e-01
nan	-1.673279289829515237e+00	1.178214016965181576e+00	-1.593391306407710706e-01	4.552292053903217450e-01
nan	1.794127944255014429e+00	-5.043107032599358774e-03	1.059060705614436770e+00	1.631698690191791368e+00
nan	3.695428654319479200e+00	1.091581617669916682e+00	-1.290314026650822621e+00	-3.309296789995494481e-02
nan	1.329600265650796809e+00	4.114011008428032135e+00	-5.356662661714433060e-01	-5.261936286110571181e-01
nan	-9.392578989573294734e-01	-6.784367506428501393e-02	9.883408158539572774e-01	3.288717577162210692e-01
nan	-2.751853903328025930e-01	-2.628707737422838697e+00	3.158874519820558668e-01	4.720196682255889398e-01
nan	6.704462111614547526e-01	-1.477345397595898335e+00	2.324680155879788324e-01	-1.031850846151187495e+00
nan	-5.609259676438416165e-01	1.316031353596160969e+00	-1.008187513625933951e+00	1.638715973559749628e+00
nan	2.171956540885640496e+00	-1.664201924632617846e+00	4.362309903853481274e-01	1.558060981557866320e+00
nan	1.904321193190957384e+00	1.362987964440912858e+00	3.778228849953189639e-01	-4.396641742403117337e-01
nan	9.830095257814239762e-01	2.325741159265374947e+00	1.318026983372018623e+00	1.132063816881338392e+00
nan	2.674961442369084175e+00	1.529547591076987789e+00	1.863508394598711870e-01	-2.394238800814463553e-01
nan	-3.657127842805036888e-01	3.251776473751308405e+00	-4.674115442139391008e-01	-2.104308452513431238e+00
nan	9.855064018997161668e-03	5.760213932327479247e-02	2.192498248354736445e-01	-1.685443635025071663e+00
nan	-2.131012701566678658e+00	1.225358899705275784e+00	3.173300105655746384e-01	1.978071614510377718e-01
nan	-3.982798612294917162e-01	-1.433112413070113167e+00	1.028356671794362631e+00	-7.904036723481229210e-01
nan	-3.242174619191758200e+00	-8.389773157258421099e-01	-6.832752426018667835e-01	-1.293001536505445470e+00
nan	-2.335160939478124753e+00	-3.070263470731814159e+00	1.394111790419653607e+00	-6.102238924316908397e-01
nan	-8.529485545246047185e-01	-1.870179958099921880e+00	8.417297542113958420e-01	4.251325501035792542e-01
nan	-4.623259734152523892e-02	-1.518119309373437753e+00	3.114497776353888914e-01	-2.155941632132343522e-01
nan	6.191637403167565834e-01	9.583825479895551336e-01	-3.011894110214646259e-01	-9.433139952635181125e-01
nan	7.709114031580255322e-02	-9.662379894790479318e-01	1.724311595715838710e-02	1.299158085199167423e-01
nan	1.137125560935049462e+00	-3.381031743715014470e-01	-9.711797510812264500e-01	7.622102114909128368e-01
nan	6.681542132534834533e-01	1.364143750661209964e+00	1.159493222202810037e+00	-5.481551541591564991e-01
nan	-1.097276417762706346e+00	-4.531560573871156183e-01	8.204307088608067122e-01	1.002830241165780928e-01
nan	4.400391044088240999e-01	-2.599439886394129262e-01	9.385118552084591448e-01	5.512957866033375148e-02
nan	1.980281432234650252e+00	1.555494327795468923e+00	8.213343395520884549e-01	7.656293065532000508e-01
nan	1.142271522717897891e+00	1.146862300102437615e+00	2.296578592467602709e-01	-4.923387170569771820e-01
nan	8.853545090918405469e-01	1.441616120818736801e+00	-1.302655931781769638e+00	6.448382920199967616e-01
nan	-3.168256172471040077e-01	1.399376562779562683e+00	-3.099979466015893026e-01	2.940075168004451234e-01
nan	1.278104342648164415e+00	9.079170949615071873e-01	1.340531831410529895e+00	1.360237076416771052e+00
nan	1.105528665154183132e+00	2.310424949976424003e-01	-7.455100047162628307e-01	6.271239988575597613e-01
nan	-1.614757540811969871e+00	9.805742740630793985e-01	-1.866961831420326456e+00	9.270927403404070066e-01
nan	2.393365489822599557e+00	-3.604692686130982260e+00	1.675785317696731225e+00	3.703087655687347518e-02
nan	4.885776467169392068e-01	1.638408611676189786e+00	9.013955147439123294e-01	-2.467392818238363095e-01
nan	-9.620583256337328359e-01	2.151823693515105607e+00	-4.719274791441573913e-01	3.742976497976259198e-01
nan	1.158822641378181473e+00	-2.296140687365188171e+00	-1.213705484462206607e+00	5.017279939680059364e-01
nan	4.350646693407700383e-01	1.458945705974156404e+00	2.747686747430469478e-01	-6.519511378410939306e-01
nan	4.128925288889523371e-01	1.074189136393216337e+00	-3.220362542298749742e-01	2.470471144240174999e-01
nan	1.409109136564927756e+00	9.377864310216387222e-01	-1.630856799833239501e+00	2.803227049478697053e-01
nan	2.130441615082934725e-01	2.903980441555741976e+00	7.766673424198914377e-01	-1.395274817273524093e+00
nan	-1.331796648871277799e+00	6.906129074654886457e-01	-1.574173472775424187e+00	5.982865630611796659e-01
nan	1.772060626103567071e-01	-1.231596730874755963e+00	-4.512258612305775629e-01	1.629403688612680812e+00
nan	1.579535683918437350e+00	6.275296332285807965e-01	-6.385474404528337367e-01	-2.351827035889847206e+00
nan	-4.497730454970565006e+00	2.252220670793320334e+00	-1.127107268839624865e+00	-1.092811924995931605e+00
nan	-2.192847100375655778e+00	-3.870613845491203797e+00	-5.190576215429888451e-01	2.746951853228076224e-01
nan	1.180409961716022416e+00	-1.902160640333691699e+00	-4.944296018486468713e-01	-5.189587157133427331e-01
nan	-1.646292642700973197e+00	1.740702508302277574e+00	1.329751613422486045e+00	2.085611973896119409e+00
nan	2.527942576678670950e+00	-1.966674062717779004e+00	1.156931619891909291e+00	6.133771898473912021e-01
nan	1.211889407286570020e+00	1.599897380279308390e+00	1.862901722125461124e+00	4.658489160602620194e-01
nan	-9.313177092244692146e-01	9.763058557804100701e-01	-7.047541536636681148e-01	7.741521621161308042e-01
nan	2.195010804816091454e+00	-2.833324760981388746e+00	4.599735143808204585e-01	5.047523128051691899e-01
nan	7.428850698237832173e-01	1.824431709952560210e+00	2.730969031964207150e-01	3.987529566745563470e-01
nan	3.703984141668025254e-01	-1.981344869301662426e+00	8.067131362745000311e-01	8.270327448059318076e-01
nan	8.677840955432759573e-01	9.208131886156666335e-01	-5.160392948138421421e-01	-3.110423682523712485e-01
nan	1.202026415948424187e+00	-1.165279872082648494e-01	-4.704591806119576836e-01	2.659644998523038595e-01
nan	-1.532918255624474146e-01	9.580139430438625592e-01	-9.690277880307247571e-01	-1.354866417303267401e+00
nan	-1.407588214179493091e+00	-8.181793490727806706e-01	2.044896155721745323e+00	8.876561970247739408e-01
nan	-3.351510604218436162e-01	2.465854170832737502e-01	2.961773685496273123e-02	-3.803646443662818677e-01
nan	6.247061647842921950e-01	5.009814998261968855e-01	5.083208611167704394e-01	1.354009721250569953e+00
nan	2.560604426067410344e+00	-1.591670532120821324e-01	-9.499940393238463787e-02	-3.892220228537867088e-01
nan	2.866780094347615160e-01	3.373578711399128238e+00	1.807764939337928478e+00	-1.108722796345906980e+00
nan	-1.050900032182185750e+00	7.350722069595739816e-01	-9.129849527671370923e-01	-3.194820713545497293e-02
nan	-2.493926956829501940e-01	2.646494185641934394e-01	1.282095216275833671e+00	-9.823128061579904369e-01
nan	-1.068557697652052774e+00	5.547347083157994074e-02	-1.609990438509651400e-01	-1.464984608578048242e+00
nan	-1.358152064039443774e+00	-1.601130686563431826e+00	-2.163183291552523535e+00	7.379712092583371463e-01
nan	-3.113731728371305074e-02	-6.698963880148697259e-01	-2.238517099629478424e-01	-2.486267233653393638e-01
nan	-2.025316746187912353e-01	-8.326900954578211889e-02	3.403140382877096748e-01	-1.017744912318222061e+00
nan	3.482942325651074977e-01	9.609475448485533811e-01	4.495335199026885831e-01	6.004838394988624151e-01
nan	-1.685035989480021534e+00	-1.158197319950958759e-01	5.148762304631554487e-01	-1.371017939070318548e+00
nan	-2.163176889696200700e+00	-1.130318864681528090e+00	1.596273363929366029e+00	-1.177061253897566523e-01
nan	-1.468932720211731047e+00	-1.017399700777259497e+00	-1.781922927605888773e+00	5.367905834625529282e-01
nan	1.482935914198515004e+00	-4.081353359298480754e+00	-5.507852612975036033e-01	-6.988347141853287203e-01
nan	-1.123785741636598168e+00	1.363254065919850433e+00	2.610422580645964663e-01	-2.615285850824037861e-01
nan	-3.683934525118501280e-02	-1.181850873452652495e+00	-8.945703614355339228e-01	-6.534969454574480752e-01
nan	-1.546833906644782264e+00	-1.650491214235580983e+00	-6.696098233132901090e-01	-5.173629457624507877e-01
nan	6.835368627137973219e-01	-1.469460336585592053e+00	4.915152890174730449e-01	6.257184840610744425e-01
nan	5.516998577521942115e-01	-2.894142323883697188e-01	-2.808820470904525024e+00	3.978199452557255045e-01
nan	1.081504935389725031e+00	4.372573004126782958e-01	-4.078561703372852731e-01	-3.724981697077297538e-01
nan	-6.392123708514307889e-01	1.260929196527672547e+00	1.200002185122683418e+00	-2.909075697708398984e-03
nan	-9.423986629886099697e-01	1.446111684404773667e+00	-1.587776578805550454e+00	1.694543645870290716e+00
nan	1.228777209514387181e+00	-1.466277906316552082e+00	-1.874676701574132798e+00	8.063024616845131110e-02
nan	-1.257954076807774157e+00	2.473985386099563755e+00	-1.555171971739413905e+00	-6.243516592404422250e-01
nan	-1.529812477934054504e+00	-1.229244204313592714e+00	7.794592031897666917e-01	9.941942000534012003e-01
nan	2.628406098382235490e-01	-1.197242829913742757e-01	-9.178413358356699581e-01	-1.736714994157054326e+00
nan	-1.774292379571993150e+00	1.902494739402345036e+00	2.489948613826914681e+00	7.560021086025749959e-01
nan	4.975448058026909481e-01	-5.321198139252498738e-01	-7.961957194992711484e-01	1.126296221639063289e+00
nan	2.736220741686020697e-01	5.654946860649755491e-01	6.127264662390564665e-01	4.590415909907961112e-01
nan	-5.329130860816313486e-01	1.527372517433673860e+00	-1.150950773291930518e-01	7.715674985963688615e-01
nan	-1.873251661956089054e-01	-2.413549326094845071e+00	-9.769811550667915068e-01	6.177871759966291343e-01
nan	-2.186446511854388541e-01	2.043651723965581812e+00	7.206919709810818420e-01	3.712138027617453706e-01
nan	5.324346902780426882e-01	-5.262133028845839000e-01	8.897418628826921916e-01	4.254021272753782945e-01
nan	1.951754499853333824e+00	1.111646265571010428e+00	-1.305110576509641296e-01	-7.753147321872323472e-01
nan	-1.227536761306962099e-01	2.245397952255933749e+00	1.824625561837454890e-01	-4.274690536890468628e-01
nan	-6.359486907223648178e-01	1.745655490883099903e+00	-1.920780952986538725e+00	-3.177156249591067128e-01
nan	-8.307104236837521416e-01	-1.967933261706104053e-01	-2.824190612734468475e-01	-1.549651347056778261e-01
nan	2.918652241115664570e-01	-1.680638039628808311e+00	-2.187905447474920440e-01	-5.487670110152029768e-01
nan	-7.753362063385446090e-01	3.464621035999652654e-01	2.455311756217493979e+00	-6.255639739318082926e-01
nan	-1.206438007771809762e+00	-1.249326315695011846e+00	6.474981811489792793e-01	-5.383588828773395729e-01
nan	2.651735482882400241e-01	-1.515215729084472551e+00	5.326173142331820376e-01	1.660641476068536182e+00
nan	1.516440404441185885e+00	-9.882696718734154118e-01	2.254195786902983278e-01	5.587584259240615525e-01
nan	1.752260702670125792e+00	1.574990202860779398e+00	-1.524335766211013077e+00	-1.437511713896371113e+00
nan	-1.859487997909181400e+00	2.383388742070152055e+00	-9.997180782857889580e-01	-2.194902710848417593e-02
nan	1.286371069586845772e+00	-1.787872370394885779e+00	1.442405793411893067e-01	-1.130888743055926682e+00
nan	-2.072852090054177143e+00	1.296695775933630168e+00	-1.496968254941814847e+00	3.057836061148123119e-01
nan	1.019674928246930179e+00	-2.012215315473920629e+00	1.258480762528199071e+00	-9.817243812993288188e-01
nan	-8.812374305641906824e-01	1.584154396883650895e+00	1.066706049365774955e+00	7.026840229679235383e-01
nan	-1.772941616233773221e+00	-4.757209619965836467e-01	4.194923067997732846e-01	9.216070129189005700e-01
nan	1.085088879093834446e+00	-2.325342482114409304e+00	-8.870800193433445724e-01	-1.305760133389433086e+00
nan	-2.372777521928340683e+00	1.951088753754226968e+00	1.139411313691598981e-01	-1.366720716473407871e+00
nan	1.109969957623120340e-01	-2.376709147446992798e+00	-9.414116477619444145e-01	1.473788697062951847e-01
nan	1.239784130736941492e+00	9.187918450336299281e-03	3.773927264092630796e-01	8.332493852922253641e-01
nan	8.560295318871001813e-01	4.162282072194401827e+00	-3.509384316232075918e-01	-5.521654361435214264e-01
nan	-2.467742481358181639e-01	-1.678394529836851889e-01	-3.892090175810671848e-01	-1.127432689818422595e+00
nan	-2.171204574168984491e-01	-6.649889690530627062e-01	-9.617392102653418151e-01	5.956265352354891268e-02
nan	8.504095689591434359e-01	4.721422399921411106e-01	-2.118078345392448436e-01	1.539867418298814794e+00
nan	7.263515273204861344e-01	-3.960841170253269761e-01	-1.329653980333158403e+00	-7.685319383520424763e-01
nan	-3.175742906826782286e-01	-9.259791883785279953e-01	2.921845932319605890e-02	-4.135459065422081304e-01
nan	1.212131010794228025e+00	-6.442704343357363861e-01	-3.780017699341010201e-02	-1.262543877398854875e+00
nan	-2.558146774821187908e+00	4.113922142285154626e-01	8.291463945469931263e-01	-3.632709594044681856e-01
nan	3.702301051984008273e-01	-2.653748182900742769e+00	-4.823689912349179432e-01	-3.117279947215359504e-01
nan	1.505499180395729830e+00	1.354123360108226759e+00	1.490271525547760989e+00	-6.371935992123771708e-01
nan	-7.331651654449243827e-01	3.231273161399728089e+00	8.052075325537820794e-01	-4.587424969935360863e-01
nan	-3.955100203182121965e-01	-4.464715679575129159e-01	-9.829715160395169349e-01	2.775583646861784493e-01
nan	4.468217239762561910e-01	-2.878646018385268013e-01	-4.618776336370048474e-01	7.225517401048932031e-01
nan	2.652360980913568422e-01	7.545418944851357557e-01	2.191772249966995378e+00	-2.260154111710946268e+00
nan	-2.925292607748040119e+00	8.924979022658215966e-01	1.368122759441244840e+00	-2.929989982648629088e+00
nan	-2.341804238509725522e+00	-3.648559539417489006e+00	-1.190838527383147882e+00	-4.326677284477281060e-01
nan	1.639802043166721512e+00	-1.095886126892656520e+00	7.745323283248249924e-01	1.577482179659171813e+00
nan	8.275903003967636229e-01	1.640005593689418451e+00	1.423730801834362514e-01	-1.542912785515409890e+00
nan	-1.816066007983321295e+00	1.828356412233106632e+00	-5.093001660577550771e-01	6.041291767096810261e-01
nan	6.156919928460902192e-01	-1.051732620001773588e+00	1.375386865039747608e+00	-1.247136448069496195e+00
nan	-4.460698330043290083e-01	1.708730624990757674e+00	-1.029998257358198943e+00	-3.726737411229965602e-01
nan	8.512219115416228554e-01	7.399140983273994054e-01	-9.760370444549769653e-01	-5.260860202483456927e-02
nan	6.598826065622918069e-01	1.618579818940010906e+00	1.080900602714806036e+00	8.015570824876646627e-01
nan	8.997073420361061391e-01	2.187397832613527271e+00	3.302878658645633930e-02	9.649630139139163676e-01
nan	-1.050043356310511378e+00	1.040271433200699480e+00	-6.568342645966687154e-01	-1.096759688449552295e+00
nan	-1.308411260244484842e+00	1.071312724692129681e+00	4.216846842088147751e-01	-1.519275482799848254e+00
nan	-1.252617938978856538e+00	-2.847818450995935891e-01	1.864813961091257855e-01	4.605068304534049028e-01
nan	-1.419360339407269578e+00	-1.282369129015379583e+00	-1.007214984057977825e+00	-9.348616424069944308e-01
nan	-8.819255530910186103e-01	-3.342742491151202699e+00	1.836420839938452065e+00	5.553327747729955854e-01
nan	9.921863087144110471e-01	9.327108694795747112e-01	-5.170163649135289807e-01	1.322470159678964086e+00
nan	2.840511301307088843e+00	1.495121174168876577e+00	-5.389927824963223202e-01	3.161284333205331976e-01
nan	-6.797049546709873491e-01	1.988499479314968177e+00	4.580020106494403498e-01	-5.291501428376134131e-01
nan	4.208361489334422334e-01	-7.384634125733825494e-01	-3.018919324081604794e-01	-1.626138228818247766e+00
nan	-1.943212292443466493e+00	1.139562443568350680e+00	-7.508749216245551583e-01	-8.366185607052070150e-01
nan	-8.157629643141757203e-01	-2.439263857996404550e+00	-6.796648467141910288e-01	1.993252553137702388e-01
nan	-1.536272210951625583e+00	-1.359932518335517759e+00	1.200641459301607705e+00	9.500842757880059164e-01
nan	1.306537020097915391e+00	-2.280751261993027690e+00	2.822451693261406047e-02	-1.058025566698261200e+00
nan	1.276099956435783334e-01	1.305937750357561988e+00	-3.578042254354022678e+00	1.992405419959097923e-01
nan	-1.279107434096091289e+00	1.253779534119248584e+00	-3.876970088884755250e-01	6.610706969008346423e-01
nan	4.813744890596414194e-01	-1.203275009257455785e+00	-5.704238972122745999e-01	5.543154743645598882e-03
nan	-1.433249119963359686e+00	9.482749858878960492e-01	-8.725976695872342814e-01	1.279889685209866901e+00
nan	2.227343089261447417e+00	-4.039078851355077937e-01	6.520430782284950544e-01	-5.994386238038742487e-01
nan	-1.423090106332731697e-01	1.128620957284250714e+00	-1.062220750929277591e+00	2.556475865037107109e+00
nan	2.673916281517685789e+00	1.271540618788988275e-02	-5.473291147505026100e-01	-1.158160678521668485e+00
nan	-3.363331921226531129e-01	2.217622623302797802e+00	5.112986919351805160e-01	8.136461074235458169e-01
nan	-4.446597326289366547e-01	9.270351833629913996e-02	1.116705922450398625e-01	1.143644173480527382e+00
nan	1.069847974089547016e+00	1.415976862932494251e-01	1.676291152261373929e+00	6.983723835014860049e-01
nan	1.217919886951522646e+00	-2.839761860790832593e-01	-1.426469474322265008e-01	5.215682654859244982e-01
nan	1.812323974836719920e+00	4.492230024168464286e-01	4.552130259371898191e-01	1.320629610069762538e+00
nan	2.295560166405440583e+00	2.090289706742780140e+00	-2.581111812916053738e-01	-1.146946016619512676e+00
nan	-1.685205692232705221e+00	3.180719821122975688e+00	6.596896428394786183e-01	-1.076057902231129404e+00
nan	-2.809295869390073808e+00	-1.529318646584676200e+00	-7.199973764956058009e-01	-5.487685700174033121e-01
nan	-1.098388984462370210e+00	-3.378758663430192932e+00	-1.357483686492690689e+00	7.422233591398947894e-01
nan	8.773557443540459522e-01	-1.210199465291829313e+00	-2.549706813493560209e-01	6.247495602516229818e-01
nan	1.155436012255983691e+00	2.256432385460756862e+00	1.755787048816453089e+00	8.371179200979242951e-01
nan	-9.824806744220103694e-01	1.743182681906138454e+00	1.849172757664394817e+00	8.665332259319632469e-01
nan	1.442761653639088593e+00	-2.316815716829854654e+00	-4.373836353112762199e-01	-2.434541912245272166e-01
nan	2.544774707767992972e+00	3.869077785059269470e-01	-1.682652985671326817e+00	1.449285474351554193e+00
nan	8.293884367276359582e-01	2.030040786666830854e+00	2.327428242765544331e-01	-2.430780158647917855e+00
nan	-3.227992295903335140e+00	1.316802337372073195e+00	-6.254284875777653685e-01	-5.627527430811698483e-01
nan	-2.039448879340934440e+00	-4.196183859467634392e+00	-1.002832714844233308e+00	1.244385734148191425e+00
nan	1.827499851361130467e+00	-3.364729720841477700e+00	-9.972013533673609320e-01	5.315024853486222112e-01
nan	1.403586512748232762e+00	5.938401528478063351e-01	1.421850416924439198e-01	6.546519201180160952e-01
nan	-9.455796190453082950e-01	1.629500077566248484e+00	7.968471718428312700e-01	-3.080835819174871371e-01
nan	8.778307280654842337e-01	-6.594793127712581526e-01	1.074489254892306400e+00	-1.530405554021467829e+00
nan	-3.194818566127215043e+00	1.955833348194681687e+00	9.472521044220352238e-01	2.749746891302190521e-01
nan	1.694416488379307251e-01	-6.104085270597566115e+00	-1.268762716334928875e+00	7.569846453443676570e-02
nan	1.502632851531061853e+00	1.225257282334396125e+00	2.506198012550572840e-01	5.131710361476884419e-01
nan	-9.186246759339258272e-01	-8.843162199398069134e-03	-1.535843830069061555e+00	-1.095199582251039638e+00
nan	-1.744810171917565711e+00	-2.623078319714888806e-01	-8.399417001398294946e-01	-7.830697679151600310e-01
nan	-1.921038495036424543e+00	-3.775406154818795379e+00	6.511926403247277895e-01	1.049626411071050924e+00
nan	1.170871219469614921e+00	-2.348705035277640185e+00	-2.596237212653515480e-01	1.266193128027112369e+00
nan	1.556349509637720452e+00	-2.229686548785527744e-01	1.322432596888500012e+00	-1.017777936956595575e+00
nan	-2.061207646473933508e+00	1.738180436713073984e+00	8.179731868081679957e-01	-6.573590547940075801e-01
nan	-6.862557003552394175e-02	-1.934264136608816242e+00	1.933541594369663441e+00	2.348343495590823546e-02
nan	4.145189038260838621e-01	5.376629907928354157e-01	-1.103632086906599419e+00	4.100073178924172335e-01
nan	4.121126299991966668e+00	1.578419998382702083e+00	-1.135232534818752193e+00	-5.998233635808709607e-01
nan	9.145838694076595665e-01	3.473156876035716323e+00	8.792446117635690506e-01	-7.337264602837732796e-02
nan	4.605222304897118590e-01	6.516847930782720955e-01	1.199492833251421642e+00	9.947808519630371160e-01
nan	1.089533820886811499e+00	1.418025442887110632e+00	-8.145771502561401922e-01	-1.271152899360893818e+00
nan	-2.446774302790412303e+00	5.640583170708093341e-01	1.338153506035404838e+00	-6.549999389093044133e-01
nan	2.719199181358803452e-01	-1.135918504384792804e+00	-5.245551544809479161e-01	-4.039572974888042123e-01
nan	1.436389684511403919e+00	1.189968852070533434e-01	5.777129691310942811e-02	-9.619830830049259651e-01
nan	-2.304749529893589610e+00	1.503600398130534366e+00	5.406480915092045647e-01	1.096715319650166665e+00
nan	2.737515994605407066e+00	-3.640387174371386259e+00	-1.505805223060081854e-01	7.625053048889695040e-01
nan	1.552364689557022226e+00	3.489409707193610100e+00	1.285415593916714228e+00	1.075958142762324599e+00
nan	2.455890158421640379e+00	1.370262889594654254e+00	-3.293975225915824617e-02	3.757791208036559971e-01
nan	1.141791884392521439e+00	1.141530631825805830e+00	3.680812610588088951e-01	8.823971807465184058e-01
nan	1.804753637380448472e-01	1.926257633912831224e+00	7.180704701947524526e-01	1.055323139839635438e+00
nan	-7.457457971850807166e-01	1.899542016942292744e+00	1.074531302700152180e+00	-3.363896429569689372e-01
nan	1.718254345546782247e+00	8.197515688684264834e-02	-2.221931905444559874e+00	-1.088443646048615987e+00
nan	-1.114353273033775293e+00	3.378807380278084693e+00	-4.253510350539880247e-01	1.397654074355101361e+00
nan	-5.776701653971720862e-01	1.297593520941093814e-01	4.840215032165961495e-01	2.456344213586379166e-01
nan	-1.680356317606710004e+00	2.640973206327150713e-01	1.218941967427471518e+00	-6.078946982502722030e-01
nan	-2.130639218109107169e+00	-4.880240710135492765e-01	6.895058083011085248e-02	-9.759976532425881923e-02
nan	1.408126513122551327e+00	-2.510315246644774234e+00	-5.652589830753153022e-01	-2.109121366721573132e+00
nan	-1.192890408705789440e+00	8.135443115166348660e-01	1.112615830051388199e+00	8.608774815377621126e-01
nan	9.338480798945251182e-01	-1.752598932784299457e-01	1.944521378701948189e+00	9.113475458071171875e-01
nan	1.476403856380189339e+00	9.616391088195413994e-01	-2.681023236495825302e-01	1.767911634748761396e-01
nan	-9.032011689441316049e-01	9.292178784998104124e-01	-9.530659006382458109e-01	1.044676324983141585e-01
nan	-1.938300246804697480e+00	-2.489741336925876958e-02	9.610541589013235075e-01	6.111944887151466999e-01
nan	1.402933356588971670e+00	-2.263150326825229097e+00	-2.077624265096888134e+00	7.376463706483111782e-01
nan	1.355587618137111150e+00	-3.058422952358459401e-01	-8.872992730417085874e-03	-1.150517748924196004e+00
nan	-9.430708110355967566e-01	2.489299288654961195e+00	1.175419062339447596e+00	8.603792144145092635e-01
nan	1.806829459965784812e+00	2.017403310439069841e-02	-1.355851275340925755e-01	7.667021307216626003e-01
nan	-5.728840469110552114e-01	1.685473262335897005e+00	8.985562536345663709e-01	-5.614423482274156774e-01
nan	2.992127229219243567e-02	-6.729488533938750017e-01	1.300990202883365532e+00	-3.522449828917850745e-01
nan	-7.344557367881804355e-02	5.010973344028060161e-01	6.968168818467190828e-01	-9.009145061913872432e-01
nan	-1.193299796167201610e+00	-6.684550001015615583e-03	-1.018602669319258025e+00	-1.364235537938578435e+00
nan	-3.006561466873158839e-01	-1.710235362294870942e+00	2.086909813343235665e-01	-9.606130502734063770e-01
nan	-2.297338450816865940e-02	-3.542404598433436802e-01	9.552747975597770669e-01	-5.949863475181621508e-01
nan	3.404115966609609911e-01	3.664143201314359888e-01	-2.878073895187238218e+00	5.132414124020038271e-01
nan	1.279734250838303389e+00	-9.099570110865085049e-02	4.867908191546210794e-01	1.455351136391225264e+00
nan	1.265189413643523997e+00	2.379851786499262545e+00	4.147071358148372577e-01	2.964009217997369272e-01
nan	1.163726025340082959e+00	3.206602243313004585e+00	-8.751849918009658724e-01	1.295604594912238561e+00
nan	-8.593917642763049258e-02	1.862148197706431141e+00	-1.109661822531847891e-01	3.740350796434526726e-01
nan	-9.613432715460681344e-01	-2.131660866700280987e+00	8.769847384932529799e-01	-3.948097309025019874e-01
nan	-2.550720107543327786e-01	-1.170962321899200687e+00	-3.340549811953648085e-01	-2.388722720352149664e-01
nan	-5.875232268333585584e-01	1.044860608567185878e+00	2.025144100513195100e-01	1.873054367689682476e+00
nan	2.299809558332964965e+00	-2.815434385544234530e+00	3.005989632470562611e+00	4.242395537204942113e-01
nan	1.225423723389532205e+00	2.261502392348066603e+00	4.525046262039623679e-01	4.782955457339866934e-01
nan	1.051161859341962490e-01	1.926116018390344742e+00	3.201916915748989623e-01	-9.811712426224811212e-01
nan	-1.308974524135502193e+00	-1.244374302413767397e-01	-1.296056838054507443e+00	1.202524081056728228e-01
nan	-7.454219702065966180e-01	-2.283027009912260930e+00	3.529118201952186062e-01	8.468866328349912154e-01
nan	2.578772581094805005e+00	-3.617260890318171884e-01	7.895773828191522403e-01	-8.551796214833374821e-01
nan	-9.279173272507593717e-01	3.094280341312352078e+00	4.850242750820538823e-02	1.569061169861209581e+00
nan	2.823047562192878779e+00	3.319765750573200336e-02	-6.933153913494843890e-01	7.145232977156269483e-01
nan	2.317609231187943930e+00	3.034012164063631722e+00	4.021374267960680648e-01	-9.656476162478530023e-01
nan	-1.133093996596102881e-01	3.618456507078140483e+00	1.981124442718344980e+00	-4.057999744114549334e-01
nan	1.337924540733649303e+00	-1.190611596777286785e+00	-3.024937783809488190e-01	3.914515798944304681e-01
nan	1.231438441077078227e+00	3.318257726782335659e+00	1.189677162461922656e-02	1.849810598523647931e+00
nan	1.444094803122772941e-01	1.272895242214850953e+00	-6.990207686092791972e-01	6.576241359912421425e-01
nan	1.405790278742730104e+00	9.055498522672240924e-02	2.004564203836592284e+00	3.370350914507281304e-01
nan	7.843694389572793968e-01	3.099376069540101142e+00	1.170394015911091268e+00	-1.141131940317170468e+00
nan	-1.914304898466595350e+00	9.519791785909834658e-01	1.065797579133697992e+00	-6.339804368349309938e-01
nan	-2.621811651246043762e-01	-3.551428092234440115e+00	-1.033946426327152057e+00	1.153051812267943621e+00
nan	1.980160410254474757e+00	-6.449400334497576992e-01	-6.653517659150792740e-01	-1.030630816799795069e+00
nan	-2.208889335679663724e+00	1.871883417532507643e+00	5.703461958052987724e-01	8.159608578568406934e-01
nan	1.267371162975709398e+00	-3.617532463129428333e+00	5.257442511121117601e-01	-2.192820861103693675e-01
nan	2.334247361349384153e-01	5.077700222939219854e-01	5.497479573525201335e-01	-1.251746837674537760e+00
nan	-1.174755345345019242e+00	-9.780278605575278839e-01	-1.316861857875951947e-01	8.390162944408554591e-01
nan	2.062201517585713351e-01	-1.952172799062793285e+00	9.958379598940801936e-01	3.716985193345278549e-01
nan	6.546036676067195081e-01	-2.108115920864843673e+00	-1.771858447045796536e+00	-2.442943726983159425e-01
nan	5.346397183216797799e-01	2.021138774775618430e+00	-8.991207805745149440e-01	-1.261308831484470261e+00
nan	-1.372582379969435884e+00	4.673844637266614255e-01	-5.398549205499982712e-02	-1.430704142317230865e+00
nan	-2.203489533253999433e+00	-1.214350067541589473e+00	1.102961930175404115e+00	-1.034105696546113506e+00
nan	-1.364751457307511018e+00	-4.603109542667999321e+00	-2.558981578989567574e-01	-1.933458673583292597e+00
nan	-1.922809116353393799e+00	5.175021526417091788e-01	-8.690360129457865845e-01	1.193571941481680332e+00
nan	4.357295359089966569e-01	-1.747724281674837288e+00	-1.604857122353228749e-01	-1.155743065483018084e+00
nan	-1.966153973568482760e+00	7.121554016907757356e-01	-5.305127111076178570e-02	2.145607096198219654e+00
nan	1.546584834978809608e+00	-2.392995371160713702e+00	8.755316434381312796e-01	2.113572865365321851e-01
nan	-6.916713349890679652e-01	2.939463204165889465e+00	3.319923487961858322e-01	9.614529671571798719e-01
nan	1.127212968911940116e+00	-1.220507711211637591e+00	1.171984844728270581e+00	-8.800029675558718179e-01
nan	4.805255653118056802e-02	1.168614234736039759e+00	8.534849617902739993e-01	3.564761584706830355e-01
nan	-5.126639126737033703e-01	-7.801818954059464017e-01	-1.267256786391100176e+00	2.523983282799923789e+00
nan	2.829806502855591877e+00	-2.210095709702670774e+00	-1.385651508576716540e-01	1.171464611648522780e+00
nan	1.065765823356980446e+00	2.620544473138732844e+00	-1.169917155187929936e+00	5.089776902377576157e-02
nan	-1.029258880440181212e+00	3.282400282649533096e+00	-1.504030296965886901e-02	-4.800863797838402641e-02
nan	-3.590281437304146395e-01	9.585580584121333736e-01	3.310984084996979604e-01	-5.313454750222833534e-01
nan	-1.289483758476124065e+00	1.009002361437165041e+00	-5.953114201568399100e-01	8.950770248634007942e-01
nan	6.314760383839386204e-01	-9.741915622842043376e-01	1.056146545351544397e+00	-2.267889644758168122e-01
nan	8.348371611901317380e-01	-9.746699837427730273e-02	9.407479931148495789e-01	-7.013371521704184763e-01
nan	-1.357592726247870196e+00	5.670005874139355528e-01	-1.395636428293497655e+00	5.383135414543518404e-01
nan	-1.267557960409573248e+00	-3.958818791808218496e-01	-1.417840196282911025e+00	-6.547248677087057489e-01
nan	-1.947208055995243825e+00	-7.450048366244602649e-01	2.356935692247631997e-01	1.249982602828259459e+00
nan	-4.245562716450623775e-02	-2.435214568612065200e+00	-5.507999423611027040e-02	1.303822210910246249e-01
nan	-1.788285901735127970e-01	-1.164748549860398219e-01	8.805624330230944485e-01	7.782150373615219496e-02
nan	-6.355370508085868009e-01	2.447261281841927261e+00	-6.298478818713449945e-01	1.015992198392245305e+00
nan	2.183214537290213642e+00	-2.916162888338017289e+00	-5.438111406777423884e-01	1.913299323960252485e-01
nan	-4.390033994923817073e-02	3.103436234107520342e+00	-4.470030480987381427e-01	5.047818470338705232e-01
nan	-1.029335960488645840e+00	-1.325189334455190993e-01	-5.933216544925951769e-02	-5.192721257607734175e-01
nan	-1.169440522310902564e+00	-3.316114262926812550e-01	1.509122144302870172e+00	-4.971224111408963364e-01
nan	-7.532612995034375647e-01	-3.046884909175923806e+00	-3.668580204571642023e-01	1.259210025685315149e+00
nan	1.720993118832530255e+00	9.460454400568474309e-02	8.616736026367602941e-01	7.112664888643862593e-01
nan	8.002294106567130472e-01	-4.008712640732496890e-01	9.518879277820267992e-01	-2.029783338045633989e-01
nan	-6.642550955992134742e-01	1.617285367284915676e+00	-7.509970387987403573e-01	-8.973453575386362013e-01
nan	-4.900350670994186308e-01	-1.143049119272164571e+00	-4.345765759647761406e-02	1.136926857419919390e+00
nan	3.455566848001311309e-01	4.818970644207216103e-01	-6.875842449120375122e-01	-8.364484160301951521e-01
nan	8.931518278757845097e-01	1.999144927206415456e+00	-1.105158174528240445e-01	-6.394295329424227736e-01
nan	3.428234104977930796e-01	1.837992447105011973e+00	1.804561285923625302e+00	-4.889917239936665827e-01
nan	-1.354391297512897996e+00	4.929993597792108329e-01	-3.741542321248714220e-01	5.319131113796559118e-01
nan	1.690386383216391231e+00	-7.672765398717552587e-01	1.327463893192376843e-01	2.455921730069651754e-01
nan	-7.068185187932352065e-01	1.572156168324327030e+00	-5.130296788887806630e-02	1.478349103565913536e+00
nan	1.212317129003045446e+00	-1.197786486182553123e+00	-9.020947299806056918e-01	-1.221063547428091312e+00
nan	1.024070137844843131e+00	1.635707912843191725e+00	3.942123122349552311e-01	8.459031731927463271e-01
nan	1.311551793370774766e+00	1.582399895926533073e+00	5.369881249612528107e-01	4.954297004275225180e-02
nan	1.374819339879867375e+00	1.817771595984750022e+00	8.272769755959026583e-02	6.722723730146435983e-01
nan	1.156915026726642592e+00	2.433825749293004215e+00	-1.138886336314462566e+00	-1.144660587181124844e+00
nan	-1.822272057956135116e+00	1.284990173361013621e-01	-2.302651852267832977e-01	7.629794879844371547e-01
nan	1.888694121907508183e+00	-1.234925734787950091e+00	6.328901890923877005e-01	2.704720036211787776e-02
nan	-7.287610463495538538e-01	2.482848791604824079e+00	-7.112895510034053514e-02	3.633739819628213630e-02
nan	1.688543906466061228e+00	-2.346807260071687384e+00	-4.280084854950957918e-01	1.402837622112048876e+00
nan	-4.442343395820635976e-02	1.717870842465025083e+00	-4.758996284092421036e-01	-1.755073556752083652e+00
nan	-9.427222546386013757e-01	1.163484963825811791e+00	4.999011440307951082e-01	-5.305323279338852727e-01
nan	-1.139673612449614959e+00	-8.493410256610767206e-03	-1.170751515155401767e+00	4.146620374257430908e-01
nan	1.827463467201064340e+00	-2.437726926431218466e+00	-9.622135738761525836e-01	8.486042444034707088e-01
nan	-2.915117380322147511e-01	1.781027231436032476e+00	-2.396588312619982286e+00	-3.786042846971589271e-02
nan	2.634743162778578895e-01	5.563912819497460749e-01	-1.329333190853648539e+00	-2.160215752759314656e-01
nan	1.479666404715468397e-01	1.662004889428287946e-01	1.585535703639059657e-01	-1.079091721947933680e+00
nan	-2.522670034315416920e+00	1.822056145769136437e-01	4.412039199736817463e-01	2.095293260279316172e+00
nan	1.883001483826012068e+00	-4.454116702173855913e+00	3.184007724755064800e-02	-5.717139854174532049e-02
nan	-5.474505674942662381e-01	1.363205585908191964e+00	7.165695514947933997e-02	8.503743527140082969e-01
nan	1.269051489963099577e+00	1.436944032887520040e+00	-8.913365508433901407e-01	9.483748945931395891e-02
nan	-3.478106628536228317e-01	-3.669151462935378305e-01	4.008163704602954458e-02	4.637902620488712491e-01
nan	5.049261730521401592e-01	2.093002385131537135e-02	9.357691243186980756e-01	4.832563056146463309e-01
nan	2.304889875618494344e+00	3.561183424636110706e-02	-4.083265404512749774e-01	8.129703886382321221e-01
nan	7.597929730526200576e-01	1.123679958413774438e+00	-5.681331481121400934e-02	7.067295090310642403e-01
nan	8.103667188811713995e-01	3.447288987557005635e-01	-2.381992429417051582e+00	-7.018190534204367115e-01
nan	-7.546647073394733285e-01	1.718236055903177961e+00	1.646762010523090958e-01	3.258669784846954798e-01
nan	1.309641937956592450e+00	-3.082815835607704003e-01	1.491864262372382399e-01	4.325484051810960517e-01
nan	-3.580954620906067198e-01	1.716036581150025997e+00	-4.510390417185933254e-01	-2.496214237812675041e-01
nan	-2.192425520196674416e-01	2.140020794584943653e-01	-5.926639357869456504e-01	1.350831807843773102e+00
nan	7.659076547986013450e-01	-1.346205631271303105e+00	-5.858944671761130429e-01	1.572148685939756207e+00
nan	1.579869775668596654e+00	1.328421456344183849e+00	-1.176296988319088799e+00	-9.815221053301692589e-02
nan	1.098366745132667077e+00	2.281874953119178873e+00	1.853956479520253442e+00	1.131182151543326020e+00
nan	1.016069114853032973e+00	9.728613543502513394e-01	1.993176520556852460e-01	5.485962407052715761e-01
nan	9.635408730098745655e-01	3.080169444228476605e-01	2.018503740473646391e-01	-3.970798927022860941e-02
nan	5.085115555467212278e-01	1.606806805664334981e+00	1.310536023713077647e+00	1.522994581704563699e-01
nan	1.386419428685407462e+00	3.363302426358972808e-01	-5.892564656165125841e-02	1.133323241161634742e+00
nan	-1.163661046824970846e-02	1.944387652623419394e+00	-9.981976046976993588e-01	1.033960692318149466e+00
nan	2.341302533743938596e-02	1.386556338222114937e-01	7.552097719298571654e-01	3.781209332416399227e-01
nan	1.461558346393392771e+00	-1.723685504671874424e+00	-1.321396502697437692e+00	-7.590347179545983147e-01
nan	-1.054668921337855281e+00	1.878640293996919119e+00	8.220028922498502366e-01	9.089581254627239204e-01
nan	7.474939085404452843e-02	-2.541717428504679965e+00	1.935481364470277965e+00	-6.333576512051257712e-01
nan	-5.029543674692593669e-02	1.787098494364240509e+00	1.820459186036280791e-02	-1.717410300148224656e-01
nan	9.992802074017460567e-01	7.325366154938770524e-01	-3.040966541347324137e-01	-5.407541699182769057e-02
nan	-5.424230941889615076e-01	3.696999678050116867e-02	1.358463319958300497e+00	-5.528891974938144882e-01
nan	-6.574634410096322767e-01	1.014834823475201819e+00	-2.876326974779654377e-01	3.132287564229367938e-01
nan	1.451619666458753066e+00	3.124133611487677209e-01	1.205352410968132615e+00	-8.791056419910417419e-02
nan	-9.020381657924103624e-01	1.417758173038041525e+00	-1.297394333892016416e+00	6.643526071671889133e-01
nan	2.372455224395322748e+00	6.765586925918152250e-01	5.877165070749444942e-01	7.040771374345118350e-01
nan	2.355533552372253592e+00	3.463691630562619750e-01	-2.062015549528316782e+00	1.030010084334665343e+00
nan	2.069596968370386314e-01	1.049365617410060070e+00	-4.142790730981948388e-01	-1.058307754205461304e+00
nan	-3.233115320638157542e+00	-9.251761009573962191e-01	2.311599595243392535e+00	1.415861958894830241e+00
nan	1.922048819945198161e+00	-3.472303583645091951e+00	-1.845452909578559009e+00	-7.751303568882600414e-01
nan	9.627487863285411063e-02	1.516691372678171001e+00	-1.869983131474547977e-02	-2.352704308091899676e-01
nan	-4.783072907130796469e-01	-4.015240003705272676e-01	-1.245995926629838602e+00	5.620380735863234056e-01
nan	2.450843171820373367e+00	1.838012697348584412e+00	3.307694250627111754e-01	-1.200596125962232474e-01
nan	1.432253415567148025e+00	3.830999491937533197e+00	-9.894699821344536961e-01	-6.357806964826969720e-01
nan	-3.874007462671872348e-01	9.831852156769413931e-01	-6.313275384579155602e-01	-3.403567349131366160e-01
nan	-8.845848723113289847e-01	-6.689460454550868462e-01	-1.959924071124662381e+00	-8.642047454270588291e-01
nan	-3.915913004594702151e+00	-2.049063603735959971e-01	4.724958260318921077e-01	-1.480808272976624540e+00
nan	-2.049793860991315775e+00	-3.717988713661689815e+00	-9.193144617797396334e-01	-1.920980542207772201e-01
nan	-7.722974634503046998e-01	-3.633617562400794476e+00	-1.164063827700394960e+00	1.352583252174391869e-02
nan	9.434266462251038599e-01	-1.601336589616785488e+00	-9.572114605637389584e-01	-1.241297559363245373e+00
nan	-1.609993361107652010e+00	5.636968584914270330e-02	-1.141412901502215776e-01	3.574365981652384283e-01
nan	9.636709413131501201e-01	-3.301744618922607621e+00	2.552292984839480638e+00	1.057810927312310634e+00
nan	9.536403817677967520e-01	6.431185333819176009e-01	2.930995029977653821e-01	6.720167367494309651e-01
nan	7.492575315566774030e-01	4.851825492222961445e-01	6.512589505738171081e-01	-9.324285339002456041e-01
nan	-5.815277621991870038e-01	1.508658548556415901e+00	3.446073573504619403e-01	-9.229466800313836927e-01
nan	5.406687127218350319e-01	-2.130397998224517586e+00	1.178443407628324335e+00	5.485420870996565723e-01
nan	1.656347143861572224e+00	-6.131610992279645789e-01	5.548590610847877747e-01	3.709399816750134082e-01
nan	-5.597993179325949642e-01	1.991772951021357319e+00	8.378304277639832265e-02	-5.487523641579973299e-01
nan	6.271571297555601499e-01	-1.408118643158444705e+00	1.711225636972326214e+00	5.254796817523047503e-01
nan	2.163716220429720005e-01	-4.119371773620880139e-01	-9.028437686401109552e-01	-2.082727099050460939e+00
nan	-2.505726017391244120e+00	1.156616801064864530e+00	-3.801655712047083413e-02	1.821562502516586912e+00
nan	1.049235865009528368e+00	-2.722410296499133686e+00	-2.571256233169817995e-01	9.718888586809019126e-01
nan	1.496013977274584184e+00	4.149613613464567807e-01	1.653756934115016286e-01	3.537873047602249632e-01
