nan	7.658156399959200611e-01	2.347815538579428818e+00	-1.772408246980777813e+00	3.184553558175060028e-01
nan	4.760291738191021471e-01	1.960754921344041168e+00	-1.117736236017324414e+00	-5.581958906963517819e-01
nan	-2.179477803012044745e+00	9.798604355292096502e-01	-1.551815059588983026e+00	-1.433747815498952916e+00
nan	4.260433283254785319e-01	-2.576785986445614629e+00	2.342227873060151122e+00	-1.693757344244809060e+00
nan	-2.857597673514813863e+00	4.340049384895877660e-01	-1.730794432431364660e+00	5.041829697896694773e-01
nan	-2.671294448542863575e-01	-3.954149990060618070e+00	-2.747686969138689039e-01	-8.654642407790819059e-01
nan	-3.957281041276149436e-01	6.283923138664004870e-01	-6.815600449206179468e-01	1.736009109094305503e+00
nan	3.129066010781365037e+00	1.152248529831877644e+00	-1.409302325122646637e-02	-8.979464659228968415e-01
nan	-2.491113532248367513e+00	3.368708841222333383e+00	-1.072618433151218076e+00	4.605286377400063524e-01
nan	-1.428248495638737015e-01	-2.939742397970360077e+00	2.169115684765453800e+00	-8.820892276617053884e-01
nan	-2.361475979498498745e+00	-6.809477948728834273e-02	-1.472714912265558063e-01	8.568806134944880748e-01
nan	2.580234835836698437e+00	-2.988553223142883297e+00	1.159061648651095178e+00	1.585400235436858818e+00
nan	4.120518463321472424e+00	2.882736496618563127e+00	3.709934683992247018e-01	-1.207319680102969972e+00
nan	-7.157614579925726250e-01	2.702499823221808484e+00	-6.813239665401213951e-01	1.033833465691391673e+00
nan	1.689913250059267291e+00	-2.327095685140707082e-01	1.490859807793626812e+00	-1.210625204463725790e+00
nan	-2.440539855927905677e+00	1.914484473947707155e+00	1.036530119723198196e+00	-5.164606144059381565e-01
nan	-4.719869238291555247e-01	-3.957402287676845098e+00	2.644472094144019181e-01	1.457297019456822884e+00
nan	1.483368474697083217e+00	9.894803341376589012e-01	-3.289415267728146297e-01	1.124856678922248054e+00
nan	9.553490809916438398e-01	1.787483430724281952e+00	-9.756716055145339128e-01	-2.004685869601454673e+00
nan	-1.145152841303344715e+00	7.742113487677162453e-01	-2.647459884102457695e-01	-6.942182087118858869e-01
nan	1.282610506859246602e+00	-2.115848721007310029e+00	-2.326962627331160327e+00	-6.463800552703807822e-01
nan	-2.682792315352451773e+00	5.429260708551448822e-01	-1.288744811049557404e+00	4.741828621778979569e-01
nan	4.455110313018844082e-01	-2.382413625575479532e+00	-4.589821753343336502e-02	-5.059840361812866227e-01
nan	-6.748807328242911741e-01	1.081014144173930269e+00	-7.882473494361333377e-02	6.827545171165008142e-01
nan	-6.379894415464670843e-01	-2.834292124721902617e+00	-8.741094453143058995e-01	-2.175888940801419924e+00
nan	-2.110427639398717581e-01	-1.367208829394117808e+00	1.621225743293822075e-01	4.414215828616694370e-01
nan	1.000614719129929053e+00	-3.162049536065747457e-03	2.582818090514498732e-01	6.970428998859303782e-01
nan	1.313598716363375107e+00	1.618190135785341877e+00	1.784444545108670566e+00	-1.354993602502232886e+00
nan	-1.374421124168044628e+00	2.883944794843142923e-01	9.165255861270780180e-01	4.036373441123194961e-02
nan	-1.034268788264461225e+00	-1.636388926346572514e+00	-3.220316169717640231e-01	-8.819999204783638413e-01
nan	-3.325991477287817411e-01	-1.695810542084983386e+00	3.998949350847776363e-01	2.591979737119012306e+00
nan	1.410312304639084857e+00	-9.473659325109262674e-01	-8.474063384606339566e-01	4.993617676457170473e-01
nan	-9.973671427096336695e-01	1.761481096724002660e+00	-8.382344211134465928e-01	6.140379836925935475e-01
nan	-2.452512986899874070e-01	-1.673651312650035639e+00	-1.332370694673129075e+00	1.113339920081109602e+00
nan	4.449042390541617653e-01	-9.745139435423080254e-01	6.441614668402365629e-01	-8.993312772822870116e-01
nan	-1.642970420334393777e+00	5.292852033856265681e-03	3.461044439083569846e-01	1.500155344483236730e+00
nan	-6.565598724622345728e-02	8.272942469620516714e-01	1.312527094635504543e+00	-9.808759644041089576e-01
nan	-1.105399177670394195e-01	5.765923195721441019e-02	7.012487512564840042e-01	-6.157585896582653540e-01
nan	-1.461620360568109955e+00	-1.794053683975262548e+00	1.473599553672719498e-01	-5.452395198631752038e-01
nan	-4.309762423958893862e-01	-1.299190799376442218e+00	3.451555325443932398e-01	-2.509319930085684991e-01
nan	-4.549921866190187458e-01	-1.508026389241266640e+00	3.810745678099511369e-01	2.217086854387648298e+00
nan	2.394112847160350110e+00	1.403779931353775989e+00	1.066316027689167667e+00	-5.849665976836500025e-01
nan	-5.267236040643722417e-01	2.701507816165135800e+00	-1.254867436565844541e+00	-2.980888359234403318e+00
nan	-3.270548751245252461e+00	-3.596109968676669544e-01	5.719127788234729115e-01	1.069222781509291398e+00
nan	-2.469033607760973137e-01	-3.048596838207194182e+00	-2.326582530785490377e+00	1.412719467747761692e-01
nan	4.021434749148528054e-02	-1.174759574848522004e+00	2.393409367046953840e+00	1.897215612226526571e-01
nan	6.647779763415391230e-01	-4.334305004729242516e-01	-2.746418208661939864e-01	1.398223392713927593e-01
nan	-4.694500296494948932e-01	1.075344769204166662e+00	-3.443523096744487422e-01	-1.544965044872697035e-01
nan	1.843024143029856066e-01	-1.750174676251937012e+00	-1.691840927539586259e-01	-2.867576224003181018e-01
nan	1.174707079537427923e+00	1.158973774012641983e-01	1.073829984698177586e+00	5.742264297171060239e-01
nan	1.038184258467682142e+00	1.116190339441006873e+00	-2.190919236171958051e+00	-1.707975351034882738e+00
nan	-2.804013332962642657e+00	3.048973823742427758e+00	-6.909858766547999354e-01	-3.730225426338235062e-01
nan	-1.336587159581018591e+00	-3.455258345767654227e+00	1.127658553332781644e+00	1.073561800913771958e+00
nan	1.103322709009784131e-01	-1.163895026493505291e+00	6.539281399925493954e-01	4.635919113620465271e-01
nan	7.873045410035341973e-01	-9.587545812736827933e-02	8.922391306341045936e-02	1.177236890346698761e+00
nan	1.676302859316656679e+00	6.435293164949432709e-01	5.279582799865450982e-01	1.247175579960843939e+00
nan	-2.900007836279756557e-01	2.141595773663115931e+00	-1.485318919303099498e-02	1.145533565105415930e+00
nan	5.608152920294696697e-01	-2.531868475193111756e+00	1.762895226353678457e-01	-7.215417294815830163e-01
nan	-3.724768242748699443e-03	1.228881763043198294e+00	5.455925501871891070e-01	1.042638562251062107e+00
nan	5.524135008734785135e-01	-4.690603521528641795e-01	3.267545464407686784e-01	-9.936011165991918137e-01
nan	-1.910297839800484843e+00	1.469707887619549735e+00	9.314344635651466975e-01	1.516352487507355962e+00
nan	3.099984139939754080e+00	-1.949720405743507134e+00	1.056284750470780853e+00	-2.478151728468592108e+00
nan	-2.407599875298199521e+00	4.402692103462656270e+00	8.578831027005144882e-01	2.310629765165442606e+00
nan	3.957072286630190838e+00	-2.648698216243989378e+00	-1.806781509738456748e+00	-1.395817591020897641e+00
nan	-2.008723569078864735e+00	3.008840988126228133e+00	9.757722365808602083e-03	-2.869286423802519526e+00
nan	-3.892838390489556488e+00	-1.436542943911159664e+00	5.977133866790435013e-02	-6.495900732981775283e-01
nan	-1.905519177854811730e+00	-3.413257354523680398e+00	-6.964352241449733860e-02	-1.608858324053641653e-01
nan	-3.828891339665280169e-01	-1.646902739164170848e+00	1.336819906725553952e+00	-1.292287048696805440e+00
nan	-1.517424632783802574e+00	-1.052421151185695791e+00	2.082797585307742394e-01	1.500822432816247165e+00
nan	1.675544238616046400e+00	-1.273111895506793489e+00	-4.665357119574478073e-01	1.211360284579814817e+00
nan	9.162254958244719916e-01	2.755930330548361340e+00	-1.591713773254963993e+00	-1.438167057495094159e-01
nan	5.259795684325793697e-02	-7.529197454320992744e-01	4.904573272237984227e-01	-9.585708325301859345e-01
nan	-4.807020118653409502e-01	4.487060759281945588e-01	-1.031537244781073337e+00	-2.139866993874811607e-01
nan	-4.673022408080299006e-01	-1.190064035038563173e+00	3.051993347512757526e-01	2.051432036934328185e+00
nan	3.534483100101235564e+00	-4.216808446482677164e-01	1.074319847146364859e+00	2.225388372913607027e-01
nan	-5.191480440285447528e-01	3.914528678343569545e+00	-2.331597004269225781e-01	-7.453028721229552067e-01
nan	-2.292844365714760801e+00	2.673947837747329137e-01	-6.886169546157309973e-02	-1.673064908359201741e+00
nan	-2.635049801915022805e+00	-3.415213018448922444e+00	1.123405157497456841e+00	-1.085421018148640337e+00
nan	-4.844613656291015813e-01	-1.379963498127510180e+00	-3.735254236237254832e-01	6.272731670975971729e-01
nan	1.383645142561514829e+00	7.753172969139688897e-01	-1.508239270401233068e+00	8.949146817816500121e-01
nan	2.707450301743999255e+00	1.554512579576379894e+00	7.689073444146760083e-01	-4.072213748115619675e-02
nan	-5.727506451805729482e-01	3.674682957729911603e+00	9.219416880082296206e-01	-2.515331883902602872e-01
nan	-3.728168518003900367e-01	-1.707722457061978005e+00	-9.058239125389734581e-02	-2.247836679046368580e-01
nan	1.369792275233619350e+00	-3.769030538782717210e-01	-8.661099569959747058e-01	-3.039263085755521954e-01
nan	-9.410413784946274340e-01	1.742033853223059037e+00	-9.218594853026049751e-01	4.108848504782328659e-01
nan	-6.470578941204142565e-01	-1.886610073488765416e+00	2.116281953389665293e+00	-1.348329002822948874e-01
nan	1.107826676819283485e+00	-4.878891403421219408e-01	9.813725551773789801e-01	1.464203992266289722e+00
nan	7.755214149586138195e-01	2.415545705416237698e+00	3.220461088432730046e-01	-1.145100633791594102e+00
nan	-1.798537621255544838e+00	6.601323167708017525e-01	1.238113494184682528e+00	2.939471508711850589e-01
nan	1.138897988375166426e+00	-1.464232460883222675e+00	4.544048344791193350e-01	-1.319841179134579212e+00
nan	-2.479600928116432179e-02	1.134425294999630296e-04	-1.203793183660103905e+00	7.527110925118664086e-01
nan	6.106026347869044635e-01	6.642799776316412608e-01	-6.261212707508095887e-01	1.016877874744509302e+00
nan	-8.032133294119070399e-01	1.119030086455929052e+00	7.682078574462878340e-01	6.700110974838728584e-02
nan	8.093395707741467549e-01	-5.439984851474013450e-01	-8.243742258411101975e-01	1.193049540379344409e+00
nan	-8.723440807097859739e-02	-6.500849089448915707e-01	6.179568940670369104e-01	1.947911334056847132e-01
nan	1.553095805191238687e+00	-3.854888959412263588e-02	-8.351309797910487775e-01	9.860078613574796425e-01
nan	-3.880831629406660266e-01	1.273157005979228540e-01	-1.234676542853067049e+00	-2.676907552709618110e-01
nan	-1.060934843680307882e+00	-1.539755691172967289e+00	-7.528442303732200136e-01	4.979586476986925248e-01
nan	1.918627322489781628e+00	-1.152993764287264300e+00	1.787818127723468653e-01	3.150439013506350916e-02
nan	-1.023108547688071468e+00	1.483517328709845096e+00	-4.353526887584881488e-01	1.089827174165426182e+00
nan	-7.883348486854888648e-01	-1.195224488673136909e+00	-4.827906618602997857e-02	5.403790939220138867e-01
nan	3.059197755516138706e-01	-1.014709660401485136e+00	-2.444312411801253138e+00	-7.525615785943061409e-02
nan	-3.049955282868696660e+00	1.303940753900245220e+00	-2.152712728855934732e-01	1.042346815935533411e-01
nan	4.563236156670553711e-01	-2.076687191597974991e+00	2.508736250070286444e-01	1.406467460738622277e+00
nan	9.450704482119225425e-01	3.381339071949829855e-01	-9.146766315616733367e-01	-5.834252626671710962e-01
nan	9.350337221957675249e-01	2.564982024370359603e+00	7.830161257722584311e-01	1.779590662520169175e+00
nan	1.619309073632444695e+00	1.655980197088052996e+00	-1.697298802012249253e+00	1.008079902509507964e+00
nan	1.556265390713092778e+00	1.651309199027906960e+00	-1.365819258131586889e+00	-1.709745842995519904e+00
nan	-3.639158847038631350e+00	2.990835771143935951e+00	-6.514440035478293867e-01	-1.465000907390622276e+00
nan	-1.185407482230430354e+00	-3.390013196873711276e+00	1.624382517549947114e+00	-1.391449552454984362e+00
nan	-1.532928968818236815e-01	-1.885239010784894642e+00	1.034228192691925896e+00	8.971503276999797105e-01
nan	5.451985785747511803e-01	-7.152243236794136871e-01	-5.104951586774820749e-01	-3.225359651010633599e-01
nan	-1.903761237431047304e+00	9.767024276095392921e-01	3.243664874090116529e-02	1.052465107618840046e+00
nan	1.656327585318426721e+00	-2.355683555323930367e+00	-1.309946843947056960e+00	-3.711029147385088156e-01
nan	1.655143669796915296e+00	4.764347466185077096e-01	7.868943531643153300e-01	-1.816815277887100732e+00
nan	-2.936538577730055888e+00	1.378842793570286496e+00	-7.218434852392486833e-01	1.402953105952292057e-01
nan	7.167861099199357433e-01	-2.493380453649249429e+00	1.243872148663415889e+00	-4.003723366926038585e-01
nan	-1.285136782053446503e+00	2.091223587353435498e+00	-4.569192070627036556e-02	-1.130343166144065714e+00
nan	-1.460450558336398252e+00	-1.542878240895717568e+00	-1.881913751807279711e+00	8.246969985774491585e-01
nan	1.478178029733169918e+00	-7.428991317553722551e-01	-8.020719283247110809e-01	7.946907931375720713e-01
nan	8.368252542653247250e-01	1.800643502599676982e+00	8.984811995437764764e-01	-4.116506754048561700e-01
nan	-8.940064437870636205e-01	1.773172705015464423e-01	1.543820728308056278e+00	2.094644018379749062e-01
nan	1.743470503062225285e+00	-1.209084556521726306e+00	8.979696917447559379e-01	-4.744699898037179064e-01
nan	2.891773954705108007e-01	1.871850373490945962e+00	5.921296789831637097e-01	-3.647546528751705597e-01
nan	-8.098844404606697633e-01	1.075192697090281979e-01	-5.615312858511742888e-01	-1.878086895620996399e+00
nan	-2.114770335411147339e+00	-1.776198202448189267e+00	-3.334137972559644281e-01	1.236466753182460243e+00
nan	1.436069454454337535e+00	-3.321062315189577063e+00	-7.773439408116503690e-01	-8.209812787708641313e-01
nan	-4.083083309742894240e-01	3.365543685943921837e+00	-1.440586566117601386e+00	-1.044123751390323429e+00
nan	-1.541794040667277210e+00	-9.566975255391650945e-01	3.701841720844734618e-01	1.439332850723498702e-01
nan	-2.567982494923394476e+00	-1.121521690970599616e+00	-1.175420989411364303e+00	1.439205866232807773e+00
nan	1.515056669011396906e+00	-3.391807121189715168e+00	-1.051230904170059377e+00	-1.223600028400842143e+00
nan	-3.250946533422483853e+00	8.275610658161700606e-01	1.047068979948211798e+00	-5.818161912403337910e-01
nan	-5.673477062809006988e-02	-2.996150828505581565e+00	-1.404092988965758571e-01	1.255472736536518141e+00
nan	1.305748102463780924e+00	-1.080145591873726829e+00	-2.657753328584827601e-01	-5.247790961742976323e-01
nan	-1.314227864854438099e+00	1.107745843770516547e+00	-8.391747656289929580e-01	-5.898807221252970745e-01
nan	-1.104552418093391886e+00	-1.562657579018550402e+00	1.902376344769359517e-01	9.464198220129481642e-01
nan	1.974499849539642859e+00	-2.233088131739441540e+00	1.436163968334838448e-01	-3.388065366170976978e-01
nan	5.703920053731128537e-01	1.174787848911471144e+00	-2.874291032996809658e-01	-3.489223609367911649e+00
nan	-3.206699199649198029e+00	2.227277099358962786e+00	-1.427518667190114998e+00	-2.329245448685010711e+00
nan	-3.071826415808371458e+00	-1.711867082307360510e+00	1.733424500892726039e+00	-9.290950001258165003e-02
nan	3.931530542534181216e-01	-4.372169490582762386e+00	-1.768032753730363060e+00	4.588042168945589694e-01
nan	2.791047239494911292e+00	6.815993762028682568e-01	-8.704851697359695661e-01	6.310595482773478926e-01
nan	-7.035930280194789832e-01	2.780259413016076042e+00	1.232284794076618395e+00	-1.184032459783781910e+00
nan	-1.676274538048759588e+00	-2.765716138116275147e+00	4.254190649030384908e-01	8.399524270176200735e-01
nan	6.940381406872281334e-01	-7.964593048762617089e-01	-4.358079796106547055e-01	1.171308335712068605e+00
nan	1.605370922037773651e+00	4.150454059441044397e-02	1.119558321185921468e+00	4.567177770953953497e-01
nan	4.380639403482833316e-02	6.589058924484129109e-01	-8.209259425897792450e-01	1.111693384915931171e+00
nan	2.146825945866551066e+00	1.398423925448164074e+00	-1.387122825821209549e-01	-3.564042246387266188e-01
nan	-2.073490582057331277e-01	2.347531080757711219e+00	3.361975799981327673e-01	6.240300573745352075e-01
nan	1.344907739138086478e-01	-6.491964597828623340e-01	1.708775368349439994e-01	-6.466338630481886784e-02
nan	-2.274549179097447471e+00	-3.800418893397991549e-01	9.315551871292306885e-01	-1.922812460950907854e-01
nan	7.043958228137586763e-01	-1.924785183079079642e+00	-5.215392503761318022e-01	-9.647073636356698900e-01
nan	-1.834139156384596347e+00	-4.811104007102745550e-01	-6.622609340145674262e-02	-3.016690533908965577e-01
nan	6.424736762321759942e-01	-1.744588523663340274e+00	1.236284220363355502e+00	6.437802779015302512e-01
nan	-1.145853157283288182e+00	1.341754114102639006e-01	-7.213111256579574082e-01	7.098088040347896310e-01
nan	7.785801513441421573e-01	-4.404693090152878021e-02	5.651665961708697283e-01	1.877662483150729575e-02
nan	-3.593731599191030135e-02	7.675719745077814737e-01	-6.151037197741452411e-01	-1.534171677441510617e+00
nan	-1.864825360530474319e+00	-1.753115959086732678e+00	-5.878865232095562554e-01	-5.582814082046945181e-01
nan	-2.550712136941563735e+00	-2.048028274749605693e+00	4.007540628434723140e-01	7.667725143604278704e-02
nan	2.110617988097747144e-01	-3.573102538943972561e+00	2.826292240089920971e-01	-1.368884905636743810e+00
nan	-8.982629198289455719e-01	1.589398056866793585e+00	3.896363074306108953e-01	6.690285519797845026e-01
nan	2.326236940910627382e+00	-2.430132217735787581e+00	1.307066701465874559e+00	-1.334615410826389237e+00
nan	1.003258970826343077e+00	2.235428981868287757e+00	7.969971216229849720e-01	-9.317435026701774703e-01
nan	-2.169350001438278053e+00	2.345782526968990478e+00	1.234428884600692555e+00	9.956016531141201886e-01
nan	8.142547355005749221e-01	-3.430548229076128663e+00	2.516511290821362712e-01	1.003546275791447728e+00
nan	6.641340866911347174e-01	1.381012621341785263e+00	5.267720717647236262e-01	1.541241824359363077e+00
nan	2.483182952722009951e+00	-1.269255474829241725e-01	4.771111779363333416e-01	1.601490482731789511e+00
nan	1.358815105450153382e+00	1.830035601050222560e+00	1.222142529154837121e+00	9.109942603463330180e-01
nan	5.919693092395801326e-01	1.854679379352893065e+00	6.161252474030629589e-01	1.279201246234634715e+00
nan	2.209440698191139418e+00	2.113449755819076792e+00	1.371027019130311109e+00	1.497963696980774584e+00
nan	7.616410060745568700e-01	2.173464964112233222e+00	1.096947530968336748e+00	1.505676969373598517e+00
nan	5.394625448115504263e-01	3.725188357387855809e-01	-1.150505066888193983e+00	1.510855911123429873e+00
nan	2.739728041969768935e+00	1.067278150001643500e+00	-4.872989444295486305e-01	-1.330759703707044217e+00
nan	-4.372657114321073735e+00	1.525220827025269177e+00	4.612981982333819175e-01	7.472030798865918477e-01
nan	3.407276490647016542e-01	-2.500284063037375493e+00	-4.064702525094482377e-01	1.527483068322622595e+00
nan	1.441639613085653693e+00	5.298849270711567527e-01	2.304858110660275294e-01	-3.780990709757180990e-01
nan	-1.891895791119878600e+00	2.436105519197445890e+00	-5.855725606569278652e-01	4.212009727327836184e-01
nan	3.365068779297170631e-01	-2.347645778564428021e+00	1.117749632211323618e+00	6.123184972228400413e-01
nan	2.983319333687267094e-01	1.314072661911775075e+00	-4.133374575634869430e-01	-9.293697676191012280e-02
nan	-7.507165666867696152e-03	6.015043076482287643e-02	-9.470621079016878774e-01	-1.272625218206588027e+00
nan	-1.626341209348907357e+00	2.388911660695519856e+00	1.413640430558646133e-01	1.911574259605699044e+00
nan	3.564326733915921253e+00	-1.314536802337282761e+00	2.503002397612658081e-01	-1.985306447448972889e-01
nan	8.193179487985067233e-01	3.770598230234515569e+00	-4.212063690034858338e-02	-8.399446293005327080e-01
nan	-1.489900957124914882e+00	1.071943241440484806e+00	-8.929887551541680901e-01	2.021495318458899515e+00
nan	1.668635183664136656e+00	-3.807222442591879918e-01	1.219697572217717241e+00	-1.108622016962641510e-01
nan	-7.205520450197442361e-01	8.425093845505652324e-01	-3.455019060961231347e-01	8.457976385091904303e-01
nan	2.885517848841060440e-01	-3.315515798598901998e-01	2.851540518784744307e-02	3.092066012006108311e-01
nan	5.427176520279505256e-01	2.356039621132213657e+00	1.081220240345989403e+00	-1.202681875188048810e+00
nan	-1.228975166942150032e-01	3.151909063298317104e-01	-1.514524871307019405e+00	-7.253227556866308490e-01
nan	-1.423062451696241570e+00	-7.597491539851346509e-01	-2.486840205594416653e-01	-2.479896526223828612e+00
nan	-6.086905334467895834e-01	-1.924185674797645573e+00	4.315255661809403454e-01	8.003122335526318132e-01
nan	6.112501390787549171e-01	-2.900305387296751580e-01	9.101414911811717134e-01	-2.464630960289919126e-01
nan	1.793711880529844427e+00	1.828375518996569138e+00	-1.199645145739753671e+00	-9.985914279404219940e-01
nan	-1.363153016100442816e+00	1.373967273669826294e+00	1.257972840093468436e+00	-1.403727407620929846e+00
nan	-1.334005502958667488e+00	-9.284098366791506685e-01	-7.579362957991856442e-01	-1.211760879312505645e-01
nan	-4.581559855791825786e-01	-2.493692488893077819e+00	-1.269174779333338776e+00	-9.663602176334925575e-01
nan	-1.820615373119223834e+00	8.198529652984984928e-01	3.661202251528630769e-02	-9.923373880348683729e-01
nan	-7.512729094107932770e-01	-1.397301602272057020e+00	2.187717860518003654e+00	-1.719755106578371440e-01
nan	-8.648464398013189225e-02	-2.231479288176695164e+00	1.674429743469651122e+00	-6.866062430976612729e-01
nan	-2.215609834228944752e+00	-9.088832362804893927e-01	-2.245443847529816850e+00	-5.409590575794208656e-01
nan	-4.873072120161308085e-01	-1.751576449795480439e+00	2.875189957523446860e-01	8.771539409847391167e-02
nan	-4.388661678247986475e-01	9.397777714431265750e-02	-4.487207928304159377e-01	-6.151518568688986166e-01
nan	-2.220762085570172850e+00	1.027565406565838835e+00	1.578923734281222346e-01	-1.928610441545450804e+00
nan	-2.747363304039619702e+00	-3.106851140532412181e+00	8.619917810660545632e-01	1.198297177165792426e+00
nan	5.608522611285753356e-01	-1.643006890555546162e+00	1.227251803502298566e+00	8.009577551503939130e-01
nan	8.384742310496462459e-03	1.849339267310224244e+00	9.525528900639357310e-01	-6.851555825836144753e-02
nan	-9.685741564054745067e-01	-1.063601496605311780e+00	-4.730057243588993154e-01	2.692969828633979823e-01
nan	4.512624332487917833e-01	-1.371376397823579563e+00	1.278902999709232713e+00	-2.117062281911840649e-01
nan	-1.160685650844466732e+00	3.256214264435870476e-01	-1.613030853251737673e+00	-1.355838740301426593e-01
nan	8.592950401131449478e-02	-1.349023162040317025e+00	3.275260754153583309e-01	1.397317250876197736e-01
nan	4.381081481940386491e-01	-1.110871141556614816e+00	-1.332989297399115758e+00	-7.190080070115407729e-01
nan	-1.129459961780481247e+00	7.970486392654132501e-01	1.094391527053126589e+00	3.881646189619412102e-01
nan	1.493058942058665961e+00	-1.425975945316321880e+00	9.022257248630685122e-01	1.012174822946740438e+00
nan	2.323954750117951384e+00	1.552718251765036639e+00	5.968513185526113096e-01	-2.240749467091924796e-01
nan	1.003151591973999279e+00	2.910405441011008065e+00	-2.011110033642880268e-01	-3.877822038799388221e-02
nan	1.788158514007317956e+00	-4.903282233207733043e-01	1.093649779712889958e-01	1.949164709640978654e-01
nan	2.898493346557745598e-01	4.928266207631302187e-01	-1.798171029355576933e-01	1.443668672593294289e-01
nan	-7.758245407842682129e-01	1.086469236162399543e+00	2.479470403008621759e-01	1.327776595210324317e-01
nan	6.134993254451097666e-01	-7.576669007265220968e-01	-6.422516406670959466e-01	2.004030798772827027e-01
nan	3.235153663718055017e-01	1.752078203829762426e+00	-7.924010418902042163e-01	1.409146375224881842e+00
nan	7.139254644494756885e-01	6.729201769226622609e-01	6.038555874297559800e-01	8.951707301951324913e-01
nan	-2.096842062450662292e-01	1.198280960925413918e+00	1.059716012065995638e+00	-1.540742233255151028e+00
nan	-2.703444451426577189e+00	9.546494883825821232e-01	-3.237744972737928162e-01	7.971165520575957952e-01
nan	5.165170199881465862e-01	-4.476205399036569332e+00	1.108721561616729002e-02	1.428796065410385285e+00
nan	2.245104837656569430e+00	2.832012373452063025e-01	7.568874430966617828e-01	1.382882523472074299e-01
nan	2.516559932320048265e-01	2.701098494524469817e+00	1.422797002478207729e+00	1.238209134227772568e+00
nan	2.983950667818876745e+00	6.802597429271400875e-01	1.796510350547472656e+00	1.956770854063326404e+00
nan	1.205827717237163865e+00	2.617324224619529183e+00	1.073947687536174644e+00	1.435283908882752923e+00
nan	2.614149522477883458e+00	7.273908286060274397e-01	-1.272272626746436153e+00	2.331639937204787572e+00
nan	4.195060114164284037e+00	3.763945889612641871e+00	-5.753335538087966938e-01	1.120459250883254931e+00
nan	1.742072546658460563e+00	3.885103493171398359e+00	-3.450978196704692080e-01	1.044194266703294849e+00
nan	7.116499922727206329e-01	1.912435592936620576e+00	4.924188378788881271e-01	-1.209757764451036666e+00
nan	-1.574814427138840012e+00	7.707462510746684314e-01	-4.270819662181620235e-01	9.551116793637079994e-01
nan	1.235215604550748081e+00	-2.375560005840233302e+00	-1.116736287711727060e+00	-1.289298358412323875e+00
nan	-2.595806964349331558e+00	1.896657366244078879e+00	-1.422024926757804675e+00	-3.692687205115794957e-01
nan	-4.939434761788017991e-01	-2.866114677114167009e+00	-1.490245043382881995e+00	3.669456169493023334e-01
nan	9.590267626305197801e-01	1.983085118284067527e-01	1.068824336657770768e+00	-4.993134722016499549e-01
nan	3.931761365841181521e-01	2.238494987627167809e+00	1.796236371728657133e+00	-1.476507721155295716e+00
nan	-1.489957676917563312e+00	-1.726977705967689403e+00	-1.435628399842975300e+00	-1.150181355483825829e+00
nan	-9.781888850499503851e-01	-1.885511566413566875e+00	6.629395778835912856e-02	-2.234039230942614918e-01
nan	1.145079915026168349e+00	-1.692397715269832847e+00	-8.091774861801263041e-01	-5.407787575391913570e-01
nan	-1.749948490059742179e+00	-6.759212319734495544e-01	2.101849617761670369e-02	9.116366976469845174e-01
nan	2.876801200590231034e+00	-4.078143303976077938e+00	1.732380382889968651e-01	-1.324951898063258859e+00
nan	-2.141844707842417428e-01	1.147919585581117063e+00	-2.640516870975842534e-01	1.413790774189077337e-01
nan	2.865866411513340761e+00	1.169024839207683186e+00	-1.222515132304917151e-01	7.198896214768968349e-01
nan	2.570595346515226254e+00	2.386129951755013856e+00	-3.707241323147223572e-02	6.184459095725275413e-01
nan	-5.743832285237001622e-01	2.491184253414776339e+00	1.814672979035596989e-01	-1.281071635540157461e+00
nan	-3.383089538878747415e-01	-9.721687338122344535e-01	-2.132748844852032921e-01	9.165762681012927793e-01
nan	-8.449522556440092202e-02	3.045457506814253090e-02	-8.090349039490357663e-01	8.734817136592238906e-01
nan	2.118241488861365873e+00	-2.773276395860584831e+00	4.567973169975637626e-01	-3.873199127772640749e-01
nan	-1.006856388511539357e+00	3.198988791820387867e+00	1.615515038552447491e-01	-1.352011979484131432e+00
nan	-4.400090587726636082e-01	-2.675895388116511953e+00	1.234359792250329324e+00	-1.376682863408440038e+00
nan	-1.243221772878507547e+00	-1.216827385587393451e+00	9.577447906046582249e-01	-9.918648255146953474e-01
nan	4.338359988467139772e-01	-1.596428072039525192e+00	-6.637467556896528009e-01	5.959202466618640504e-01
nan	-1.901118337574082551e-01	1.122080329867517268e+00	-1.464894602967633075e+00	-8.257366948351149150e-01
nan	-7.965960164435176294e-01	-1.081932396248513673e+00	-1.089075075171068274e+00	-5.319536250073281236e-01
nan	-9.121553554305326106e-01	-1.569709486775050733e+00	4.216468452894127084e-01	1.195900450607845444e+00
nan	2.099424225952929213e+00	1.518037674962047223e-01	-4.718039171638936935e-01	1.508964217168039523e+00
nan	1.294061083807911849e+00	2.596049978119603363e+00	-4.226686575772639620e-02	-1.340832046272744327e+00
nan	-1.347903037855146202e+00	9.968292904240370067e-01	-1.424249937995424320e+00	1.903562992983888202e-01
nan	8.546939975834677572e-01	-2.779804640420227457e+00	-6.583187351541672228e-02	-1.381656027240690809e+00
nan	-1.202458345143851082e+00	1.935631138651817684e+00	1.262740291224363764e-01	1.325708173106255883e-01
nan	1.415278030536407383e-01	9.362156128331140525e-01	1.910001544087035485e-01	3.129539189859882331e-01
nan	4.711648224302176224e-01	1.696188590295117649e-01	-6.579272440681366296e-01	-1.394781861386149013e-01
nan	2.519592579189261494e-01	6.628743119039516296e-01	7.129512753235225375e-01	-1.184951128077661009e+00
nan	-1.685324005335514297e+00	1.610895513867591777e-01	-9.100215804494645733e-01	1.544880571121806989e+00
nan	1.335851033804889898e+00	-1.402595943551804059e+00	4.184437580559275949e-01	1.429529851561370524e-01
nan	-6.954220700133562083e-01	-1.205407612445186238e-01	-2.331167152574007972e-01	-1.411742519978915089e+00
nan	-1.225838176558045722e+00	-1.482198183911216383e-01	-8.946926251095792537e-01	3.155978143249204004e-01
nan	2.005300013078372690e+00	-5.533618251515750597e-01	1.555351885724471028e+00	1.675937283575089642e-01
nan	1.534047887066518900e-01	1.620444007285368526e+00	-1.282184789601392927e+00	-8.465448499143076733e-01
nan	-2.059570046845666358e+00	2.358586958759644858e+00	-2.069749853168212361e-01	-9.888163226148788398e-01
nan	-8.578986731666697896e-01	-1.714757584493539877e+00	-8.275004031376110777e-03	1.266625635714184073e+00
nan	3.274572428964198423e+00	-1.704446036460542491e+00	2.912747621426676314e+00	7.709008218187726191e-01
nan	-3.626200324477546477e-02	3.157086412830695021e+00	3.498431801274178299e-01	-9.367166407369615921e-01
nan	-2.322259792999330053e+00	-1.844789920756193524e-01	-1.411838957269903272e+00	7.741636001690973545e-01
nan	3.381802337944660453e-01	-1.752639252446954732e+00	-6.893139924235492932e-01	-2.906111577854963435e-01
nan	-7.419782935686412007e-01	-4.575045216687918526e-01	1.014736289367549116e+00	3.738377209703873660e-01
nan	1.761833855418347250e+00	2.991895895666283334e-01	-2.231746589000369152e+00	9.973019503809995578e-01
nan	1.411573240857303180e+00	2.408737065633506091e-01	-6.845494403117752258e-01	2.535858701641345858e-01
nan	1.135367653275483502e+00	2.595622414108625264e+00	-1.842272050673718020e+00	-4.485966226346165264e-01
nan	-1.305562691698910260e+00	2.530655040942020317e+00	8.054548483332561737e-02	-7.595974926619166734e-01
nan	2.616206664981512997e-01	4.554897762374239267e-01	2.726902149844692702e-01	2.070070426648177864e-01
nan	1.641892003102139341e+00	1.048941420905119548e+00	7.752925007811704017e-01	-2.179449888206587804e+00
nan	-3.286816549129400578e+00	1.273961871724268891e+00	-1.160128791277946991e+00	4.991947987750162685e-01
nan	1.749290177187915241e+00	-4.206994785879979659e+00	-7.875804445628159511e-02	-1.063962873549146204e+00
nan	-2.616889507344398957e+00	2.375290713332078418e+00	-3.876459084395436072e-01	-4.534463134482803748e-02
nan	8.343607973711136827e-01	-1.886286504644035134e+00	4.114789892919846204e-01	-6.869375473745895633e-01
nan	-3.415868588502707914e-01	1.334633485603137659e+00	-2.656733722465001724e-01	3.145489442960342497e-01
nan	1.118204572994466517e+00	-7.858738095660113832e-01	1.013593442767834807e+00	2.340099054083711216e+00
nan	1.312581183538445329e+00	1.126497740712212980e+00	-2.882494645579142950e-02	6.995748320334624903e-01
nan	4.685315803722850392e-01	1.510898366080788646e+00	1.552573922932214634e+00	-1.839534848566662495e+00
nan	-2.734219811749308171e+00	-1.304188809160811591e+00	-5.957270654680800748e-01	-9.252404328324442817e-01
nan	-5.425967761715986271e-01	-2.411615744545808848e+00	-1.232354042789978621e+00	7.494874534465595373e-01
nan	-4.635614717465476042e-01	1.488181683519497867e+00	2.524946489667310168e-01	4.433195596492989776e-01
nan	6.170589543634875662e-01	-5.569745798709313522e-02	1.343074606114294189e+00	-7.281538157983209469e-01
nan	-8.472399683915704527e-01	1.102746104424522811e+00	4.316163041941041834e-01	7.259821315089336480e-01
nan	3.731230444888258280e-01	-6.778356668547717012e-01	-2.770956128530734364e-01	2.166824172118910319e+00
nan	1.555867554048893986e+00	-6.157561323413871524e-01	2.820833346997379532e-01	1.494827157913662941e-01
nan	6.506072365649900879e-02	2.133754848763076417e+00	-8.916835170655104670e-02	-3.730372794459446695e-01
nan	-1.992508913606189092e+00	6.443946851947422727e-02	-4.664634398795037273e-01	-3.052698989718756195e-01
nan	-6.599336131829189878e-01	-1.535978712098872823e+00	-1.459961842570604240e+00	1.995565512486474402e+00
nan	3.107470234163918654e+00	-2.068092639410352707e+00	1.370277675116008176e+00	-6.777803230453468553e-01
nan	4.159058299939716319e-01	4.072791955242218265e+00	2.087718275148175540e+00	9.382835713603522310e-01
nan	9.451391115570428880e-02	1.253361511250283833e-01	5.100222034601832322e-01	-1.006682255197173470e+00
nan	-8.039854505872826573e-01	-3.083142830057010175e-01	9.654882175801281496e-01	-9.625055832084896679e-01
nan	-1.142668482570022181e+00	1.447186517413627804e-01	-1.943143336920167275e-01	6.863706571103368459e-01
nan	-4.039098304661893346e-01	-2.772422593880939701e+00	3.847202197274404156e-01	-3.220456767779855678e-01
nan	-2.431088081767936337e+00	-2.631003883549653199e+00	3.070798780655336624e-01	7.971284277713744371e-02
nan	-2.016344391350897991e-02	-2.469377804118041198e+00	-1.233959320653000846e+00	-6.409587834390354510e-01
nan	-3.457241452982041663e-01	6.695563446470915725e-01	-1.485372371270196501e+00	-8.266366012156354248e-01
nan	-1.889479291685836060e-01	7.894648930667053088e-01	1.694826113935222756e+00	-2.711914170626177345e-01
nan	2.797393675754279441e-01	1.645278905272251846e+00	3.372198752179611514e-01	-9.480443987078780443e-01
nan	-1.736555593263648278e+00	2.138092651939273559e+00	-3.840684987615246571e-01	-2.162830475842500433e-02
nan	1.823581981247462069e+00	-2.513871476757626677e+00	-6.809183278688548668e-01	3.422197642478653212e-01
nan	1.016999528942025721e+00	1.359984067118502615e+00	-3.547679703848706789e-01	-1.290242140310489560e+00
nan	-1.771236160070339016e+00	-2.035901511378837014e-01	1.289903031504991082e+00	1.134049884049313173e+00
nan	3.961506065332567328e-01	-1.241921867560332515e+00	3.798828763098859307e-01	5.445710160464168892e-01
nan	9.919977107521826820e-01	6.590058888825423011e-02	-1.203346474455266213e+00	-1.358463534144922047e+00
nan	-7.095597481005766483e-02	2.204413813291341562e-01	-1.402322457821620683e+00	-7.554026490957138629e-01
nan	1.122041670517313516e+00	8.496851323757708130e-01	-2.908551893978212344e-01	5.085422318238999040e-01
nan	-5.222443664043685541e-01	1.745393773660855796e+00	1.200720887731730357e+00	-1.230791338717995176e+00
nan	-1.865782850472759158e-01	1.929118397391219597e+00	4.831750728959193636e-02	1.089445277858143157e+00
nan	1.755980417333965260e+00	-1.359224737394760796e-01	-1.530408391415624569e+00	-3.057135739978053893e-02
nan	-1.217893482768738211e+00	3.222975016210054111e+00	-2.919095531277319244e-01	6.074327150694596167e-01
nan	-5.190005485897455362e-01	-1.855457415898520424e+00	-2.438553448177453453e-01	-1.231164694689292904e+00
nan	-2.990526592905772274e-01	-1.428709675212874508e+00	5.567680350382222532e-01	-3.343994533248216272e-01
nan	4.827829331329703266e-01	-2.198216888023962756e-02	2.082379107965673715e+00	-9.648679012609027161e-01
nan	-1.885317388543531258e+00	-1.575111379365796149e-01	9.403823146302544567e-01	2.042457626005443269e-02
nan	1.737971959404290834e-01	-5.541564477587517246e+00	2.168703346120688935e-01	-7.416195702859219585e-01
nan	-2.404346652001556617e-01	-1.142892676825479903e+00	4.475208325555916078e-01	-1.292053242756280307e+00
nan	9.159290290868915552e-01	-1.752252592394818009e+00	-2.766019866434760721e-01	1.631958605389994599e+00
nan	1.147286294974137144e+00	2.654052344233244209e-01	1.440791884703121362e+00	1.295117198105112666e-01
nan	-1.151552846553268283e+00	1.299122299463379537e+00	1.389109883848486993e+00	5.698148283873745168e-01
nan	4.099468900742158639e-01	-2.270997607243190330e+00	1.634481048108459289e+00	-6.940417115794129677e-01
nan	2.958729539407457532e-01	1.413743516291436242e+00	4.743938712347952058e-01	2.736276901841531300e-02
nan	-2.130382110605767709e-01	-3.862048799578382541e-01	-2.579294976038529530e+00	-9.681071812498429630e-01
nan	-2.691022042032911177e-01	-9.265737505481179692e-01	-1.023992045508603121e+00	-9.518156776543499342e-01
nan	-8.968794850394959939e-01	-8.939603563223322280e-02	-2.480005857530152458e+00	2.711198907527031521e-01
nan	2.648813708670682554e-01	-1.129322901680444913e+00	-1.342730681905171419e+00	3.114449390437253329e-01
nan	-2.121267732136479012e+00	-1.420110298654572722e-01	-1.033879945984524928e+00	-6.348117963219757076e-02
nan	-1.501883564915815761e+00	-1.496806536522793829e+00	9.942665045369551979e-01	-5.669250209373197791e-01
nan	5.667517650350197833e-01	-2.036431068384020104e+00	1.782063469479621354e+00	-7.581740567591013780e-02
nan	1.487250339768035667e+00	-1.363008237531532219e-01	-1.547335190925811510e-01	1.877800954130329492e-01
nan	8.410683775606929424e-02	2.722953725955369997e+00	-3.377898229828633220e-02	1.681303508213652931e+00
nan	1.849468827282283234e+00	-1.760243289084637786e+00	1.233314919051277520e-01	-2.062625520541042368e-01
nan	-6.872810776013217327e-01	3.882472713755969806e+00	1.005299866072040076e-02	1.973254664219588728e+00
nan	2.345871564925757546e+00	-2.024711399754512975e+00	6.233510273494371479e-01	-1.286527487963305683e-01
nan	-4.692905515911286463e-01	1.912866151104397172e+00	6.253916635147477310e-01	-6.375082644280645472e-02
nan	1.053864806270041754e+00	1.896249843052044692e-01	-1.105783310747339820e+00	-5.894161902485774984e-01
nan	-4.562300570520256837e-01	-4.933344038093483430e-01	-1.089061160796383154e+00	-1.152077626673079891e+00
nan	-3.073504214315124550e+00	2.232595132833071760e-01	-5.108512884391666065e-01	9.800218136159500881e-01
nan	2.065207437458540962e+00	-2.623462021241266484e+00	-2.041534554318686023e+00	2.144415280825261227e+00
nan	1.735307732211468501e+00	1.533642824594128484e+00	-8.027032925225484616e-01	-2.262565079877890017e+00
nan	-1.106399136220216572e+00	2.801822771330745532e+00	-2.295421375065259950e-01	3.249950377218853159e-01
nan	4.453611233632124300e-01	-2.516765379273387726e+00	2.602462522280744595e-01	1.609039299146011848e+00
nan	2.805949941553766092e+00	4.213627241820083191e-01	6.862836324192811421e-01	8.882267018782756540e-02
nan	8.258929004219600634e-01	3.218598361199310975e+00	3.245872946784127411e-01	4.632437318965054729e-02
nan	-1.636003085082336217e-01	9.271935247623486198e-03	1.019527920286582123e+00	1.055228827501940581e+00
nan	1.412549056071539466e+00	-3.766270125307122352e-01	4.843907082589921087e-01	-4.129008175959513194e-01
nan	-1.452126570669173500e+00	1.584935312959208753e+00	2.875145621984510069e-01	8.696664327197795030e-01
nan	1.924131564324241150e+00	-1.744071516389064325e+00	-2.143063100351370043e-01	1.300854787363136644e+00
nan	2.047732801151870063e+00	1.978222402066482477e+00	-1.352138120636429408e-01	-5.500415593280939541e-01
nan	-7.201401786434393770e-01	3.056450235617533373e+00	-7.296649592422255193e-01	5.825669120436912651e-01
nan	1.421798558558305281e+00	-1.286863218590950098e+00	3.496668919589355218e-01	6.819931626206794384e-01
nan	5.154119877839422603e-01	1.449333739711422986e+00	-5.407843768267905221e-02	-6.870790193153352154e-01
nan	6.396224592980256363e-01	1.905219900195462168e+00	7.386375347055084140e-01	6.362675479533846934e-01
nan	1.499568663307072058e-01	1.086910594827165122e+00	-3.134101348746848870e-01	1.282555030259907358e+00
nan	1.998765841257663656e+00	-1.094569095078107845e-01	1.535638287809222569e-01	-2.587521107138234244e-01
nan	-8.738263670416495099e-01	7.935095844277115784e-01	1.970060458067684372e+00	-9.373547689287121676e-01
nan	-5.628474228222146714e-02	-2.042489661834855363e-01	-5.258906944166341635e-01	-8.920327085983775772e-01
nan	-1.939096491415759349e-02	3.176826638234889200e-02	-8.388619063909928952e-01	-6.925547909098757060e-01
nan	-6.432495581641266558e-01	-2.177817326228698391e+00	1.350240371924048999e+00	-1.463765028563698556e-01
nan	3.633416394154622697e-01	-5.780238794599524832e-01	-2.650001902648433938e-01	-9.708660212270132650e-01
nan	-1.640945148700757583e+00	4.613944666628727598e-02	4.255602478633684349e-01	-1.017733028288449471e-01
nan	1.228688820799261006e+00	5.908438904150026261e-02	1.268850951385506853e+00	7.852578291991056947e-01
nan	2.929940514971772103e+00	1.117822387745790458e+00	9.011057623791549620e-01	-8.768357720292099255e-01
nan	6.135449104563963640e-01	4.044256988714763246e+00	-1.137963865976492350e+00	4.295431174888629244e-01
nan	-1.226254384311915580e+00	-3.419105396209194403e-01	9.106176004752575270e-02	-7.899531077278014735e-01
nan	-6.304528818235162202e-01	-1.472063310113730372e+00	-2.423578993737309228e-01	-7.521206293172985613e-02
nan	-7.853058318557933903e-01	1.269012458011488542e+00	-1.625898550002535581e+00	-1.893188748599445637e+00
nan	-3.208457596928849576e+00	-7.017785207133149239e-01	-1.135208068315022523e+00	-1.856135052775962135e+00
nan	-1.815020357431448739e+00	-2.765322958920907848e+00	-5.425574482142564436e-01	9.851374025363632825e-01
nan	4.350223046691974460e-01	-1.815392628472954684e+00	2.336630476490360930e+00	-6.566485804100663515e-01
nan	8.776966913705930295e-02	-6.587210448036229238e-01	-1.456619547446802221e+00	-1.216687318999058576e+00
nan	-1.002332710370925639e+00	-5.057781816085729631e-02	3.871877105645678274e-02	4.812654289277994990e-01
nan	-1.112215549231004852e+00	-2.600560313052272754e+00	-4.446677469761253776e-01	2.343834731594132414e-01
nan	-1.551855090000416437e+00	-2.202792440389712558e-01	-8.291509786387828151e-02	-4.551698012700468310e-02
nan	-8.131387513333332429e-01	8.323029569084348100e-01	-1.368461805279834742e+00	-5.921030949290462253e-01
nan	-2.060122592918718354e+00	-1.954091294069301155e+00	1.340488579223635845e+00	5.554807916790218680e-01
nan	-1.977712841247336595e-01	-1.979787839106302849e+00	7.788439765974047857e-02	-4.403761795643065802e-01
nan	-1.317838772396860536e+00	-2.080077787298151293e+00	1.838456569295160992e-01	6.295313756742892952e-01
nan	5.245462757002667953e-01	-1.452015957357188025e+00	-5.353968389687029095e-02	-3.721064370665600474e-01
nan	1.060213719402727239e+00	3.763264583155848664e-01	1.216527109079497126e+00	2.794978078988967773e+00
nan	3.460902012437808928e+00	-4.898621736748238753e-01	-5.563188710854307661e-01	1.462501517926949601e-01
nan	-4.268292021392691704e-02	2.400699843303705894e+00	-9.831231161014403197e-02	-9.403450275750613319e-01
nan	-6.673697758121543977e-03	-3.014246238824362933e-01	2.636910709030663158e-01	-4.854228363476251751e-01
nan	-1.417827885768010665e+00	-5.979302676697872965e-01	5.085203412507747212e-01	-1.706767257546065730e+00
nan	-2.376849071638571953e+00	-6.589327006817803367e-01	-6.514854234918119325e-01	-2.176427416574278073e-01
nan	-2.683749281593058811e+00	-4.764141413465130981e+00	-4.940999048607008781e-01	2.310225860388110064e+00
nan	4.106251563093769263e+00	-1.986426851009980066e+00	3.012868625236337916e-01	3.389429195871475065e-01
nan	-3.479546342098387424e-01	3.577414793042006380e+00	5.193049842430779162e-01	-9.070355073430644843e-01
nan	-2.026508761357420862e+00	-3.066791727834184300e+00	5.207094579892183051e-01	7.740678209706469692e-01
nan	1.044090466813345497e+00	-1.481758790361095368e+00	5.679243649179407383e-01	-2.016653123404719417e-01
nan	1.423085077353557049e+00	1.143427757026414193e+00	1.493681508511097045e+00	6.283523797713881365e-01
nan	1.097350125283432121e+00	2.071539597067873384e+00	1.404875906391858553e+00	2.630124867813274037e+00
nan	2.889135468247119309e+00	2.801151342688248835e+00	-2.401739314117394830e+00	-2.989396518827449167e+00
nan	-1.399629003337278244e+00	2.797274133138965002e+00	1.481033019357500757e+00	7.594006421008072660e-01
nan	-3.500097658345038276e-01	-1.569486350260271834e-01	7.583433170696530778e-01	-2.670415481535313718e-01
nan	-1.119348140327731889e+00	-1.943244105640790920e-01	1.829600203105522516e-01	2.084049094317417805e-01
nan	3.781233120584270857e-02	-2.257681208304653353e+00	7.734045379456597757e-01	-1.263237701929932566e+00
nan	-2.963335811368659645e+00	2.512801252001064523e-01	7.299120067486988273e-01	4.585489256857875340e-01
nan	4.396208295008965927e-01	-3.245776408048985040e+00	4.213442525881337941e-01	-4.859137286414340062e-01
nan	-9.931228816933290737e-01	2.954214574211473376e-01	7.667894896028867313e-01	4.954751829805514318e-01
nan	3.119283221093713254e-01	-1.255982915313113013e+00	-3.462400604056170561e-01	4.588529745659478687e-01
nan	2.640842578223027814e+00	1.264430491904274589e+00	1.390200928631639021e+00	-4.967774194617426975e-01
nan	2.010945222020649181e-01	1.047845822528942650e+00	-6.856525937607527155e-01	-4.415939492213478701e-01
nan	-6.001367954773978441e-01	-5.482309670440372873e-01	6.180706662068161661e-01	-5.120117361160754221e-01
nan	-3.253748788785359447e-01	-4.935623065933518738e-01	-2.565397575496086158e-01	-4.824875370984122447e-01
nan	-1.167075322315641817e+00	-1.410341910905052121e+00	1.068464626903130599e+00	2.374738629836102843e-01
nan	7.474144670329888607e-01	-2.111574213139284062e+00	1.345325331077261155e-01	3.933628643365757460e-01
nan	1.580245631806863338e-01	2.619093149612483074e-01	-4.929640281913515998e-01	1.620971615628442192e-02
nan	-1.742234221701271846e+00	-3.663487978921048382e-01	-1.155924733450212294e+00	7.829399539348538273e-01
nan	6.414603468662660735e-02	-7.056659438329648815e-01	5.240347744773874439e-01	-2.756745337349332914e+00
nan	-1.324351310083117905e+00	5.801046351655755329e-01	2.199029706598535083e-01	-7.772823614797806924e-01
nan	2.035369969750109309e-01	-2.253099770254252121e-02	9.397976667594837297e-01	-4.041713154471734959e-01
nan	-1.297278451954281264e+00	-1.084904831883994669e+00	1.065334526258372438e+00	-6.236900390719803955e-01
nan	4.725348978352230667e-01	-1.230931222622993371e+00	-2.405489165378960514e+00	1.049907374804717741e-01
nan	7.044691184423106378e-01	6.600141000811321490e-01	-1.393645521814169674e+00	8.869756970773738924e-01
nan	9.088920748162127028e-01	3.239917419056289605e-01	-1.295022792637506581e-01	4.230849882701559483e-01
nan	7.024116646196301161e-01	4.233450564286349027e-01	-2.183101473272032467e-03	-1.122258975951604537e-01
nan	-8.778184633125917236e-01	1.690952413266503029e+00	7.130719615634814046e-01	3.738648282622181740e-01
nan	6.321586051765359926e-02	1.352022364967722989e+00	-6.272291716901094993e-01	-8.289346264386352470e-01
nan	-1.744048991702836782e+00	-1.717687327150465793e+00	-7.987144415371804085e-01	-1.879798883551309086e+00
nan	3.355399001152967742e-01	-9.215299446017919394e-01	-8.611920803811203839e-01	-9.216320930328056882e-01
nan	-6.674298385329504590e-01	2.276571405298773165e-01	6.901916765735449655e-01	-1.341962477624637773e-01
nan	-1.494088196926586676e+00	-1.490487757677470215e+00	1.890533285878664760e+00	-1.258251468758048164e+00
nan	-1.764469616225230686e+00	1.447416310261593342e-01	2.555719900731234229e-01	5.313664183598709734e-01
nan	8.450418216962263251e-01	-3.866630735413305153e+00	2.885890591630839719e+00	-1.128101578062743193e-01
nan	-7.035882424924463918e-02	2.437397028779453301e+00	5.186210580894767830e-01	-1.870764972654042957e+00
nan	-2.044206135284830861e+00	2.007907333399221450e+00	1.037783046488042649e+00	-2.928158600438951834e-02
nan	2.531074232596097318e+00	-1.323724604465475130e+00	2.969848718494587647e-01	-1.660001023603866963e-02
nan	2.040493674974759308e-01	2.039441461783850329e+00	-1.211481598505979029e+00	-9.625657725344394233e-01
nan	-8.772902039701583332e-01	8.844841188275252009e-01	2.247022075608281766e-01	-8.557475747768338303e-01
nan	6.483323914196329474e-01	-1.769305437201577291e+00	9.235066627596670852e-01	1.362051960063610512e+00
nan	9.239238756121169738e-01	2.523382252098197664e+00	-1.086603779166089190e+00	2.381821061254526750e+00
nan	2.760906274795783322e+00	1.070258078106786082e+00	4.296341109232557631e-01	7.277960435517587534e-01
nan	-2.507836998655978977e-01	3.256524622470291952e+00	-8.066375374015518629e-01	-1.620495311716607212e+00
nan	-1.764052293870580934e+00	6.643744841157653847e-01	8.223944222423922312e-01	4.313149278940197617e-01
nan	1.554136146410583619e+00	-4.826742027049402139e-01	-1.221476321091389226e-02	1.452361533550576844e+00
nan	1.168964429405330963e+00	1.573044975665820466e+00	-9.525945881649351410e-01	3.964344392762866875e-01
nan	1.127443059990731022e+00	5.370375629840407061e-01	6.303722721496060055e-01	8.131747304960605938e-01
nan	1.119090390858469952e+00	-6.670496674486166011e-01	-3.448895138969257923e-01	-1.957613211053481073e-01
nan	2.213484457627353574e+00	1.746747009708548237e+00	-1.833384422595793595e+00	3.685150082451840170e-01
nan	-8.951340460155032819e-01	2.386079873902170245e+00	9.756326473598615490e-01	-3.004185288132242837e-01
nan	-2.550182886855506759e+00	-2.190800143049779436e+00	1.207154601093745304e-02	-1.671241737147734163e+00
nan	-1.999128805399696951e+00	-3.508447499273767090e+00	-1.114368057990650362e-01	-1.471173572777524807e+00
nan	-2.557242821913530584e+00	-2.460608238871492937e+00	-1.801813196047625382e-02	-6.133545617316944476e-01
nan	5.262020640283815442e-01	-3.512558453037469164e+00	1.790313553733432927e+00	7.614086004788702677e-01
nan	2.896602670548391045e-01	-6.508796817386957034e-01	-1.883451768904951529e-01	8.437157124473746439e-01
nan	-1.735068355777415361e+00	1.189204585781278078e+00	-1.323293381570004090e+00	4.050821587475858521e-01
nan	-2.429316591617781129e-01	-5.895311111854506514e-01	8.951789258438066499e-01	-1.061863527535674923e+00
nan	-1.517864759059885493e+00	-4.669752206368252834e-01	1.099024004146165190e+00	-8.624335575371556706e-01
nan	-7.671329315840652585e-01	-1.517257161671548671e+00	-7.199526295121644326e-01	1.011698404815615904e+00
nan	1.398006325333764455e+00	1.436686033806870988e-01	4.648577248506488013e-01	-7.149688877111198826e-01
nan	-5.128267725849922076e-02	5.821430052462918114e-01	-1.371972446719032845e+00	-1.822403251950933667e+00
nan	-1.243988613246117536e+00	7.509729840185783711e-01	-8.854835193754685418e-01	-8.038868020289637872e-01
nan	-1.657740178777009632e-01	-8.856508396015416729e-01	-2.233538522632101953e-01	4.369175891903565589e-01
nan	-1.387088542191244445e+00	7.921091820565500097e-01	-8.227939058500773895e-01	1.387384282242340727e-01
nan	7.999179302345433840e-01	2.197691741739913329e-01	9.145162294149068449e-01	-8.022975208259457425e-01
nan	4.892393449248488846e-01	-4.752766394217755597e-01	-2.565149433568582049e-01	-2.138460844731699673e-01
nan	5.143460330802904767e-01	2.970313931079749281e+00	1.968376040912143576e+00	7.673552910410675887e-01
nan	1.904390645420720674e+00	1.998738048098718023e+00	7.988304776214308900e-01	-3.492107410359669983e-01
nan	-9.869626519963050626e-01	3.686241456274561568e-01	-8.718039679615113835e-01	7.054197104378652494e-02
nan	5.958260241539155011e-01	-6.290028289315444665e-01	-1.205643500848008420e+00	-1.998170908165808335e-01
nan	-2.029212458529695340e+00	1.981420013221236287e+00	-1.409676216642706148e+00	-5.418298128532723634e-01
nan	-1.057289837636242291e+00	-2.564440817519700655e+00	1.203038097203948054e+00	6.232022098739570248e-02
nan	-4.633796715574597935e-01	-3.507277881153382237e-01	-4.562507760290243630e-01	4.325379689422549356e-01
nan	1.071466863952351911e+00	-2.561092590782526823e+00	-5.320464363809534331e-02	-6.163440714955933236e-02
nan	-1.488046924053222808e+00	-1.047299005897669222e+00	6.305732067189210310e-01	4.194991216523152877e-01
nan	1.156375559375732109e+00	-1.467707434838888769e+00	1.279016820004017729e+00	1.264987420529043727e-01
nan	-9.719127174586909002e-01	1.250897722531792988e+00	5.839299122661287811e-01	7.438977165197874220e-01
nan	1.292157015139371090e+00	-1.812835121231290980e+00	5.124310561656063995e-02	5.032452118837947852e-01
nan	-8.349655928204898769e-01	1.394465322045334466e+00	-7.367896812813164997e-01	-5.764286905884525858e-01
nan	-1.499581734624892082e+00	-1.568046289485772737e-01	1.091647441894045611e+00	1.051418078155528374e-01
nan	1.013303744637637172e+00	-3.046595947372364499e+00	-2.470798171309091240e-01	-1.284705179250993146e+00
nan	-8.652466020383238199e-01	2.707282828501014205e-01	8.173993758440373236e-01	-1.826961251740130965e-01
nan	6.855946511125879939e-01	-1.232524129835547599e+00	-1.016773749823818962e+00	4.224484776037388256e-01
nan	1.222593085295404114e+00	1.176451228866202126e+00	1.161478396932501989e+00	-2.332783662971121830e-01
nan	4.839424887794192554e-01	-3.289121498478768668e-01	-1.945670395549367715e+00	5.855012909827976841e-01
nan	-7.471580163500599614e-01	3.577712779987911040e-01	6.805141457974725472e-02	-4.800820914988069843e-01
nan	-3.319099731011801779e+00	-1.240697297086854611e+00	-9.589941411723340581e-01	1.367164793099739262e+00
nan	2.613556013909663633e+00	-2.877799579000806851e+00	5.109712800140341349e-01	-1.419556490781471947e+00
nan	5.521703053699089647e-01	4.763104911494998817e+00	1.034518630573502351e+00	5.300387811791863468e-01
nan	-3.469508044142733949e-01	-4.970747022027228734e-01	-1.670934058289761381e-01	4.607237267013648135e-02
nan	5.726005401282341367e-01	-2.980473789036569343e+00	5.833919767484819774e-01	1.289947889358004529e+00
nan	1.697753526862636919e+00	5.913713952486688852e-01	9.996928320918058164e-02	-4.103163185211431974e-01
nan	6.527098181677399857e-01	1.597055097153457170e+00	2.864660116559943903e-01	1.132186141563016779e+00
nan	7.094561743928891051e-01	-8.115206427456771454e-01	1.996707623355884920e+00	6.710958337208882130e-01
nan	1.058907948110356934e+00	6.831110050540953882e-01	1.182280017664782967e+00	1.160111981220036448e+00
nan	2.123086447068888383e+00	-1.771347075155189632e-01	5.138952566766743502e-01	1.878893916123046903e+00
nan	1.343567182434995066e+00	-3.472976306360600063e-01	-1.568307951713030501e+00	-5.306651436329997695e-01
nan	-1.365841353910181688e+00	2.882438769499128473e+00	-6.995628682728131931e-02	2.128696983877315652e-01
nan	6.871084422188243890e-01	-3.659160327815374369e+00	-5.079624930249979631e-01	-2.205011920001128889e+00
nan	-1.983914653651890125e+00	5.318222877728915332e-01	1.575615683048882998e+00	-1.379274560003872274e+00
nan	-3.586341333914755403e-01	-2.235296321168615652e+00	-4.276782536506423121e-02	2.115659923958651545e-01
nan	3.431483243313385167e-01	3.948239249285483421e-01	7.524575604323244793e-01	3.139376647710288015e-01
nan	2.175854297459514974e+00	1.292998803209469250e+00	3.040828471723381887e-01	-1.058248065042180608e+00
nan	-3.301177119593856624e+00	2.298640081339939023e+00	4.282730714773090863e-01	-6.974111406498528787e-01
nan	-1.127762440656105980e+00	-3.896038575462480225e+00	-8.963909967084381369e-01	-1.722405145119851044e-01
nan	2.886497808432766932e-02	-4.291880533510754603e-01	1.358030496893939620e+00	2.815461694057883602e-01
nan	1.596375692639847799e+00	-1.458379898262014140e-01	1.321215542534893261e+00	2.418278033403346849e-01
nan	-7.561871371940627196e-01	-3.639444175068513587e-01	-3.352404511368918816e-01	-1.410057553747695036e-01
nan	-2.094129431191114943e+00	-1.131452503608498583e+00	-1.844014615012044667e+00	-7.366464338234548492e-01
nan	-2.083072452873840907e-01	-2.188324043879791514e+00	-1.426312090900969221e+00	-1.163761400879485652e+00
nan	-1.189189389573251487e+00	2.867420405466059585e-01	-3.308367845171106270e-01	-1.520771600807763191e+00
nan	-2.113930766593730137e+00	-1.056584531068543109e+00	-9.821268482549654344e-01	1.512450743426685951e-01
nan	-3.558135635573503319e-01	-2.621139142492869389e+00	6.228620456890830992e-01	7.339904407791980612e-01
nan	-7.746265526113793598e-03	-3.646692887007113582e-02	-2.354596398092758530e-02	-5.955386116535812402e-01
nan	-2.182180516893749367e+00	4.117035791505214148e-01	-2.612272759852284354e-01	1.226834590488463245e-01
nan	1.626142079091398074e+00	-3.192486397466245851e+00	1.264715257643041824e+00	1.462870365484575164e+00
nan	1.767959952710812743e+00	1.213822181195411076e+00	-1.371703703794598050e+00	-1.085712308209096255e+00
nan	-2.705986182990389288e+00	2.171384087796682572e+00	5.258743515232920940e-01	5.506243162220292309e-01
nan	-1.162137041922367775e+00	-3.458024416635625542e+00	-1.048450698931757019e+00	-1.422083191033799432e-01
nan	-5.839549162383530501e-01	-1.973128947946112266e+00	-3.545907452827503081e-01	-2.535893895566899148e-01
nan	-3.192697641910131057e-01	-1.617535628333968800e+00	-6.299765708704559986e-01	-1.644812138876881713e+00
nan	-2.370864679582005863e+00	-4.584899451649615543e-01	3.581718952348582619e-01	-9.271469530561816941e-02
nan	1.220227211790732236e+00	-3.259188336388644469e+00	5.610505922971291692e-01	5.025397876746757336e-02
nan	-1.749214300703334946e+00	2.301946591029561784e+00	-7.417464803810119855e-01	-1.223361244025986228e+00
nan	-9.869245989491270965e-01	-1.641428585680342556e+00	-6.623522517966109469e-01	6.508036373479434422e-01
nan	3.213032932246551177e-02	-1.118158060231063455e+00	-5.513439903870431813e-01	-5.823000153363461218e-01
nan	1.081102821030321959e-01	-1.347780469642767265e-01	3.410506958497099839e-01	1.462086353245880266e-01
nan	-1.188801250662488984e+00	1.508468699487862219e+00	5.493519389061795044e-01	2.106100511316216561e+00
nan	2.024308921581470688e+00	-1.253292209196994245e+00	1.549122949595049814e+00	-1.057762322058092841e-01
nan	-3.278400889181840583e-01	1.825451757200731162e+00	1.799842401382597323e+00	-4.684104576524940611e-01
nan	-1.578277798027628576e-01	4.312201983305341546e-01	8.494585693607790144e-01	-1.337302591309274868e+00
nan	-3.660045409890490653e+00	5.113790534233938478e-01	-3.641625576117715202e-01	1.709779092326635386e+00
nan	2.413615573442609019e+00	-3.928005990135468473e+00	2.217082149953994996e+00	5.324398845759921173e-01
nan	-8.903746573152873101e-01	2.253271925060387204e+00	-1.719294594705134960e-01	4.655199942553119863e-01
nan	-6.848409397470922588e-02	-3.701315125121260596e-01	-1.568746315496011512e+00	1.408274439251193222e+00
nan	1.258173821662739611e+00	-5.295300661279082194e-02	4.834717354129222655e-01	6.712049211115762859e-02
nan	-9.992987508430517529e-01	1.619367557488011533e+00	-5.881085137575407795e-02	1.278522976253474663e+00
nan	1.077792644049468951e+00	-3.293362879358567863e-01	-4.313448040309375009e-01	-7.674314695831655486e-01
nan	-2.613102302218886397e+00	1.152380106801555115e+00	2.362902264235259564e-01	-2.486119152511411801e-01
nan	9.462290353125444309e-01	-2.348379353715344564e+00	7.307010801308949643e-01	1.472027750259617962e-01
nan	-2.006482401829627338e-01	-4.806779016983153685e-02	1.256679726910113759e+00	1.669852617058802169e+00
nan	2.297038556124507913e+00	-9.134343309171084613e-01	-1.951621148093299674e+00	2.038928676705102291e-02
nan	6.366846969119207555e-01	2.795556935451936731e+00	-1.173103891720795877e+00	1.736847122162160917e-01
nan	-1.035489303461989863e+00	-1.086467081510949395e+00	1.514570414124797315e+00	1.762668299835894459e+00
nan	1.023176839714884379e+00	-2.131548089779301769e+00	2.685555295460680281e+00	1.263148954127319756e+00
nan	1.520966380754800396e+00	-6.280884754694728844e-01	-8.594050751143077205e-02	-3.223151291525825357e-01
nan	6.376156469681331096e-01	1.404848739823474135e+00	3.585487243589696171e-01	2.741124605597659580e-01
nan	8.851056440399551750e-02	1.350622067605885768e+00	7.368898945501762832e-01	-2.103441819122835010e+00
nan	-2.073039245560187815e+00	-6.438167138729555816e-01	-7.739655021239015831e-01	-3.622455679982990451e-01
nan	-2.275945548513857108e+00	-1.121703896472049822e+00	6.373524911196534193e-01	-2.416693685110705925e+00
nan	-6.771965791298824033e-01	-2.763310782168739266e+00	8.313165407926930150e-01	1.916703907017965447e+00
nan	3.885419530292578472e+00	-6.468035129158944407e-01	-1.296772412764254645e-01	9.625386218647924430e-01
nan	7.261346256427073653e-01	5.376149898815993922e+00	-1.654319161282790385e-01	-4.526059009283687207e-01
nan	-9.318006776330427510e-01	2.268476343626566472e+00	-1.370928360596385120e-01	-1.712321197384369720e+00
nan	-1.722193462062184821e+00	5.254704069849489567e-01	-8.423525275616065011e-01	9.737485059306164592e-01
nan	1.416141174561176275e+00	-1.658582931018943496e+00	-2.445515659111698048e-01	9.407316926035265148e-01
nan	1.146639709290091291e+00	1.997418367834675745e+00	-1.106079595805354421e+00	7.363265343921705508e-01
nan	2.314313838322665795e+00	9.626479646838728144e-01	1.154228293394408356e+00	1.381069543844195557e+00
nan	1.103206580163064610e+00	4.166754955860827891e+00	-4.897737944299730972e-01	1.322342632952645092e+00
nan	1.742748331427864006e+00	-3.463650157412190289e-02	2.327912403054316903e-01	-2.228609606599921966e-01
nan	-3.451967879136100814e-01	2.438781261584371585e+00	1.805191392686127161e+00	1.829626869116411647e-01
nan	8.834985731067015458e-01	3.593483670462008783e-01	-1.133012738721407064e+00	-1.574391107403342538e+00
nan	-2.135692868499050601e+00	1.964030491993638439e+00	4.245227363091904071e-01	2.021255824581066618e-01
nan	-1.676930015686825426e+00	-1.225143701679150210e+00	-6.430928090420853782e-03	-4.997622297179439219e-03
nan	1.345339667972018205e+00	-1.660824311513145801e+00	-1.608989057315856508e+00	-1.528607372455617952e+00
nan	-1.186513076475412820e+00	1.064846910152169812e+00	2.248915485010472282e-01	-1.480508175287103212e+00
nan	-8.762431373437825632e-01	-1.568123812653164251e+00	9.412512362194742632e-01	5.085603344445280283e-02
nan	-9.634482023625428049e-01	-1.845490047514316556e-01	6.995229697890144038e-01	-5.998369607421885075e-01
nan	-9.671178818973278357e-01	-9.313381927150392592e-01	-1.111759371063059776e+00	-3.451058668544931818e-01
nan	-2.178603626435672069e+00	-1.929919818853293334e+00	-2.313647245637800998e-01	1.408855511216072998e+00
nan	2.573926461497988427e-01	-2.779284514873089140e+00	5.543934615443817382e-01	1.964316736952532505e+00
nan	2.620280065161700644e+00	6.642985132584993124e-01	-1.474122873106169296e+00	-8.943426006944944495e-01
nan	-1.225922749691437552e+00	1.794085819253771419e+00	1.136903386139367145e+00	2.184240493061448518e+00
nan	1.113404427956841802e+00	-1.474261587785916650e-01	-1.423366244921942858e+00	3.754061364656277600e-01
nan	-1.208815114607869168e+00	1.492390192259737125e-01	-2.756594501084099758e-01	2.037724120521156035e-01
nan	-1.082276699375060103e+00	-2.000236767444609765e-01	-1.738863050545284561e-01	-2.311879774273281285e+00
nan	-2.806586080049255028e+00	-2.178483635800398943e-01	1.763376353356858939e+00	1.061779607166695394e+00
nan	1.304710287048979733e+00	-5.380800947714554638e+00	4.377844174070773080e-03	-3.893426082829988810e-01
nan	-1.039455415108819558e+00	9.692632642368561591e-01	-8.351012930035275339e-01	-1.486733102027191222e+00
nan	-2.297565674524831181e+00	-9.716364493673381730e-01	1.482865272067824147e+00	1.696737219974430166e+00
nan	1.396418358501816392e+00	-6.334476831733688584e-01	-1.018501966405866321e+00	6.536817839804082153e-02
nan	-7.744944229204633324e-01	-1.151516217010806198e+00	1.141629788849253702e+00	1.069994628687223281e+00
nan	-1.360462263881647038e+00	9.133031466486662975e-02	2.115181154984677736e+00	-2.843875031056469216e-01
nan	4.039730644912581381e-02	-1.732358779178937880e+00	1.632620077243060741e-01	2.615452078713108586e-01
nan	1.888099666705147506e-01	-8.846042867142158705e-01	1.005280343943781407e+00	4.754946889144039956e-01
nan	1.239710269111488961e+00	-2.350544300856031721e-01	1.254646685373307369e+00	-7.379637431715086078e-03
nan	-7.554261808808999945e-02	2.182625364208136798e+00	7.554652375797614450e-02	3.298595421661948968e-01
nan	-1.430074068356199213e+00	-1.422529257190724983e-01	1.615986794694500128e+00	-1.807497968805469868e-01
nan	5.057694307631670494e-01	-1.259430116251924803e+00	-8.755712049955862719e-01	-1.216798931154012969e-01
nan	1.869013654711683126e-01	1.624603161154854591e+00	-9.175652806341884071e-01	1.396928477467468399e-01
nan	2.088131995083459813e+00	-6.983299769537245627e-01	-3.358176062353525060e-01	1.733747458098071903e-01
nan	1.656322834072719019e-01	3.042392670315394287e+00	-1.282700786185108743e+00	2.663883004087620465e-01
nan	1.156602559282137621e+00	-3.434950483299604729e-01	1.163811258660873288e-01	3.969016452526514804e-01
nan	1.404733551850229079e+00	8.289945976782966408e-01	7.311735772591960725e-01	-1.509975768956007380e+00
nan	-2.477067144867534765e+00	-1.492996421878773905e-01	9.040840757837134145e-01	-3.735304268415444162e-01
nan	-2.747898118958475022e-02	-1.918744485486906015e+00	-7.157612293948967253e-02	9.220981658650669877e-01
nan	-5.821088961437287379e-01	-1.405267041222019841e+00	1.429533099121019557e+00	7.951399502876609349e-01
nan	-4.464273834605946289e-01	-5.765941232217609569e-01	-5.160216402292254756e-01	5.565228546468851123e-01
nan	1.670598607108183753e+00	7.497616513639215885e-02	-3.140468453754542977e-01	5.809045065084850190e-01
nan	2.122702205207370740e-01	1.283392671333360990e+00	5.726528784560452889e-01	1.209001621983682773e+00
nan	3.534131833851055227e-01	-2.365786058705798278e-01	-7.960870343311253761e-01	7.903306210806539944e-01
nan	1.834427416691472690e+00	4.518057292486865606e-02	1.542455791409737653e+00	-1.491124477224176625e-01
nan	4.145410902438105283e-01	1.130725679977819365e+00	-2.116593449123792270e-01	6.770508277205623537e-01
nan	2.050552927308209483e+00	9.354247159582476101e-01	-8.061687589536671306e-01	-2.021774371673186466e-01
nan	6.307136669916001415e-01	2.563008235647103117e+00	3.133943381370524889e-02	1.375971861732536938e+00
nan	2.002563443272619814e+00	-4.206705246967396006e-01	-4.081485101937641358e-01	-1.562904357878698081e+00
nan	-9.577393672709365591e-01	7.982710644422736923e-01	6.688174619255578268e-02	-1.097881314921936413e+00
nan	-2.009373951799741320e+00	4.368796588581969065e-02	-9.347114939185705573e-01	2.449051840865764440e+00
nan	3.270748141263624564e+00	-1.197702890708886692e+00	1.816325175082325605e-01	-8.051880672825174612e-01
nan	-1.678950145915376613e+00	2.960621311178808224e+00	6.525872628846240975e-01	-1.426308985703619969e+00
nan	-1.150985673781103724e+00	-7.409592108192621929e-01	-1.223687120228929559e-01	-9.461477196219316710e-01
nan	-6.279890977761926063e-01	-7.395511762487183560e-01	1.947864862731150948e-01	9.200351193426418162e-01
nan	9.913343809312386012e-01	-6.977734857704535054e-01	-2.833182457741824090e-01	1.886646822092366893e+00
nan	2.657523654486917852e+00	5.230982335234527492e-01	8.555920021761873606e-01	2.207774265267790081e-01
nan	-2.477080280819787261e-01	1.974871205741854485e+00	-4.069561802988699295e-01	1.595740865193313818e+00
nan	2.445961494242266276e+00	-5.172412605340332981e-01	8.999084388186993078e-01	-1.144114942932279222e+00
nan	4.800505530154153266e-01	2.135383788892531776e+00	7.727824064328203679e-01	-2.500474302285321873e-02
nan	-6.589345565499927782e-01	4.829426051585358204e-01	-1.145387287753486971e+00	-8.281282770807729676e-01
nan	-5.132367472096200922e-01	-7.727740225806758456e-01	4.968974493299727624e-01	-4.746344734806310361e-01
nan	-6.577974080328136131e-01	-1.962390764753791372e-01	-6.101228211927461897e-01	-2.394975602056932384e+00
nan	-3.440761002183223560e+00	1.531166827876595971e+00	3.129516429830703217e-01	5.693680340209377189e-01
nan	-2.861494245789383273e-01	-2.424894636912327872e+00	-5.058185931899970011e-01	2.635014161475133787e-01
nan	-7.947213680092308774e-01	1.548761301876050434e-01	1.723288327419491006e+00	-5.677097538377993968e-02
nan	-4.083640710163233267e-01	1.656577853877626572e-01	-2.275477615979424773e+00	-7.104225819624233884e-02
nan	3.678442150250968989e-01	-1.429355521921642058e+00	-9.345706525327477365e-01	-1.136306831192581468e+00
nan	-2.518732291594645289e+00	-3.577623662317984676e-01	1.331283240814201241e+00	2.508744146125503893e-01
nan	-7.921664456474262206e-01	-1.541441083534486056e+00	6.344686931579806011e-01	1.099966524549990110e+00
nan	6.582947373875356334e-01	-7.408814118798904280e-01	8.565495653819206190e-01	1.166672350280848480e+00
nan	2.743227598980519044e+00	-2.539040575981056369e-01	-3.586141362347251005e-01	4.899188083014266448e-01
nan	-7.833156865544855796e-01	2.605930991525779561e+00	6.572020107042848558e-01	3.302398478303399720e+00
nan	3.858925181687325345e+00	5.946718780916587788e-01	7.520527477795608817e-01	-7.716599403297960125e-01
nan	-5.668549883468265715e-02	2.771452686341097760e+00	-1.402570169009467849e+00	-1.177339872223167161e+00
nan	-1.983645791450244555e+00	-2.051882434420158330e-01	-1.531646973874279283e+00	1.064101985007675832e+00
nan	4.438052156734761944e-02	-1.970547819945774215e+00	-7.406461201197299671e-01	1.277209609218293407e+00
nan	1.957964226810265940e+00	-1.198956500279233728e+00	-1.307495642590089879e+00	2.058841947254899551e+00
nan	2.369706127922002192e+00	2.354383776338949907e+00	-9.340403125943518015e-02	3.208010750462217398e-01
nan	1.117582144408956424e+00	1.414237770881300094e+00	-4.853399858931206068e-01	-5.907035714082761180e-01
nan	-2.242320719021494990e-01	7.600219217740575850e-01	7.237991763197502981e-02	-3.523915903630783775e-02
nan	1.010866098252136691e+00	-2.795961961722448486e-01	9.602247487137571813e-01	-5.056769189202329207e-01
nan	-1.732996499531187062e+00	1.589865399192051942e-01	-1.455403799466426618e+00	2.264466233600763434e-01
nan	3.352402138942543464e-01	-1.431349473733495969e+00	-1.536733008042646009e+00	4.210641291012979237e-01
nan	1.304060149237661559e+00	3.572399785533575955e-01	5.664275114273521483e-01	-2.398383334690283863e-01
nan	4.804396789923230937e-01	3.196028644959874043e+00	-2.203842285629202369e+00	-1.557930008611081441e+00
nan	1.891202437199772657e-01	-4.480082288636851873e-01	2.160292201662641909e-01	1.280879137935914347e+00
nan	5.415759427569001305e-01	2.929597080524984354e-02	3.952071494724598150e-02	1.963696112320759468e+00
nan	2.895999980676191576e+00	-3.395749885664358647e-01	1.437068821800982388e+00	-3.542327906314002850e-01
nan	4.855516253288643669e-01	3.023270003084796542e+00	-1.733794783831090980e+00	-9.661330692202273474e-01
nan	-6.219830176839078462e-01	1.099960939663113146e+00	-5.071395639248116316e-01	9.836220021505981403e-01
nan	1.368838951529159687e+00	2.001811460280886745e+00	4.601341058088891378e-01	1.652541886623237088e+00
nan	3.668101597488107934e+00	2.209148892274547027e+00	-1.294885842545538068e+00	-1.493763411869952096e+00
nan	-9.765775934954065152e-01	3.442684828948455511e+00	1.793558603719799249e-01	3.972597795036518775e-01
nan	8.205881384613169516e-01	-2.369566345860983247e+00	-1.306827395215420518e-01	7.677170639635514382e-01
nan	8.777709075427677643e-01	2.282557125835926737e-01	-6.075242799537949878e-02	3.705591505435807398e-01
nan	1.225261923989608093e+00	4.683933227734962679e-01	1.310368928611815031e-01	-1.260838427590002642e+00
nan	-2.527892152277524396e-01	1.018378937085238523e+00	-1.535961426521929907e+00	-1.265069989938907513e+00
nan	4.194262770355969838e-01	-1.135219523230091898e+00	-2.811438275816978694e-01	1.011630015121133708e+00
nan	8.585807356041350591e-01	1.191622134894357865e+00	-5.863424583801278844e-01	1.472976349076636549e+00
nan	1.028041686356393924e+00	1.960476070768556012e+00	1.121357300308853500e+00	-1.349898216618607094e+00
nan	-2.097831635110205983e+00	1.748699044474247621e+00	-3.581426466260553831e-02	2.384174733326557494e+00
nan	4.256687290954712211e+00	6.744372632029507209e-01	7.543280257400125643e-01	4.640994810049361985e-01
nan	5.095928439988924863e-01	1.286684486367793312e+00	-5.614850808167604068e-01	3.790655866806783569e-01
nan	3.827907894610626527e-01	9.550081293090835199e-01	1.747208284904665787e-01	1.005968919578863890e-01
nan	-7.991621617940488642e-01	8.621200371135904206e-01	1.188738981227370622e-01	3.761374220558823533e-01
nan	6.104731767103823703e-01	7.816828948961646040e-01	4.940842786084471139e-01	-2.301794720133521488e-01
nan	-2.940290116638086260e-01	-4.675358659034025699e-01	-2.185329024679682597e+00	9.635422835820216525e-01
nan	-1.052514021260182897e+00	-7.201033835255482574e-02	-7.509605229157066963e-01	2.324545283947018870e+00
nan	1.514958076144532040e+00	-1.421060322024584099e+00	8.710792238283727729e-01	1.940900661387730819e-01
nan	-2.854353693780101509e+00	1.998819357421608212e+00	-5.766274284586679899e-01	5.996490708131121394e-01
nan	8.392451188777967364e-01	-2.209019980198139166e+00	-1.660909220487382099e+00	-4.106645745247413659e-01
nan	-1.439937852488795578e+00	-1.337329899744665207e+00	-8.664285171412374753e-01	-2.461833055251587965e-01
nan	9.804150141710059607e-01	-1.860324076948244532e+00	-1.737177620982419901e+00	-2.527935242848251551e-01
nan	-3.082744181931018623e-01	1.933629926254769149e+00	1.494401027864223075e-01	-1.199587188004756166e+00
nan	-2.175396824490844594e+00	1.353043336931767593e+00	1.346625122851623724e+00	-4.453835051683036061e-01
nan	-1.200368293729309865e+00	-3.572155631343835847e+00	-1.781515351946567183e+00	-3.708917429953129119e-01
nan	-1.228285482782128346e+00	-2.016298829358584843e+00	3.562808899036961074e-01	-3.503399768622844634e-01
nan	-4.724383835855970881e-01	-1.039210633409082929e+00	-1.585879236401015913e+00	9.824736755370542252e-01
nan	1.393710416737631519e+00	-6.962777833084804469e-01	7.289841258626145182e-01	-7.291433074998225627e-02
nan	1.624649846046557711e+00	6.745791295493566153e-01	-3.695382534632441485e-01	7.700780848651698207e-01
nan	7.936342426487525969e-01	1.683032741374997698e+00	4.153770656132997896e-01	-1.878799786321884158e+00
nan	-7.708632655788532073e-01	1.179848433365104254e+00	-1.599943310739832647e+00	4.948880630369155709e-01
nan	6.365373569542905896e-01	-5.499471070133291617e-01	-1.367839900883718984e+00	-5.134345000138744730e-01
nan	4.216131675614064322e-01	8.038948174188003115e-01	-1.030429839573131723e+00	-8.151718829339885466e-03
nan	1.217061509101543759e+00	7.255489735255130634e-01	-5.079169166207564423e-01	5.445207279168269299e-01
nan	-8.129405203813271363e-01	1.485971614770998706e+00	3.650181405952423463e-01	-3.584885186384341726e-01
nan	-9.060906440455323008e-01	-1.598150133747641144e+00	3.838357463237495049e-01	2.009619066778498830e-01
nan	-1.201195551043343412e+00	-1.246596786084606556e+00	1.321610250432467826e+00	1.396198230528144624e+00
nan	1.983122606178642000e+00	-8.522851755802622886e-01	-4.484509072451129535e-02	-1.582954885463149886e+00
nan	-4.091745372511811141e+00	2.442444070390983768e+00	1.400814923850709937e+00	-3.249730796141180322e-01
nan	-9.101608480170420012e-01	-4.048550116143052158e+00	6.609476333773089962e-01	1.877592786124976820e+00
nan	3.664834169829537913e+00	-1.608938447893294876e+00	2.719003094131487441e-01	4.081625372172715260e-01
nan	4.392402490680662464e-01	3.962731091090003321e+00	1.846847644783336406e+00	7.026311933501649953e-02
nan	1.086432195945328472e+00	3.979087431878096659e-01	-1.217550536026536401e+00	1.717342179556376136e+00
nan	2.045114890008400188e+00	1.810000749506633255e+00	-1.578122622530140129e+00	-6.091804581137438834e-01
nan	2.238297256948560410e-01	2.237124694762079535e+00	1.075689794339792504e+00	-1.448046134918060224e+00
nan	-3.117359388751806293e+00	5.896642178882487428e-01	-1.975016303243689153e+00	-6.977715539636583086e-01
nan	-9.152584576081741474e-01	-1.375529546605077869e+00	-2.786434474636035663e+00	5.186204174220685470e-01
nan	8.695382478425229822e-01	-5.312747241207131932e-01	9.375940307551551278e-01	8.126728089848738179e-01
nan	-1.171721720801195410e-01	-4.637162729071521161e-01	1.132724672427420032e+00	-3.051720069787468015e-01
nan	6.262467826277012817e-01	7.511690540955809903e-01	1.185917001488738354e+00	-1.787629837794666665e+00
nan	-4.368498585542113233e+00	-1.198229909207056298e+00	2.381643775784813233e+00	1.394724674240343409e+00
nan	3.558501970045528928e+00	-6.467302575987122104e+00	7.282256808405312976e-02	1.907680676249048357e+00
nan	1.387770328738704428e+00	4.994615123186756378e+00	-2.450483855937690691e-01	-3.056889550811657807e-01
nan	-1.094138172147335553e+00	1.088309495586218478e+00	7.880985952491680047e-02	-9.880523658814809318e-01
nan	-6.213360963454364061e-01	6.650379380915623084e-01	-1.630178733427112558e-01	1.629601308304189089e-01
nan	-4.950497746344213468e-01	1.499544968414801005e-01	-5.707710470351294862e-01	4.174547729665650797e-01
nan	-1.133119770242583257e+00	-7.622369547460337014e-01	7.842420671075527316e-01	6.602474779038765007e-01
nan	1.521669385007461406e-01	-1.444784947964978361e+00	1.253522396254188320e-01	7.127758818749303504e-01
nan	1.164825914951743258e+00	1.495027901667032921e+00	1.499035734211071391e+00	8.573503605057355981e-02
nan	-9.660756390991818154e-01	2.955083253843470814e+00	-9.283243168401988932e-01	1.373383132613671953e-01
nan	1.637832436386871260e-01	-2.616849915648672420e-01	-3.801880409391308335e-01	6.346560398798151148e-02
nan	4.158250445342973056e-01	-1.162314039536978871e+00	6.485886662733914010e-01	-7.183490910264732632e-01
nan	-1.333398485437349956e+00	-6.536166658752284864e-01	1.420556531130268807e+00	-2.174548601277797588e-01
nan	-8.438065678282216098e-01	-1.296919606865049257e+00	5.504081795720930925e-01	-2.190646433516771019e+00
nan	-2.548825787419822131e+00	-1.640866579691133254e+00	1.302839093246251689e+00	-8.664274558423774586e-01
nan	-1.225894422552013641e+00	-3.020414097410418108e+00	2.925410996246541329e-02	8.021433981892747145e-01
nan	1.502329248450235077e+00	-2.281626091377167320e+00	-2.117315853034793527e-01	5.233449546239986594e-01
nan	1.043620312422419705e+00	1.765565780923833872e+00	1.137105308675956605e+00	1.021562842556028139e+00
nan	1.655594851174975179e+00	7.313127879947154408e-01	-4.578597460310970119e-02	-1.979929366054798967e+00
nan	-2.256640036680326755e+00	1.824333714311788590e+00	1.634887255310194520e+00	-4.518059920253377215e-01
nan	-1.169796510711786697e+00	-3.096439861867810173e+00	-4.894004613176256568e-01	7.636093392128925350e-01
nan	2.220507652633291862e+00	-4.256251857639183900e-01	-3.821220915269050722e-01	8.841104036032256808e-01
nan	-5.287834725762199373e-01	2.664099169969374792e+00	1.883335349827284677e+00	7.235302444750166817e-01
nan	1.371361585778222869e+00	-5.912285050937733377e-01	-2.015371460469662646e-01	1.486787966501649683e+00
nan	2.431401969085696280e+00	7.575639045607712729e-01	8.013295844010119851e-01	4.097311142102017634e+00
nan	4.058042993616888694e+00	3.075141788629077944e+00	-2.077312595446572374e-01	1.904859102811307103e-01
nan	2.528927382178322580e-01	3.004156054302249412e+00	1.040843714238491646e+00	2.061327092708382241e-02
nan	1.375078539172912562e+00	6.637206140519322783e-01	5.559357101011899172e-01	-2.760141301180961459e+00
nan	-2.239406433709037358e+00	1.629147261308470318e+00	-2.760262784581615225e+00	-1.679180894644848099e+00
nan	-3.007999429323640062e-01	-2.483769769466407151e+00	1.266097097158621176e+00	3.520670195021325943e-01
nan	5.812662642972199478e-01	-2.028182161488262025e+00	1.062380415392068844e+00	-8.094776806641588163e-01
nan	-1.716899104433211587e-01	-1.923107129069792087e+00	8.461449788479237233e-01	4.872352415431509542e-01
nan	2.232319261960225898e+00	-2.834654314277343379e-01	1.420561131416651079e-01	-3.876229743954835438e-01
nan	-5.829436200166067117e-01	2.391169307479352746e-01	-4.388292029996258559e-01	1.835500822998304971e+00
nan	2.238688676682416112e+00	-1.932581461854754323e-02	1.494619561727703827e+00	4.087729176577518109e-01
nan	-8.865691679840695949e-01	1.077341640477824658e+00	-1.462718351157520913e-01	-6.929845051410065127e-01
nan	1.514597545763829434e-02	-1.441285504239858684e+00	-1.849535645702697684e+00	-1.472384233498583050e+00
nan	-7.386788742467316204e-01	-1.527746812496817430e+00	-2.794592706119663816e+00	-6.858383301465977855e-01
nan	-2.039961328294785936e+00	-1.393308983371257970e+00	-3.968081395491671604e-01	7.137377875005012084e-01
nan	6.443798312029022091e-01	-2.810003031571978838e+00	2.655595696514849724e-01	7.321770917650373134e-01
nan	-4.321071037627638445e-01	1.352534406601155759e+00	-1.412842294920127362e+00	-5.451964965738624880e-01
nan	-9.736973210520922795e-01	-1.112079794317213377e-01	-7.336736160238517546e-02	1.962119040676188142e+00
nan	3.170072726959251241e+00	-1.725912237302247743e+00	-1.047396012020511025e+00	-9.442783624850639157e-01
nan	-1.783763604240928391e+00	4.109500755389101201e+00	-2.121156160623549169e+00	-3.091527239973956842e-01
nan	6.001642806186646695e-01	-1.162924963907158160e+00	2.330532206785133342e-01	2.138466434105041003e+00
nan	1.533827066711430653e+00	1.291895096679706256e+00	1.082490286955969591e-02	-1.544795302033369788e+00
nan	-1.545083716992550649e+00	1.259884713902922782e+00	1.445848540814608452e+00	-1.145193515479821844e+00
nan	3.136521013282980164e-01	-2.133856626950616509e+00	9.564225104483530249e-01	1.787509913232886438e+00
nan	3.719757253506956740e+00	-3.591240700114035622e-01	-4.132583494878191988e-01	-4.417948397262562721e-01
nan	8.615367835045489864e-02	3.071638470427231482e+00	5.917394878783359680e-01	5.673764712907766045e-02
nan	-3.289538966809191223e+00	2.290598788359807791e+00	6.674748051503969215e-01	-3.903056656501034394e-01
nan	-1.554871138785450801e+00	-2.994032694022512153e+00	-9.576942011184458314e-01	-1.297519635525214099e+00
nan	-2.441100367128885562e+00	-1.030672386536879870e+00	2.223393936163732487e+00	-2.051122707658262490e-01
nan	-1.772755856578273614e-01	-3.641083267989819738e+00	-2.430062194152120991e+00	-1.265591093763954955e+00
nan	-2.758404054861297805e+00	3.638417873839120964e-01	7.166254924811119587e-01	1.447204141359542007e+00
nan	1.276667738646074746e+00	-3.193412676789914251e+00	-2.676342832916835057e+00	1.403580232513710335e-01
nan	6.181525669791909650e-03	-5.805964641755276823e-01	-5.929074163018430155e-02	-1.705568406552824046e+00
nan	-4.065265456133330346e+00	-3.504211918395811476e-01	-1.389026978643037147e+00	-2.521033234982620469e-02
nan	4.126413069528733213e-01	-3.792544795143118375e+00	3.980618191093877184e-02	2.355770290643043108e+00
nan	2.928535962759770239e+00	1.923951017780280548e+00	-1.555285299654157516e+00	-2.375269220240379398e-01
nan	1.339096078170632476e+00	2.924501362540428584e+00	6.666374924994588058e-01	5.758971502780778351e-02
nan	-6.618654030180955994e-01	5.128013678844042245e-01	1.668899186549145153e+00	-1.723148203186426919e+00
nan	-2.022740187916558519e+00	-9.495502037103382698e-01	-1.147446445499568757e+00	2.055758652195734282e+00
nan	2.360642283971346789e+00	-1.708838233571788212e+00	-6.606822350264185406e-01	-8.364076882634710053e-01
nan	-1.508422807777239472e+00	2.380323804025990864e+00	1.862795756467968689e+00	7.191629710979436929e-01
nan	1.307047393846021865e+00	-1.760688028845524222e+00	-1.205654485735558445e+00	1.426521019896222597e+00
nan	5.768553740762529802e-01	1.081888828307554506e+00	-1.711536490262480337e+00	8.873700487263161962e-01
nan	-1.160819178736515189e-01	1.992656201439021446e-01	-5.041864573791750986e-02	7.217634292264023532e-01
nan	8.709217768859418562e-01	-4.933929464087420946e-01	-4.005917281032218003e-01	-1.390091580945549632e+00
nan	-1.724211833620646228e+00	1.196383744477957922e-01	-3.540283441884608528e-01	7.651224841334370863e-01
nan	-7.732195762940349271e-01	-1.662486646040009175e+00	-1.610142717859303074e-01	-9.648166771247038698e-01
nan	-8.621761285246428708e-01	-7.761723020573551013e-01	3.207438739567384012e+00	-7.357943463102962767e-01
nan	-7.869308572146793690e-01	-4.787399390859535253e-01	4.498257658517511026e-01	4.928322400804239223e-01
nan	1.260038278242266774e+00	-9.033883055934127659e-01	7.381981864858185860e-01	1.104804831116259267e+00
nan	2.559862477418225479e-01	7.200977195272012521e-01	-2.166377955496291641e+00	-8.394344481401863067e-01
nan	8.143957990791608204e-01	-2.411773345264041635e-01	8.222436140618394340e-01	-8.703378676368848099e-01
nan	4.455705325181368304e-01	1.671027985658943837e-01	1.117958935178923752e-01	2.516419433537102623e-01
nan	-1.850804421691880419e+00	3.417759813161614924e-01	2.973581957901769851e-02	-5.132993485433446912e-01
nan	-1.161724628851029895e+00	-3.248185516558748986e+00	9.145114416620685471e-01	3.876979583420622766e-01
nan	8.764203834652941616e-01	-1.471215636809205973e+00	1.916908294732485585e+00	5.507106199037902217e-01
nan	-4.459981632284796271e-01	3.906198264649418661e-01	1.649347767320184843e+00	-7.384779919820221306e-01
nan	-1.740443797582187591e+00	-1.449460852470599304e-01	6.031276673124787990e-01	4.107994124984642448e-01
nan	1.665624775929215762e+00	-1.088671372260645587e+00	-5.562404171481465376e-01	9.848797299764709967e-01
nan	2.452854889413897954e-01	2.205901141291782164e+00	9.143415049778202963e-01	-4.738172457224229528e-01
nan	-9.698407463200575673e-02	-1.416388827457557120e+00	-6.709243088003236100e-01	-4.116420601565261572e-01
nan	-1.251545138020356829e+00	-5.454115899078145618e-02	1.714577310926606035e+00	5.533026806051968283e-01
nan	1.682274473218221766e+00	-3.131776903020222047e+00	-1.964185071339752175e+00	-8.014490224641367400e-01
nan	-1.149929703794895897e+00	1.430394875170702518e+00	-7.309047989418495650e-01	-1.333982236264910526e+00
nan	-6.428828773690381526e-01	-1.854787431031745371e+00	2.420494262628209547e+00	5.172366714026898071e-01
nan	1.602040133239667430e+00	-2.709616393874696438e+00	-1.802468328481176441e+00	4.805808961048176065e-02
nan	1.440032863414368036e-01	7.626060640006897540e-01	-1.304168326960820634e+00	-7.118538419278088725e-01
nan	-1.547734099312022549e+00	-1.076510433643679931e+00	1.192650879324315571e+00	-8.899919337830726473e-02
nan	2.310543664794121543e+00	-1.922953539145073609e+00	-6.462743414655610641e-01	-2.823705382205174974e-01
nan	-7.401333605291710027e-02	2.447780363282869409e+00	4.067427009882406685e-01	1.572156582749209885e+00
nan	1.033479794028881571e+00	1.340131448378855783e+00	-5.294338219957821501e-01	2.726729214669353779e-02
nan	-2.066540133956754066e-02	2.160168100358856869e+00	1.087360195883108477e-01	-5.117871445039214873e-01
nan	1.796827215963241464e-01	-5.454264539225377184e-02	9.873882327445832052e-01	-1.924143997062059297e+00
nan	-2.329180769407011020e+00	6.827264803281670735e-01	8.346509963425739753e-02	-8.396139697370742505e-01
nan	-9.138049320570600376e-01	-2.994543616952270337e+00	1.637200498696059561e-02	-1.871840065046380674e-01
nan	8.690057771472722292e-01	-1.232268496271784919e+00	-6.671384341030323073e-01	3.118447998519943143e-01
nan	-4.226619104374901292e-01	1.774091942179836678e+00	-2.619099126687629009e-01	1.775917720413525136e-01
nan	-1.125813471036778868e+00	-1.630252918605003654e+00	1.145744175600796666e+00	-1.321057215198472967e+00
nan	-3.020652245874265063e+00	-9.115654846403927758e-01	2.565394427876634964e-01	-2.924058924182353358e-01
nan	-1.092944943065065733e+00	-3.833621144102446365e+00	-3.151948110089659028e-01	1.075789384054641751e+00
nan	1.101232573628806000e+00	-1.089335167781706915e+00	-4.292716113381508936e-01	3.312530858633689346e-01
nan	-3.113980314274576444e-01	1.687444654092616902e+00	4.961934074862405786e-01	-1.105038037110382954e+00
nan	-1.292026690953666179e+00	4.842547490304492386e-01	1.853038421408769731e-01	6.076611606034311164e-01
nan	4.533943910135033173e-01	-1.336448784426789382e+00	-3.104199390740088882e-01	-1.907669129650268192e-01
nan	7.613915551114258662e-01	-8.770487147086590829e-01	1.196242842251427962e+00	1.684948504242352429e+00
nan	1.203440943491650206e+00	6.460126309791132115e-01	-1.569702937889066785e+00	-6.517944062014242590e-01
nan	3.870905158236113142e-01	1.457177673441519161e+00	-3.211068954959740429e-01	-7.597249513174871849e-01
nan	-1.743082321069521878e+00	1.914145814094002196e+00	-6.050489196747944609e-01	1.203901194457780877e+00
nan	1.335564208026472022e+00	-2.723136633132201112e+00	-1.031263803578901017e+00	-2.186740185530398894e-01
nan	-1.248560933121291239e+00	6.287822294567402270e-01	8.877728712124416388e-01	3.955568865839285686e-01
nan	1.059187763387176906e+00	-8.627225895787997700e-01	1.012302813249648326e+00	-9.822193916937861369e-01
nan	1.140528921195264056e-01	1.536376954104925918e+00	-7.664221384490713662e-01	-4.237760572413806215e-01
nan	1.998130178610424856e+00	-7.294414328351899179e-01	-3.439534270493293522e-01	1.833575491804463553e+00
nan	1.202751618705600656e+00	1.280010923736381923e+00	1.236409395137901268e-01	-7.465402452673898237e-01
nan	-6.867414113280956300e-02	5.219911626122539783e-01	1.245791843354040029e+00	-1.184501253774322693e+00
nan	-1.342841216268368720e+00	1.286448384435160852e+00	2.685110131710475301e+00	1.842388170404471781e+00
nan	1.340758832232586517e+00	6.898843545588377868e-01	7.453213586387710254e-01	3.786748135371697382e-02
nan	4.320291008837277569e-01	-2.259028494616592830e-01	-6.075970898535637543e-01	-8.333265895226599218e-02
nan	-9.257326165755501435e-02	1.517756452606118911e+00	2.259421100150451056e-01	-1.739657226555877623e+00
nan	-2.006827986086973326e+00	-4.683566671400475889e-01	-2.072818864672179295e-01	-1.355019193203940153e+00
nan	-1.554609408182199282e+00	-2.642337234877952135e+00	-6.336095927828490348e-02	-1.176806058925724097e+00
nan	-1.096134117310504363e+00	-3.010763941337152971e+00	-7.945440324304360313e-01	7.093884215775470015e-01
nan	-2.119257136207188807e-01	-1.084363048153988318e+00	2.744909248935735735e-01	2.808934318989984944e-03
nan	-6.841964646606704115e-01	-7.884362194947103220e-01	1.440494426659131522e+00	-1.009055121662939536e+00
nan	-1.074743694345315470e+00	-1.630414247777612236e+00	1.578463787479208458e-01	-2.467563381076369189e-01
nan	2.213389042361857406e-02	-3.390084467833600179e+00	-3.410748742698777036e-01	-7.230461507029050106e-01
nan	-2.306788893719988742e+00	1.882408813264105918e+00	2.152482985787811387e+00	-9.511042397449682717e-01
nan	-3.388169674145274923e-01	-1.570096187247534525e+00	9.204598406571473657e-01	-1.910751244795430459e+00
nan	-1.104450457482718306e+00	-5.009513661599372947e-01	6.773290192968962620e-01	2.649149749571332868e-01
nan	2.157261558204873086e+00	-7.013934848130091160e-01	-1.215207619600619626e+00	-1.961886723045834335e+00
nan	-1.962717976536617170e+00	2.331939938702068726e+00	1.146593043053506955e+00	3.817736735747033761e-01
nan	1.365899031888716975e+00	-6.546411365804689630e-01	6.360298268170383462e-01	1.076110558018126273e+00
nan	-5.343944376329832213e-01	2.028548027317817137e+00	-3.077043612493532088e+00	-1.020818236023862013e+00
nan	-2.972608249454435914e-01	-1.566334326823202394e+00	-1.399198075940343733e+00	2.329291392578584363e-01
nan	-1.205811196055509349e+00	3.225483460729603458e-01	1.222471661823665290e-01	-1.072548376924326030e+00
nan	-8.578214896867595307e-01	-2.095857030629446172e+00	2.685307034926915914e+00	1.442529440266704377e-01
nan	-5.774467289057810815e-02	-8.010181448982778285e-02	-2.718402315154540005e-01	-1.497112195390632561e+00
nan	-1.099990915093601140e+00	-2.226597468370289157e+00	-1.659770394976143315e+00	7.276620241972613368e-01
nan	1.199987565391534838e+00	-1.041000325862630804e+00	6.658361009812910347e-02	-2.151243775787261003e-01
nan	9.158441246313162587e-01	4.349023746936361290e-01	1.200726301035864862e+00	7.313111529678077982e-01
nan	2.927291324165536501e+00	9.113047843022371586e-01	1.349001723853757939e+00	2.368651282899122412e-01
nan	-4.683433491628239409e-01	2.446894270721927445e+00	4.701275449889899538e-01	-2.001851863875021287e-01
nan	1.296465795482867611e-01	2.831899948146822110e-01	-2.021110096124639544e+00	-1.304573674104817282e+00
nan	-1.324392514697007250e+00	2.486261226062561058e-02	-8.666326466381123472e-01	-6.648069758632451087e-01
nan	-1.152758363964909938e+00	-7.313411467934214372e-01	9.960519813151431645e-01	1.362953074533851838e+00
nan	1.602538677224831787e+00	-8.835034671115228333e-01	1.546569610611390200e+00	-9.663264908231067318e-01
nan	-2.166180698837363749e+00	2.663025357215762057e+00	-2.020063193249513223e+00	1.216668734051412903e-01
nan	5.463974269290997610e-01	-2.219476138739307380e+00	8.126485835785127732e-01	1.174284200066949335e+00
nan	2.554143628477551609e+00	1.036357694705138499e+00	5.897234700547536734e-01	-3.506483077786741731e-01
nan	1.874175235831757824e+00	6.314142913018505610e-02	1.115940532984090794e+00	-7.543562622201973600e-01
nan	-1.912201237690133837e+00	3.007573297566409565e+00	-2.965104110197324117e-01	1.779311788906597913e-01
nan	-2.469832655930737531e+00	-2.042006159272559351e+00	9.265400916945206733e-01	-2.526383737837264998e-01
nan	5.300759191809549797e-01	-4.024503042845362089e-01	-1.267096752289200268e+00	-1.209127539113202365e+00
nan	-1.915525308741775845e+00	-2.975044350011381011e-01	-6.149009467095796211e-01	8.363636624731826119e-01
nan	2.500667153178703916e-01	-3.295700195501995111e+00	4.771173305946137533e-01	-7.335867227265259194e-01
nan	-1.307693666172244917e-01	-1.716394908821244902e-02	1.046241339353759958e+00	-3.539730172369449090e-01
nan	6.450166858701904538e-01	-1.428878652015293516e-01	-3.461106572397517067e-01	-3.843180972408843932e-01
nan	-7.393059735517224507e-01	3.817856138810789557e-01	1.011043062024706840e+00	-6.639995463602643699e-02
nan	-3.182266042838777231e-01	2.890256884320729913e-01	-2.594462911754114587e-01	1.858819813242663210e+00
nan	1.681750659542422310e+00	-1.791957357326723121e+00	-1.091635053285503476e+00	-1.423882834217373272e+00
nan	-8.350389655490773055e-01	2.724755788598335116e+00	-6.906465973420737869e-01	-1.153005535761361111e+00
nan	-8.741966389438110552e-01	1.278979770000391314e+00	3.096266393765464420e-01	2.610625158960273029e-01
nan	5.997535871917727412e-01	-1.592654415023349035e+00	1.680573092117231271e-01	-9.337022976661719653e-01
nan	-1.568879454535462070e+00	6.595424362780611949e-01	1.980133072730114963e+00	3.372455089445220433e-01
nan	-3.273269725113039930e-01	-2.021067535112285540e+00	1.557715968838524256e+00	-5.306635121593102911e-01
nan	2.261333566111900506e-02	1.677910999551483484e-01	6.093555193545341364e-01	7.402423609341646227e-01
nan	-1.808849145867789110e-01	2.598595223161214163e-01	-1.098343094945445353e+00	1.191943579654724639e+00
nan	6.571360670653911829e-01	-6.918103155753450029e-01	-1.601009945325943262e-01	6.698098705750944459e-01
nan	2.220193274367125436e-01	1.100008603970981991e+00	-5.257366280698447802e-01	5.551531898837271939e-01
nan	7.062687731705593608e-01	-2.483748962610798361e-01	-7.483551476173253558e-01	9.265185096511484586e-01
nan	2.487183536030360909e+00	8.336884615031077139e-01	7.790019363354772075e-03	-8.856446762989790278e-01
nan	1.430576035743312824e-01	3.063463931406976926e+00	-4.991895049977662091e-01	-2.881184809613134279e-01
nan	4.071625978451043348e-02	1.245720631101949749e+00	-1.963412320595016913e+00	3.220498137456948573e-01
nan	5.628803637462129750e-01	1.201201201807098329e+00	-1.137834169648583638e+00	1.307161984405767363e+00
nan	2.291842336662737178e+00	5.698127291837913333e-01	-2.450522399163702070e-01	-1.049654404685528952e+00
nan	-1.432437491006608887e+00	4.595598191391839116e+00	-1.378167021341131747e-02	8.336814180427208898e-01
nan	6.344459738242891333e-02	-7.622306304132900889e-01	2.163650508949949813e+00	-1.065857977192466999e+00
nan	-1.334643072495699023e+00	-1.902274216791189354e-01	1.832121294799305522e+00	-1.123759732645260412e+00
nan	-5.123945733325053764e-01	-3.492772117583646363e+00	1.046633013248509103e+00	1.247575791062935924e+00
nan	1.015155720706971909e+00	4.628031783670844002e-01	4.186773282252663764e-01	-2.390885029303819742e-01
nan	-1.364809035425186001e-01	2.203369173768023437e+00	8.728600560115439277e-01	1.338439010487652903e+00
nan	3.150583423588512400e+00	-2.788294391889326374e+00	-1.716046789348925961e+00	1.451792673090931851e+00
nan	2.928039677604692415e-01	3.835446619354702769e+00	2.015610117236479037e-01	-5.396263604068054498e-01
nan	-7.702943020120148754e-01	7.465111916877735787e-01	1.332319953320945105e+00	-2.885599847054684530e-01
nan	-6.787009933184435795e-01	-2.614821000060376210e+00	-2.143421600765706148e-01	-5.678190177794848470e-01
nan	-1.915729908551664140e+00	-1.013161808652057738e+00	1.746574322285477265e+00	8.573948002468818608e-01
nan	9.864917211997137336e-01	-1.629495936134859102e+00	-6.450836505039878599e-01	8.465495673133799359e-01
nan	5.905299755235451364e-01	6.583753539728027793e-01	1.705754982301906919e-01	1.010792607220553085e+00
nan	1.050788668662724579e+00	1.274326423159025223e+00	8.723869896457729922e-01	-1.586334316520579435e+00
nan	-2.712558638281228340e+00	-8.708699695764312576e-01	-7.358823298509495903e-01	1.008324096518645296e+00
nan	4.773659364630512547e-01	-3.127986964153363303e+00	-7.992343644961300564e-01	5.154464021738384139e-01
nan	1.498474354770310546e+00	-6.641776681420384909e-01	1.476135037776343584e+00	-8.015302702249217370e-01
nan	-1.749318685585723898e+00	1.144147379690183763e+00	1.647256040227541130e+00	-7.930672692311593330e-01
nan	7.984929613942801652e-01	-5.263021222904906704e-01	-6.809716317982779099e-01	-1.072130170088453793e+00
nan	-1.875959023423183103e+00	-2.468456588928131801e-01	8.155355031888336104e-01	2.795347882412747582e-03
nan	9.440373046923958844e-01	-2.740158761192906134e+00	-1.275317154883836457e+00	-1.142668045736470406e+00
nan	-2.131794692921376022e+00	4.177175354067012014e-01	2.146311167091464078e+00	-4.756081321074625001e-01
nan	-1.068657107622104085e+00	-2.409269523886031106e+00	-1.563083974840950852e+00	-5.712999145369148657e-01
nan	5.673916793133599867e-01	-9.675121091905155568e-01	1.024685669834781265e+00	2.605190508704100072e+00
nan	2.508482292451244433e+00	-2.229158009642839833e-02	-1.958209090399211927e-01	1.050280811339386000e+00
nan	6.613307842419142712e-01	3.948417005322288897e+00	-7.614771662102715055e-01	3.140099733800549853e-01
nan	2.872816937776200286e-01	2.613326300695506532e+00	9.333211591200123447e-01	1.005337543660395516e+00
nan	-1.636213949002072177e-01	3.028267607722484600e-02	-8.839508908310762525e-01	2.072782964213558954e-01
nan	-5.175817080688857041e-01	-7.024818258059498666e-01	1.083894772982431504e-01	7.013941683788750270e-01
nan	8.685718276839693441e-01	-1.685712433383021569e+00	1.545418987156696788e+00	-2.573819105359411274e+00
nan	-1.497254924272583221e+00	2.196147488676539972e+00	9.643536070858921283e-01	1.913798698505358720e-01
nan	-1.759264486518957726e-02	-1.054098329502770159e+00	-3.352494322136060911e-01	5.284020372308900239e-03
nan	-2.302682612733830236e+00	3.306645477086053719e-01	-7.321356080679861655e-01	-3.364322132860328995e-01
nan	-1.700090683311263229e+00	-2.332892680160103538e+00	1.182380451786504638e+00	1.125877524415512670e-01
nan	6.691167938668772797e-01	6.604329551881467086e-01	-7.116900821909381003e-01	-9.568480157448888690e-01
nan	5.575176147507387991e-01	7.908373888529340867e-02	3.960088128118565698e-01	-8.892426898564714799e-01
nan	8.107257637031616282e-01	2.061341301003046134e+00	4.413264218460392074e-01	-5.003589718121654872e-01
nan	-7.983986544834397181e-01	1.058682833707913051e+00	6.258457210591645836e-01	-6.082110051120597216e-01
nan	1.722763921543128740e+00	-1.110763109111232438e+00	2.117026107739448937e-01	-1.468707020869147728e+00
nan	-7.905539867161769374e-01	1.891696236131992448e+00	-8.346936385257626156e-01	7.303016569688383086e-01
nan	-1.614742383192608877e+00	-1.148148734767757029e+00	-1.664280571297725719e-02	3.795189858151885032e-01
nan	1.170424652845459601e+00	-1.216052346684240781e+00	9.101589384659574122e-01	1.830770099533872486e+00
nan	2.335844733323529265e+00	8.229199653242422752e-01	1.543259051837822193e+00	-2.228123627616215963e+00
nan	-2.824686258699773411e+00	2.239273261491720568e+00	1.845620509999505776e+00	5.230156135330374378e-02
nan	3.036873700820186261e-01	-7.961793882989711690e-01	4.962131211651233387e-01	-9.588049512902864224e-01
nan	3.109485289655211648e-02	1.546512117058858493e+00	-7.876867116804189273e-01	4.965782494897226229e-01
nan	8.698500977777110510e-01	-2.267609088792331695e-01	4.327738194307018116e-01	1.594476042223462731e+00
nan	2.692754027551478302e+00	2.491211881492036984e-01	6.746838294163227945e-02	1.213346249185183856e+00
nan	1.638897240296320224e+00	2.392047877274670942e+00	-1.244723154300308110e+00	-4.575671940610081534e-01
nan	-2.820163833714999235e-01	1.962719415797787414e+00	1.752706619400183685e+00	-6.612244691356683468e-01
nan	-8.299967338320644039e-01	-1.690269812608717004e+00	-4.932310230813244933e-01	3.468552145172525414e-01
nan	3.997577242625705018e-01	-2.723826838058411859e-01	2.070369558813958566e+00	-1.510160540615145264e-01
nan	1.442554292520350945e+00	6.088818654090730753e-01	2.504523524878914387e-01	1.748183275321457897e+00
nan	2.994034630463081825e+00	5.992952446490686924e-01	-5.068884088061097470e-01	6.002534572447798533e-01
nan	1.234612730525740609e+00	4.938075976502711129e+00	-3.423358534391950592e+00	-7.893010089405069207e-01
nan	1.755224031706911436e+00	6.787783739756297896e-01	2.095355062482895381e+00	2.708010903482546694e-01
nan	4.227438331970730934e-01	2.141897474995569262e+00	1.528051417208700746e+00	-5.905833952622302485e-01
nan	-9.061268120558951811e-01	1.488432891793950219e+00	5.790841749034063568e-01	-7.715973154223414454e-01
nan	-7.973504744553217005e-01	-1.087533663269170781e+00	5.618702264317929629e-01	1.695865123828508847e-01
nan	2.032988890131066095e-01	-9.843440235517497694e-01	-5.519857838104398340e-01	3.657030175725685117e-01
nan	-1.369886021737262816e+00	2.594035155042816454e-01	-1.512847937787292540e+00	5.056051507940945156e-01
nan	8.374116386764929310e-01	6.908022439995451514e-01	-4.197287494795022278e-01	8.900236226545072959e-01
nan	3.220666422359910186e+00	-9.524445546952680086e-01	-1.695041571398516744e-01	1.640533245448563715e+00
nan	1.513429528172418603e+00	2.841647366508117667e+00	1.407240737907811345e+00	1.667171201454032969e+00
nan	9.180685571998288275e-01	2.018089277421077021e+00	-4.239644682758438865e-01	5.531743817194040291e-03
nan	-6.913756171707288178e-01	7.408882558339516811e-01	-9.508883674273488351e-01	7.212938577397164375e-01
nan	9.227985370112642416e-01	9.956715043514923202e-01	-3.940423670204366013e-01	5.151745314707051326e-01
nan	1.565382583951481776e-01	7.148505539828673427e-01	-1.310155934928001864e+00	-2.659133303569454765e-01
nan	-1.427273986941744732e-01	-1.937448802560813865e-01	-4.269352164313278686e-01	5.315295121002621137e-01
nan	-2.639786991486284817e-01	2.958162801892711968e-01	-4.015860533368422747e-01	-1.651493608114609657e+00
nan	-1.640385484437736352e+00	2.041275739978710146e-01	-1.367585679833677181e-01	1.023540066693287454e+00
nan	6.512675132172294212e-01	-1.941423839676991614e+00	9.542709264542231784e-01	6.590231836371041041e-01
nan	2.442035423669757233e-01	1.189222197335720876e-01	1.573307049799153173e-02	-9.906464865423696420e-01
nan	-1.319578682317219975e+00	2.734069345837665255e-01	5.957452277208653557e-01	-1.793598586189742328e+00
nan	-9.007317194159510931e-01	-1.184893390567010041e+00	1.459756305929665210e+00	6.883913929029339407e-01
nan	-1.299244334838911552e-02	8.677494009452383361e-01	1.027812888014774551e+00	8.934155978698765654e-01
nan	1.652117148346814446e+00	3.098558578842233735e-01	-1.558863833711574776e+00	4.047856139038479295e-01
nan	4.163214683894390089e-01	3.329442033527174161e+00	2.885651804313443258e-01	-7.706715210663052096e-01
nan	-1.296680056276668491e+00	-3.382266130988756392e-01	3.350052321208721318e-02	-3.177822787362842849e-01
nan	-5.384107127977534324e-01	-1.891585160423144174e+00	-8.966135735969055220e-01	6.419843819866011270e-01
nan	3.549879543471028853e+00	-6.644987643332725957e-01	-1.027884092894472801e+00	3.895919544135161283e-01
nan	1.725407702549740296e+00	2.820097155747503859e+00	-5.871861324341126620e-01	5.338392012563071554e-02
nan	1.502244788573026568e+00	1.885079922161174260e+00	1.822758542964712236e-01	-5.796209489163408474e-02
nan	6.514107203783787714e-01	8.910668593674687665e-01	2.171380407755346964e-01	2.551124710885687152e-01
nan	-1.271376491065214775e+00	1.623951950928072874e+00	8.457961104068082436e-01	3.990308875133408706e-01
nan	4.409016092490031236e-01	1.724293986793818956e-01	-8.529784979201796569e-01	8.479652295912513127e-01
nan	1.332236858872211771e+00	-5.922655859040437676e-02	8.780858243213303105e-01	2.747166553743041750e-01
nan	-2.672937294283542209e-01	1.907660201700024594e+00	1.267450059976471310e+00	-1.188362594758168717e-01
nan	1.171423842603532384e+00	1.074610995803628954e+00	-1.337867445206241568e+00	-5.245317610877024972e-01
nan	-1.498362469995988766e+00	-2.516824770654957355e-01	-1.018379042073623397e+00	-1.212754535137689604e+00
nan	-2.588623163210574063e+00	-2.347540572343644438e+00	8.198934482808085678e-01	-1.050795746276988352e+00
nan	-8.900419216133373945e-01	-1.500562021261721890e+00	1.635123560623980676e+00	1.408259965555256343e+00
nan	2.007416654161564562e+00	3.953426267525760318e-01	9.297202275039150032e-02	1.156685005380546860e+00
nan	2.541352108127939324e+00	3.362032993164900230e+00	1.410950415882606723e+00	-4.859454594279280504e-01
nan	-3.084630473205823842e-02	1.896043816568206974e+00	-1.281394498458782394e+00	1.279114090873070486e+00
nan	3.482563623971771660e-01	-1.273183483756112011e+00	1.889319831472312528e+00	-2.601686659405668123e-01
nan	4.547457726823586621e-01	4.418835213851550203e-01	-3.077395986204682909e-01	-2.871140141351966601e-01
nan	1.770044603704902797e-01	4.374685115552920944e-01	-1.087298491438667414e+00	-9.614218961859209711e-02
nan	-6.160262113777259518e-01	1.901271779905301385e+00	1.504157770098790259e+00	-8.195061901616734756e-01
nan	1.204886786286796241e-02	-1.429839250802037443e-01	2.680982447471443875e-01	5.649985577713019236e-01
nan	7.375451480730755849e-01	4.786815014499672949e-01	1.547392344029128175e+00	-3.248286605812993333e-01
nan	-1.036134530123845821e+00	-3.252764620461482403e-01	1.860165470100570539e+00	4.529831269973886299e-01
nan	1.789153770314549918e-01	-1.022466218275192462e+00	3.981078558264258271e-01	-1.086601655364455077e+00
nan	-9.084099296231965548e-01	2.728253515226664039e+00	-4.836349803319803242e-01	-1.697327331021709851e+00
nan	-5.938751148581653538e-01	-2.072140957887761648e+00	-5.796356737544342552e-01	-1.719566559242454273e+00
nan	-1.245006069703931129e-01	1.440680269754980536e+00	-4.551825684970747243e-01	1.901857774730040918e+00
nan	2.273591974983313779e+00	5.524599506895876422e-01	5.764843109310360258e-01	-2.158482143612102000e+00
nan	-2.427468102600452315e+00	2.203658250437126487e+00	3.256220254732540287e-01	1.084563357919190674e+00
nan	7.232559618186421568e-01	-1.866900331488090536e+00	-4.550180882183941788e-01	-4.065672909171096916e-01
nan	6.142060875783217355e-01	1.075265713013440871e+00	7.968396256764277430e-01	7.088082765193551849e-01
nan	5.603826096484996189e-01	-2.440297654102957514e-01	-1.555926232780723839e-01	-7.999167007816209152e-01
nan	-1.324244777837045861e+00	1.081873937609984404e+00	5.474087146619317501e-01	-1.026643223442107900e+00
nan	-5.698504716329928499e-01	-1.781875967230567515e+00	1.372078006989359666e+00	4.054991569191486733e-01
nan	2.020148250473728258e+00	3.121126995208558519e-01	1.073843836017662534e+00	-6.812871480805695601e-01
nan	5.993758858970477110e-01	2.862415711729146217e+00	-1.396932575940624144e+00	-1.397292342529939280e+00
nan	2.073655978520583254e-01	1.068458795387661642e+00	-1.379626106957014889e-02	1.992901886070302275e+00
nan	1.998123655901496765e+00	-1.532054802286592743e+00	1.330113443968141407e-01	1.493254017758185226e+00
