nan	9.109178426849737775e-01	-6.940634265921882262e-01	6.112942216410005569e-01	-4.707454599540228379e-01
nan	-2.135217445194956376e+00	5.710253367781837897e-01	4.058321177262816382e-01	4.745010249059594121e-01
nan	1.151780793601760111e+00	-1.496425549258271648e+00	8.238472965308124563e-01	-7.079769457907927332e-01
nan	-3.984995169658617220e-01	2.891326389238726868e+00	5.219327883610171970e-01	2.319632790160497116e-01
nan	5.407958044871463699e-01	-6.366030563823934507e-01	-1.361968014768466073e+00	2.155811325134635026e-01
nan	1.527868160642523065e+00	8.725129166793765823e-01	6.372375190311296844e-01	3.127326569253145450e-01
nan	8.700233036317248647e-01	2.420228048478533012e+00	2.602284727745007506e-02	7.481568281495524220e-01
nan	-6.601957133624029028e-01	4.587710411586263803e-01	1.398150165374849319e-01	1.401939703383687785e-01
nan	-1.644983632137907659e+00	-6.605907153318705261e-01	-6.657427324557397830e-01	-1.055743270105683251e+00
nan	1.449288265822588073e-01	-1.664976395754121707e+00	1.948462175508961503e+00	3.918950022272990052e-01
nan	-1.393069352571808306e+00	-1.554489420656816945e+00	8.847651615653432389e-01	9.411067155679735396e-01
nan	4.865217825889803227e-01	-6.686996292882371185e-01	2.457019008158326301e+00	2.595174479744691287e-01
nan	1.009137766899906641e+00	8.308494605557019685e-01	-1.071714090597605695e+00	1.483921006234280471e+00
nan	8.113914174192053963e-01	8.915762239569393621e-01	9.865234550129472479e-01	3.180053891738433558e-01
nan	2.345608026645129573e-03	1.524727594021053179e+00	-5.042821565616885104e-01	1.685223956511336274e+00
nan	1.912049934241307536e+00	-9.955706999790634448e-01	1.469082346397665717e-01	1.488161196778194473e+00
nan	2.477308075687450373e+00	1.418852496815661057e+00	-6.708116259056038366e-01	3.525414366649038400e-01
nan	-1.769773089433189561e+00	3.360555273041624602e+00	1.114695138696049082e+00	-4.695075441449895193e-01
nan	-7.119239441627054354e-01	-1.590947044130959220e+00	7.319791332186905697e-01	-2.384274623793236070e-01
nan	-2.638467319213301798e-01	-1.298795242882395673e+00	8.342941372571067715e-01	-5.579056012428571520e-01
nan	-1.680133531294844440e+00	-2.221999535808723891e+00	-1.564231448230873622e-01	-1.197622917143725818e+00
nan	-1.921489101460648552e+00	-1.908471195305222246e+00	-1.913773640443142909e+00	1.656832222230778751e+00
nan	4.628218197800835654e+00	-2.014894935045776769e+00	1.367936943258897253e-01	-5.014169853954105749e-01
nan	-9.418202792339833707e-01	5.084147525280948265e+00	-9.093214427882649886e-01	4.045724474047558417e-01
nan	9.031947258618169272e-01	-1.001806364486869771e+00	2.790986590556568947e-01	5.568926851460168637e-01
nan	-7.001915350330690790e-01	1.164783014590251353e+00	8.134156408994986931e-01	-1.805271722703190862e-01
nan	1.090642417180338886e-01	-5.563859143421341358e-01	-3.260372377854777182e-01	-2.405205611019063661e-01
nan	-8.703206251918299552e-01	-1.216664989863200708e+00	-2.658385332861355477e-01	7.219482213052511588e-01
nan	1.397711878726267454e+00	-1.558051591392140445e+00	-1.030625055009675518e-04	-2.658029806600910039e-01
nan	1.246729482886604345e-01	1.638918123230765245e+00	-9.138441113572873808e-01	-1.479301513182751160e+00
nan	1.187257013599345212e+00	-3.240914224481131201e-01	3.748374442115335325e-01	-2.107980156972041885e-01
nan	-1.502380459937286750e+00	1.756581880217338298e+00	1.501571646239648672e+00	-7.542306333054997758e-01
nan	-4.451219545328135574e-01	-6.079341526693786690e-01	-4.175642838056770056e-02	2.760309158966262055e-01
nan	1.221376419301475336e+00	-8.500795432562564535e-01	-2.451053346458434756e+00	1.866846603113232028e+00
nan	1.877036343760580150e+00	1.395075314342692163e+00	4.119774618900110541e-01	1.129624918394123989e-01
nan	6.509432702308313168e-01	1.743176716363902923e+00	-2.585117216530512518e-01	9.794993679979733248e-01
nan	2.501041811807461546e+00	3.074452035385422111e-02	4.830511018343436880e-01	-1.007807215838666615e+00
nan	4.904237025105961933e-01	2.217201344761885018e+00	1.889373217838955288e+00	2.271878846608472724e+00
nan	1.867960522977393012e+00	1.719878273112739997e+00	4.209616151382237215e-01	2.753349587042878618e-02
nan	-2.765337350114510651e-01	1.350263065503331417e+00	7.631005780034539887e-01	-5.008809537661310790e-02
nan	2.618132736726908050e-01	-2.006851429529716291e-01	2.441434034328601732e-01	1.876232940708792429e-01
nan	2.164005781333291800e+00	9.185727160382657352e-01	-1.071877767805907711e-01	-1.462407689883190809e+00
nan	-2.279230091541044168e+00	2.393553298077604641e+00	5.801713673574755425e-01	-1.815023961678263520e+00
nan	-3.308287680921674578e+00	-3.268804037585375966e+00	-1.963048984764277138e+00	1.551529068915076248e+00
nan	1.651896855559366273e+00	-2.105898900461215195e+00	4.257031414648638767e-01	2.041722166847586839e-01
nan	9.117783616096314381e-02	1.291764453394667944e+00	5.005809432368396594e-01	-5.636839373835138278e-02
nan	3.830646684720299122e-01	2.006012167925399936e+00	-8.310242897521208372e-01	7.103887884197319647e-01
nan	-9.223417542189764617e-01	6.211014644225173464e-01	-4.512709406480615026e-01	-1.015655048505428759e+00
nan	-1.308330757193135518e+00	-8.381989439130711483e-01	-5.012363186559133377e-01	6.147097973330322151e-01
nan	-3.479225893979985829e-01	-3.097704332366899571e+00	-1.723649489450827188e+00	-1.159514285309274362e-01
nan	-1.813477957569897270e-01	-1.475267285824946484e+00	1.601204934579224082e+00	2.016147500634081879e+00
nan	2.888251272079583210e+00	9.777030295997396481e-02	-2.113245870311788899e+00	-1.744703631553119916e+00
nan	-2.745190417466492505e+00	1.784674643459308374e+00	1.181105605679195092e+00	-1.990598401731689948e-01
nan	-4.341115629354466710e-01	-2.208657923664119949e+00	2.912935235492981056e-01	6.291185982654057263e-01
nan	4.460395185950491448e-01	-3.617610773207374786e-01	-1.235519019085064230e+00	-1.442013968285978276e+00
nan	-2.281008352300345710e+00	-3.515541460803312535e-01	-2.380650193592826369e+00	-7.084946356602552786e-01
nan	-9.036373905023156183e-01	-2.613303034500044753e+00	2.283421176757559901e-01	1.754770670340869865e+00
nan	1.344706305185692452e+00	-8.890591461102226312e-01	8.350506315045970185e-01	-3.802445439928559077e-03
nan	-1.418772502139015401e+00	7.036013760158494890e-01	1.659772559746631515e+00	1.135898712814656514e-01
nan	-4.942100072061706428e-01	-2.201620833460163240e+00	-9.436346819857884816e-01	1.299032860485448138e-01
nan	-1.250688485041538123e-01	-2.335609877317808003e+00	-3.086206650818216213e-01	-5.436665578706043611e-01
nan	-3.529320287260782063e-01	-2.497775254463665107e+00	1.132791032593156055e+00	-2.978638743992258475e-01
nan	-1.336427006180024746e+00	-7.113335823984432427e-01	1.601925938473314437e+00	-5.489525673795614402e-01
nan	-7.008188923801077497e-01	-2.761186115614426839e-01	-3.593509445862806406e-01	-9.280067338315366454e-01
nan	-1.005018496725158306e+00	1.378354943445206926e-01	-1.234086362188709485e+00	-5.447042796097585349e-01
nan	-9.934872419025315704e-01	1.218429960772076104e-01	1.091573364584258243e+00	8.116383825188838719e-01
nan	1.356633889151916961e+00	-2.270601669625178509e-01	-4.170715606141380816e-01	8.209324041724614940e-01
nan	-4.485291205165369277e-01	5.099861711112207985e-01	6.579705228721781651e-01	-6.428291773953985766e-01
nan	-4.031817700025898121e-01	-7.390530770809684569e-01	8.234179381231343520e-01	6.582060190270336841e-01
nan	4.847165138530376005e-01	-5.579064827229267554e-01	3.658699633438500243e-01	-8.146440597497943692e-01
nan	5.543315854822083999e-01	9.187329102444405926e-01	1.048485260877743519e+00	1.532276277998638747e+00
nan	9.758511101411263544e-01	1.015890745287212349e+00	1.804450334876329665e-01	-1.573667188043149201e+00
nan	-2.005030474296887633e+00	-5.482986847458487523e-01	-4.353973704846421100e-01	8.010131691452564429e-01
nan	-1.432070481846008381e-01	-1.848694986041857113e+00	6.770189590324400541e-02	-1.214438616335076215e+00
nan	-1.958382038848835105e+00	-1.469519813430093746e+00	-2.579271721557265362e+00	4.479489059090837055e-01
nan	4.513621767972493815e-01	-2.159489187681765898e+00	-3.336880383086392454e-01	4.572616602677222197e-03
nan	-4.688779050874528759e-02	1.314805240287284960e+00	-2.872991418175096512e-01	5.311506261595924094e-01
nan	2.185913503435405580e+00	1.292655958602877686e-01	-8.575080323530555049e-01	-9.313445620342183928e-02
nan	9.135304089391867999e-01	4.720292456099437484e-01	-1.441301065219187327e+00	2.288932712694358163e+00
nan	1.825522525526996898e+00	1.189426572538754501e+00	3.496648780740666540e-01	-2.888663574794446687e-01
nan	-8.710260609250136676e-01	1.969030157795671698e+00	6.117224498637808816e-01	-2.399879405775702523e-01
nan	-2.629450637368485610e-01	-5.106918957715429475e-01	5.371346878133295144e-01	1.460501073619056456e+00
nan	2.411938134264450806e+00	-1.936317888684094268e-01	1.406424607670691274e-01	9.637296861265320924e-01
nan	5.125112864938600188e-01	1.574476617328432138e+00	1.214722470432487850e-01	6.324466042560966672e-01
nan	2.711739548728502314e-01	8.101981208272106549e-01	7.434742122348886317e-01	-1.055551683862795187e+00
nan	-3.000317172977796654e-01	-5.513940616785084625e-01	-1.879714072162952387e+00	-6.351538656924070603e-01
nan	-9.745416386828760213e-01	1.179318770050759912e+00	1.511917552908630669e-01	1.357618885088547556e+00
nan	5.815305025656472004e-01	-3.149668446140987399e-01	1.570041503341476741e+00	2.086101163952898963e-01
nan	-9.990225579077452456e-02	1.110349483873244170e+00	1.041523392475035781e+00	-1.237407382891398067e+00
nan	-1.012450137962908281e+00	7.063056055598816441e-01	7.843453055340054991e-01	2.000051380049146843e+00
nan	1.819182362202555803e+00	2.174548870748205243e-01	1.125181293348929579e+00	-9.281936569617863508e-01
nan	-1.516976901357479424e+00	3.195344054066122652e+00	-4.482643698736186177e-01	3.222308608420606513e-01
nan	6.823365569567448885e-01	-1.568508896665294472e+00	9.486291725404121244e-01	-1.111824409241612521e+00
nan	-9.206589979930098755e-01	1.544337042283192574e+00	-1.297009877569532232e+00	-6.475329854779623417e-01
nan	-2.070661444747377899e+00	-1.674331544266672189e+00	-1.327758301966013521e+00	8.720667838051463505e-01
nan	-5.034431207161671473e-02	-1.877687563523214864e+00	5.253237022713117543e-01	5.754278201962818029e-01
nan	1.477230334982966742e+00	9.159848054400483441e-01	8.575268408114612717e-02	-7.868010466212586040e-01
nan	-1.243418146795581603e+00	1.500265752309074108e+00	-1.535254873789980268e+00	2.415806022961882071e+00
nan	1.103677957257773956e+00	-1.302587976245346724e+00	1.387362589258578360e+00	-1.554158693696416682e+00
nan	-1.617698295451036827e+00	1.040120823141868378e+00	1.410570574441691871e+00	-1.357097994348090086e+00
nan	-8.547736237462797426e-01	-1.851818367584945779e+00	9.138240668100523489e-01	1.085311152868327467e+00
nan	7.548923145754857789e-01	-6.999721876921050079e-02	-1.067920615218140856e+00	-1.242537664503742034e+00
nan	-2.577683022777188082e+00	7.040791579690042212e-01	2.175697205637687759e-01	2.264219369620115163e-01
nan	5.828346329520004421e-01	-4.093011429648929500e+00	-2.205293511299594833e+00	-6.624398661812709588e-02
nan	-1.158896791087162370e+00	-4.552372864181390977e-01	5.861964909456920392e-01	2.158024187321834209e+00
nan	2.662400094886967494e+00	-1.994830621079610067e+00	-2.428832902347358991e-01	3.998744663035544433e-01
nan	2.208389918159960330e-01	3.119616312118926427e+00	-8.903608719619848788e-01	-5.116437788415749699e-01
nan	-1.540309570316833021e+00	-7.379822352037925803e-01	7.161829256835210156e-02	-6.147031030262773976e-01
nan	-4.946078568351324756e-01	-2.225485166505991153e+00	-1.086118439780735079e+00	-2.693358539393582718e-01
nan	1.256645427704665030e+00	-1.224034042000886169e+00	1.902330647138081199e+00	-1.311479790813879331e+00
nan	-3.590198014865699783e+00	1.915991808998357859e+00	1.455468886414788665e+00	-7.070157184016441221e-01
nan	-8.010940558523138577e-01	-3.066610678407471813e+00	-3.075476434355511324e-01	8.025703301223992281e-02
nan	6.971299923746143712e-01	-7.033402883593919963e-01	-3.054662372019310845e-02	-3.347074344532057211e-01
nan	-1.222682253871319347e+00	4.914283128095346398e-01	-2.283506397814687727e-01	6.552285341879154901e-01
nan	-1.861834632286409885e-01	-9.637916716339270939e-01	8.799061117867817972e-01	-1.427806756851814907e+00
nan	-9.084163277908990919e-01	-1.038288660443353661e+00	-5.693657129483703505e-02	2.328421966115457598e-01
nan	-1.362304771334511111e+00	-2.890875039460309992e-01	9.502426016175488099e-01	9.606583724146303682e-01
nan	1.451997340623457422e+00	-3.008267642890976035e-01	9.733483073599606961e-01	-3.481516156130118334e-02
nan	-2.842910943368099352e-01	2.921135026585759409e-01	-7.432767551126097105e-01	-1.937971475684389933e-01
nan	-1.026628675580024130e-02	-2.124616023096655759e+00	1.061164359128201840e+00	8.607594105275780949e-01
nan	7.464304978496617560e-01	2.178935632588172577e+00	1.726273098999527189e+00	-4.109301959748127842e-01
nan	-1.162593136090055879e+00	4.121121977091664057e-01	1.775508036689985802e+00	-1.520495000084405968e+00
nan	-2.197341327209665351e+00	-9.373681601823169451e-01	1.280002129659116583e-01	1.588483157218603337e+00
nan	2.198510729470536607e+00	-1.364702999900012426e+00	8.522095653949132155e-01	4.636834919830832846e-01
nan	5.927141702060102491e-01	2.737429646815072726e+00	1.188320634756981464e+00	1.000999931631887163e+00
nan	1.733306185932234733e+00	-1.275664873508035591e+00	-1.711594686391998410e+00	1.100973448655711007e+00
nan	-2.786459787779997921e-01	1.275334269498743511e+00	-1.514611919175240795e-01	-4.662121862014330983e-04
nan	-2.281270603482524750e-01	-9.342220419351526806e-01	-1.132407949549932180e+00	-3.106850706190517064e-01
nan	7.249987936432155111e-01	-2.586686533750170991e-02	-3.656880436452262795e-01	2.023041129521460313e+00
nan	6.553993328184839484e-01	1.256013918522144834e+00	1.854973747244373694e+00	8.527220651588801603e-01
nan	1.566431097068169631e+00	5.243310587559733005e-01	-9.535256063524353287e-01	1.171256630334072568e+00
nan	9.552765875643591809e-01	7.149402717341170055e-01	-1.327298566964022708e+00	3.105223953178971874e-02
nan	1.202778617748002210e+00	9.627793680397845888e-01	2.563419402924909524e-02	-8.311785901285611011e-01
nan	-5.613397783289086895e-01	1.672330961939604954e+00	-1.198325037726503117e+00	1.095691433521120833e-01
nan	1.162282070663059441e+00	7.819004632239681118e-01	4.006541801557559346e-01	-3.917632736104572494e-02
nan	2.701959873695092967e-02	1.463751035705598724e+00	5.732491815732146945e-01	9.162909218531561928e-01
nan	3.118973155922788454e-02	1.552662078736758711e-01	-5.092977894262413763e-01	6.479285980682342183e-01
nan	6.108107363696455572e-01	1.167799797039981602e+00	-2.479630841492110327e-01	5.234248009609605568e-01
nan	-1.749285946396640146e+00	-2.155892281896162332e-01	7.548164490166932028e-01	1.572617348426698758e+00
nan	1.247282546909151524e+00	-3.362618916667921010e-01	-7.865559341149436223e-01	-9.181274477595735561e-01
nan	-1.208788197489997662e+00	8.240895892950118595e-01	-4.447437385131663423e-01	1.033726125851056610e+00
nan	1.628899787029014945e+00	-6.248190788150805863e-01	4.572259755455337915e-02	-2.497645584437472310e-01
nan	-9.552065180407378620e-01	1.099688540417173455e+00	3.360411812444862312e-01	1.567373194347914667e-01
nan	8.637012623726054716e-01	-7.329623217607066366e-01	-9.138464706636131307e-01	-4.624115447980077231e-01
nan	-1.699682306152222377e+00	1.016402707918509174e+00	-6.952325920456194908e-01	-2.015954003554744300e+00
nan	-2.784163472602719125e+00	-9.185318767414242247e-01	-7.339415652198338913e-01	-1.914537762171907742e+00
nan	-1.851327502093330191e+00	-2.486810101435066311e+00	6.266043017649433056e-01	-1.082643428756162374e+00
nan	-2.295730905678514677e-01	-3.269838751155352163e+00	3.103054991976875732e-01	1.088409682890910224e+00
nan	1.589969652162171787e+00	2.437371878062133401e-01	1.772469748123161881e-01	9.601211601748868563e-02
nan	1.783522089549195666e+00	4.400362817723906250e-01	-2.167070564478860151e-01	1.761720491293246704e+00
nan	4.864755496556750103e+00	1.121134670642876419e+00	-1.480716535992539162e+00	1.525097597174784436e+00
nan	1.267529017887637277e+00	3.617635274385052391e+00	-3.610760846158897475e-01	-7.549551025356970868e-01
nan	-2.275793787976753357e+00	4.803819660261710034e-01	5.427827325719588591e-01	2.125891630549343159e+00
nan	3.611473684053907007e+00	-2.696842572770167035e+00	9.738299418126894480e-01	4.670399602342782952e-01
nan	1.050797824237754252e+00	3.655384942966888318e+00	-2.356359587734432104e+00	-1.328914308324654403e+00
nan	-5.324108117033254928e-02	1.920663250908545727e+00	-9.304476747637816514e-01	-1.914547275615556154e+00
nan	-4.554782583729891421e+00	3.928169621551411139e-01	-1.140537852643801475e+00	-1.960850395387644385e+00
nan	-2.742316456012444448e+00	-6.275675389720609232e+00	5.634834275617137678e-01	8.673586980735731311e-01
nan	5.309704827861235765e-01	-2.938212204307572240e+00	-1.540034403592606127e+00	-1.039814300850238293e+00
nan	1.766793421293499033e+00	1.313984659417753775e+00	-5.141704827593054916e-02	-8.656906558769569271e-01
nan	-1.483940735544860834e-01	1.432854599359417058e+00	-7.842060177297499601e-01	1.023122530617735393e+00
nan	-9.844043387014140833e-01	-1.340061084432637162e-01	-2.699102798403780201e-01	1.726623558277516901e-01
nan	1.048146453485280016e+00	9.225952411757960547e-01	6.698543946507162783e-01	4.172180428286960674e-01
nan	-7.003858678568521956e-01	-1.894566689629983980e+00	-8.402076726941213325e-01	-4.386658377496506778e-01
nan	1.159427737276341075e+00	1.414857343952427016e-01	1.400000132471771686e+00	-1.396694050929003561e+00
nan	-3.108805678357462909e+00	2.055783352401354236e+00	3.059559249013488191e-01	-1.570802041495865886e+00
nan	2.357640529200009105e-01	-3.690131270789760887e+00	3.913929145670994036e-01	-8.034927001186232820e-01
nan	-1.945450855120772982e+00	-1.062360382904026901e+00	6.352604659063570969e-01	1.923880870069978877e-01
nan	6.320211479583073277e-01	-2.100909741450003310e+00	2.009040702560067893e-01	1.043586829699579832e+00
nan	1.397559245815579443e-01	9.647485842467160566e-01	-2.299993136247266534e+00	-7.816039212721787033e-01
nan	1.819365377589867716e-01	-2.105785939638842308e+00	7.073002013000677657e-01	-6.635991715693633219e-01
nan	-4.077402128891319255e-01	-1.109922644314865314e+00	3.413989292273506698e-02	7.752328752299699755e-01
nan	1.507142948097399016e+00	7.246340059930675981e-01	1.193186569316864842e+00	-2.284265018984443785e-01
nan	1.314096057578756138e+00	2.090438035477220069e+00	-1.283068084156416613e-02	-1.594544878630769436e+00
nan	-1.196626122614702581e+00	-5.438642733974861088e-01	4.424198166378331964e-01	-1.579967491648074929e-01
nan	-1.092649602266425157e+00	-1.936692567847444479e+00	-8.465162407041372239e-01	-8.250809786816334368e-01
nan	-9.204412928653165071e-01	-1.327960233478138186e+00	-1.153767529117645935e-01	1.108232895971513976e+00
nan	7.545752990777754299e-02	-8.163386119816362640e-01	-4.686531464577806116e-01	5.823335628568183930e-02
nan	-1.506249244452878999e+00	5.379060921006054152e-03	-2.354510917844309770e+00	5.607852541123840018e-01
nan	6.786831014569199017e-01	-1.372019865485820667e+00	-1.393027669295160420e+00	-2.697291117695387874e-01
nan	-1.955453074982506312e+00	1.856972129020730833e+00	-2.806130150558582281e-01	1.089774614811795272e+00
nan	1.116965492523179337e+00	2.194654685284613826e-01	-2.175667587776907441e-01	7.049970105206228022e-01
nan	4.235315221311867218e-01	1.068286412176805866e+00	-6.790033306671853230e-01	-6.958804539516462162e-01
nan	9.799523826223843770e-02	6.425039424191023585e-01	1.323317752918679924e+00	-5.664142764352828596e-01
nan	-1.426867364554627038e-01	9.341581838051938869e-01	-3.070891772336374004e+00	8.335106091881919754e-01
nan	1.317939585513944856e+00	-2.530171713400793942e-01	3.224744270326517781e-01	-1.908426858921711489e+00
nan	-1.607438842160799242e+00	1.064605224683385920e+00	1.715765401508582588e+00	4.283108653250772835e-01
nan	1.970326354431432003e+00	-1.844250403131839855e+00	2.625703366729126298e+00	-1.819993250710111088e+00
nan	-2.957755530473285877e+00	2.009642550125495752e+00	-1.107830177745783518e+00	1.334981351748389111e-01
nan	-5.327612476057594915e-01	6.205195100914027151e-01	-1.385899873102393709e+00	1.051248336855175713e+00
nan	-5.009374648687026088e-01	-8.485839076823840088e-01	1.920986134655581212e-01	9.718945914112119278e-01
nan	1.041227246803647422e+00	-8.419679290507114944e-02	-1.779582200917789736e+00	-2.931354283672279459e-01
nan	-1.064980631789443466e+00	1.071267863019434330e+00	-3.312055620066228223e-01	3.319212225931744142e-01
nan	1.905234305641090087e+00	-1.006471297021410916e+00	1.069047574325492800e+00	-6.877005640730043945e-01
nan	-2.567348617567864366e+00	3.006040201796234879e+00	-3.237157521841491636e-01	-1.821724312401764134e+00
nan	-4.620321204193147402e-01	-3.353851254958470030e+00	-8.217597084237990845e-01	3.681349745289985154e-01
nan	6.662799458498610550e-01	-8.524250174059816443e-01	4.826427439329122882e-01	-1.567062428301679855e+00
nan	-1.141111334599530958e+00	-3.986467258207969655e-01	1.942643046948944630e+00	7.530983854879550465e-01
nan	1.760683069090890562e+00	4.450405996385631280e-01	1.119200356983873546e+00	9.128940504932501199e-01
nan	1.933127763800082555e+00	1.376715308035006524e+00	2.227987044903359248e-01	-5.678440828949770092e-01
nan	2.016861060178466447e-01	9.190833764375652137e-01	-1.459412815701293775e+00	-1.242326445812770741e+00
nan	-1.456498453267350168e+00	-3.662901356336580871e-01	-1.298492174315393877e+00	-2.206778579497055581e+00
nan	-2.401952634411019805e+00	-1.152530349844864244e+00	-9.978019833617064738e-02	-1.916409407303530488e+00
nan	-1.547209593574790487e+00	-2.477935260762298864e+00	-1.164601678769970200e-01	1.064411264720312028e-01
nan	7.950398067781051514e-01	-2.843210454190121528e+00	1.543744340958949357e-01	-7.012606503511260581e-01
nan	-1.218654498847241419e+00	2.932879039512703567e+00	-3.380639841204448048e-01	2.087332566895659269e+00
nan	1.765426708079157248e+00	-1.010238052869000036e+00	1.283669691372192057e-01	-4.325366889565420703e-01
nan	3.942982217764821051e-01	-2.918964101506844599e-01	9.075566249883704195e-01	-3.454736996406698735e-01
nan	1.010249339452519379e+00	1.662038877745916354e-01	1.447472069549057549e-01	-6.399899805225303107e-01
nan	-1.855938717493404777e+00	1.841900679034459642e+00	-1.710500260756699364e-01	1.726329065021134923e+00
nan	1.804945011977711733e+00	-2.239543698963857743e+00	1.721041831316869164e+00	-1.616459972110003029e+00
nan	-2.779712297505999352e+00	1.078131498402052468e+00	-1.156407224968652336e+00	-2.045880392605767817e+00
nan	-1.769709356716849813e+00	-2.718916316909928632e+00	-3.482174400858735197e-01	-8.586501587889254772e-01
nan	-3.177816337717950246e-01	-2.154738763786630873e+00	7.399642951332194851e-01	-9.700582048566976923e-01
nan	-1.939171602136810835e+00	2.803256453755965660e-01	-7.095400908970062037e-02	3.711627227340610902e-01
nan	2.059987630798960079e-01	-1.892620257844903175e+00	4.941248879412254436e-01	1.284049277584652593e+00
nan	1.941848068502110891e+00	-8.747521312773722801e-01	7.798251138195422955e-03	1.713574036563133118e+00
nan	2.702166725013208204e+00	3.120102886226547412e+00	-6.048509904263337233e-01	-5.551785894514700559e-02
nan	-2.130560891324866923e-01	3.498399407997006882e+00	-4.774663371347322993e-01	-8.446298776832044108e-01
nan	1.374749643511696151e+00	1.318711824555681922e+00	5.443579188265682545e-01	7.792809039506271018e-01
nan	1.615749578388193441e+00	3.075628648077838978e+00	-4.813849061580541822e-01	1.245940489228271719e+00
nan	2.138002404742258555e+00	1.962405293935344019e+00	9.035063597274552161e-02	-1.637334819387549489e-01
nan	-2.724699286804430631e-01	1.468345429715562478e+00	7.623534453432576075e-02	-1.045253215521302348e+00
nan	-1.177971789290026106e+00	-1.524609872383275055e+00	-8.126328076068016770e-01	3.679332773739166229e-01
nan	1.652137026625059013e-01	-3.634517792007945225e-01	-1.597499043804707919e-01	-1.727209629139508706e+00
nan	-2.157340850235149876e+00	-1.002779346540773275e+00	2.612050698119356973e+00	-1.311988805662810842e+00
nan	-1.054168154078704234e+00	-2.492046987105805300e+00	1.199365916593993636e-01	-4.803336198043450245e-01
nan	-1.866911220306882724e-01	-1.648456341486924659e-01	2.933706254348716902e-01	-1.200685276382562894e-01
nan	-8.410610402371265781e-02	1.243158764398583749e+00	-3.170878655236562538e-01	-1.702023321574763770e-01
nan	3.843505621615800338e-01	-5.188087860164648513e-01	2.165386179433973712e+00	5.226082266464892045e-01
nan	1.173480019932547247e+00	1.336953918081788872e+00	6.797907550080349859e-01	-3.576367432322613005e-01
nan	-1.034933145496251594e+00	3.511085546757470421e+00	-1.127849736443019779e+00	-4.736159932416761920e-01
nan	-7.243494693022467512e-01	1.975848154645709620e-02	-9.466656653184016834e-01	-2.361176177760912209e-01
nan	2.014158899635358768e+00	-1.179977090319446420e+00	1.411634121545412901e+00	1.213419506049683738e+00
nan	2.644402421292384897e+00	1.513371452673471396e+00	-3.329253276207240209e-01	7.051821272275389241e-01
nan	-1.143086000259056156e+00	2.563368680016229639e+00	3.279832293356977901e-01	1.134211209781801122e+00
nan	4.943087663325185233e-03	-1.497429337600649557e+00	2.648871335031176624e-02	1.018915947308542735e+00
nan	2.699163185721680236e+00	-2.249682189219466721e+00	1.247209726528696744e-01	1.995876505775820431e-01
nan	-1.124838852079530938e+00	3.324823405170616475e+00	3.531366539957574435e-01	7.719273786872192789e-01
nan	5.033355343737677678e-01	-7.949451133504252809e-01	1.106128119472604032e+00	-8.591257484410311784e-01
nan	-1.787352357022800042e+00	7.859626832556553255e-01	-4.891119446030864348e-01	-4.670884707821716941e-01
nan	-2.099857378670421104e-01	-2.203779809609093920e+00	5.099928302904540578e-01	-1.063841578579138414e+00
nan	-4.604167709803400621e-01	-6.091169621371097520e-01	6.851660741205043426e-01	3.061518068087310529e-01
nan	-2.234158983503323981e+00	-1.421780562791884694e+00	-7.348481452711061457e-02	-2.341762721070697051e-01
nan	-4.705801549464497247e-01	-2.552876805180498643e+00	3.564284021179429107e-01	6.688718674145829324e-01
nan	4.135548358159715221e-01	-2.953834262322209137e-01	4.219557793941123430e-02	1.404234900449136569e+00
nan	4.755363510063360444e+00	1.293083204254458218e-01	6.235473353221131498e-01	-1.329234678471540310e-01
nan	-2.452355314290278088e+00	6.797132107353104580e+00	4.951584811994082513e-01	-2.292851512300007055e-01
nan	1.194656271135552394e-01	-2.374282182698521648e+00	-1.052304483861081552e+00	-2.636650395044775053e-01
nan	-3.964124240814586586e-01	2.608071891439904810e-01	9.441289094940035209e-01	-1.007483097793260507e+00
nan	-8.740501940293591288e-01	-7.014115985151917476e-01	8.988425253532266179e-01	-6.144071427759749682e-01
nan	-1.807192421816312011e+00	-2.830860522919898425e+00	-1.167772035417848464e+00	7.333630379372446662e-01
nan	3.118765156636416069e-02	-2.985007393589899305e+00	-4.679239592872843634e-01	4.768658489776849141e-01
nan	1.272949565322931242e+00	1.085087673231614147e+00	4.931205310454880308e-01	1.251181725264387978e+00
nan	1.437622293472288870e+00	2.874424054848619292e+00	7.118945248409828119e-01	-1.256855477489326356e+00
nan	-2.330969101945556954e+00	7.119529672388039687e-01	-7.147020939683754737e-01	-2.424789317629793217e+00
nan	-2.060523578645323539e+00	-1.991437620542567677e+00	-9.853487502533305742e-01	1.161548541564883852e+00
nan	2.228431180852269211e+00	-1.657983365516025875e+00	-3.070389461067073444e-01	7.471803684645927923e-01
nan	1.606321997499274401e+00	1.811602125517650208e+00	-3.111652850622637079e-01	-1.050461989832800480e+00
nan	-1.371833666253006845e+00	4.432761506052455225e+00	-1.338169293791360959e+00	-2.137381330610955976e-01
nan	7.321028199873337305e-01	-1.916522826095181431e+00	1.619652795601042028e+00	3.151766911682845618e-01
nan	1.274186318391713035e+00	1.427534087562303267e-01	1.705733003059717534e+00	3.206858396448388770e-01
nan	-1.272093529577469351e-01	-1.206146844808343888e+00	7.431120503490147300e-01	3.862795265379907750e-02
nan	-1.926535272551751721e+00	-1.979519546996467150e-01	-6.004542056955731733e-01	2.665750578864478290e-02
nan	-7.687902432033295597e-01	-2.595163575964655855e+00	1.387237992433556055e+00	-2.453919656840287122e-01
nan	-2.013244111664819758e-01	-3.079467261530454691e-01	-2.238928739362230913e-01	1.342662750823367279e+00
nan	2.689163585551503921e+00	3.748599510333595064e-01	5.792445748777471509e-02	-5.321351204081234965e-01
nan	7.089554589834976550e-01	2.948583304546385175e+00	-8.229058888125846336e-03	1.752338468506275115e-01
nan	1.442286224740223277e+00	1.402736808018643533e+00	-2.049470580465117542e-01	1.747999344503650965e-01
nan	1.533461164548994615e+00	1.588832276095345497e+00	-3.829824404149249628e-01	-8.211822555762227083e-01
nan	1.620464923078519526e-01	1.499192167900527339e+00	-2.562075371179924899e-01	4.419164387990972553e-01
nan	-2.938629864338472286e-01	-1.431844590991359634e-01	-1.042517824226720569e+00	-2.595999360394276034e-01
nan	-1.497107358626152074e+00	1.540687455993453803e+00	-2.412705915963515857e-01	-7.024501027185104940e-01
nan	-1.520976531262714815e+00	-1.141595308252630669e+00	5.190430592331337634e-01	1.921427545957964389e-01
nan	-6.212734320845771929e-01	-3.474916521436036909e+00	-8.357609748432217600e-01	-7.607514248865955286e-01
nan	-4.260077436930877481e-01	-1.003293896743156388e+00	-1.074697511360847457e+00	2.071623734493916125e+00
nan	2.533379891114499571e+00	-9.077356902281595863e-01	1.132755754396254089e+00	4.369471710348648008e-01
nan	-1.256446542815475187e+00	2.462224014719319953e+00	1.409884562902637750e+00	8.981493169864275261e-01
nan	-4.967104867455977013e-01	1.511420253254234236e-01	-2.051929533798893812e-01	1.128344631046716839e-01
nan	-8.041136312007264308e-01	6.814391165656330518e-02	-7.625995495171076222e-01	1.401514224818649845e+00
nan	1.710653016320333064e+00	-1.156728538812876295e+00	1.655538566253239308e-01	4.359734572338274106e-01
nan	-1.360708813822405272e+00	1.759231246188080799e+00	-2.354470628619711459e+00	-3.676261677735498390e-01
nan	4.525984435044411169e-01	-1.762109380959227645e+00	8.521090600611787025e-01	2.461548261378525559e+00
nan	2.873683194353248815e+00	8.077216891899927642e-01	2.060007785959115933e-01	9.912986783614334829e-01
nan	4.767395001140773969e-01	1.772954033362040605e+00	-1.556398370154679078e+00	-1.125010597586880712e+00
nan	-1.962412169428442432e+00	-4.015668668095240257e-02	-1.381593064549492267e+00	9.311140965667544789e-01
nan	-4.335542127188896089e-02	-6.649414474592461044e-01	-7.355832356123257476e-01	-4.195201834578892175e-01
nan	2.721946712286842374e-01	1.283401942431228626e+00	2.108102107379973278e-01	4.405479093580079719e-01
nan	2.232448589728025512e-01	3.459284449689322138e-01	1.573465068336780126e+00	-1.286526343555575380e+00
nan	-2.299563231769021776e+00	1.362251262315350431e+00	-9.749138537240074065e-01	-2.637823585305008045e+00
nan	-1.084056979911462992e+00	-4.215111027052594217e+00	6.955167604365585232e-01	1.175678408129425589e+00
nan	8.094925775605563700e-01	-1.250644240446509903e+00	-8.529214846522428228e-01	-3.703287357837068416e-01
nan	7.318341792151294989e-02	2.780426077746063651e+00	8.454526681079819195e-01	5.307558455656150032e-02
nan	8.554194871335240036e-01	-3.220742483260116140e-01	-2.553272231296735417e-01	-9.520487974701805634e-01
nan	-1.728337153703283668e+00	9.861941483686728072e-01	2.144822683865328816e+00	3.584666754912007036e-01
nan	2.802805534889421524e-01	-2.428671421335619751e+00	-9.291130473653598232e-01	7.734149461426537142e-01
nan	-6.731115856865821367e-02	7.849399293481251760e-01	2.101719862437328779e+00	3.236045284432791935e-01
nan	-1.355838922059970919e-01	2.586843452348784655e+00	6.599443125777292307e-01	-3.976046553163616326e-01
nan	1.095671536280412028e-01	-2.115263824822459504e-01	7.025349567058122302e-01	2.246358213422292138e+00
nan	1.214618613084367915e+00	1.882854896405895540e+00	2.205740918752043811e+00	9.227611046857968624e-01
nan	-1.166954455845393479e+00	9.508672671712969926e-01	-3.269211715254250472e-01	-1.184503189771676235e+00
nan	-1.131626785629778809e+00	-1.921256418592936388e+00	-1.713813872579898756e-01	7.830605945720465755e-01
nan	5.107024714438849200e-01	-6.314563914958242208e-01	4.017980197819306931e-02	1.841815675233096750e+00
nan	2.679821223480774783e+00	6.768240802676660506e-01	-3.967288110222087494e-01	1.338707083313080304e+00
nan	1.193779568468659846e+00	5.315180101921068712e-02	-2.020938157422108583e-01	-1.208948976101918357e-02
nan	-9.903358661572476962e-02	1.717912490149844373e+00	-8.474083672112059373e-01	-6.669268357922356616e-01
nan	-1.679979571769665281e+00	3.953375040813754682e-01	2.400942114256944815e-01	-2.578356243440360282e-02
nan	2.004648539840259980e-01	-1.065648663349048952e+00	9.902902960691793710e-02	-1.168114593403973167e+00
nan	-5.604329410059062377e-01	6.003287716321228373e-01	4.873814127109362127e-01	6.869477630121819667e-01
nan	6.142640600815314489e-01	-1.449857316639750593e+00	-7.125217297934308691e-01	3.017858310462833704e-01
nan	-7.499821022910853063e-01	9.968887338813645638e-01	-1.465300267778289367e+00	-3.487133990609820877e-01
nan	-9.639975240779553589e-01	1.551092311064309337e-01	2.010720302357715261e-01	4.809871059727025000e-01
nan	-3.997853688847639586e-01	-1.825514245675808889e+00	-1.047490009561500512e+00	4.449385562702953822e-01
nan	1.581794788133401131e+00	-4.527978387885484013e-02	6.240279792248900614e-01	-2.579525357454299228e-01
nan	-5.291171134813366095e-01	6.605366602436590906e-01	1.060006014845793487e+00	-1.765342013963354884e+00
nan	-1.620094604387755322e+00	-7.522462266111717977e-01	3.390516750696258019e-01	-4.533940506508896129e-01
nan	-2.890911675000778502e-01	-2.223371880679421597e+00	1.273739292067039564e-01	-1.432859755705327753e+00
nan	-2.922455223774245603e+00	-1.277702469672733709e+00	6.271541113363224840e-01	4.699678625759046158e-01
nan	9.511336552753295592e-01	-3.008597094861220622e+00	6.264668192374002464e-02	4.623277812744948645e-01
nan	9.247107933341619512e-02	2.531390873940594366e-01	-6.954831392567878412e-01	-7.830589242456229560e-01
nan	-1.632598484501336600e+00	-9.675441210782385060e-01	1.191762482234285825e+00	-4.271973227589525024e-01
nan	3.853697387153713905e-01	-1.718130197294319039e+00	-4.505602358740252722e-01	-7.339436575059721246e-01
nan	6.812373353295964051e-01	1.757825671587470995e-01	1.637610413388751462e-01	-8.382352735141859190e-01
nan	-2.166986677125769756e+00	3.117109554445451902e+00	-1.815948733998338449e+00	-2.129962511422589244e-01
nan	-9.744615758267889394e-01	-1.867900942569440836e+00	-8.596107681190680028e-01	-8.025964327422810407e-02
nan	1.276843852401661428e+00	-2.192802503207641251e+00	1.642863272906497585e+00	-9.408956207517447101e-01
nan	-9.274632828214827152e-01	1.620621388730917323e+00	-8.342651795822101368e-01	-1.243054451403346805e+00
nan	-7.127287608621618586e-01	-8.484896266899401018e-01	1.040802196696408277e+00	1.804109963726573174e+00
nan	1.292226087132968271e+00	-2.544973012617879782e+00	-1.082132463424360092e+00	-9.998610821538839177e-02
nan	6.505228931522999414e-01	1.489833165295227690e+00	-1.980380716198241187e-01	-3.971241174699059739e-02
nan	-1.989692369884263679e+00	-2.986472155230679437e-02	1.513295610318465267e-01	7.183249114847554129e-01
nan	3.353599425795359412e-01	-3.043465135993257409e+00	1.773823995954684651e+00	5.861848032352990900e-01
nan	4.784504869894420365e-01	8.486968123509031070e-01	-9.285446966200175956e-01	5.280352316051875050e-01
nan	9.087752604318338756e-02	-3.688974311026254060e-01	5.296991904361176839e-01	-9.216135906823627044e-01
nan	-1.214727617930220216e+00	3.082573688218814834e-01	-2.687155007587891942e-01	8.610132151525126121e-01
nan	1.253407447222632198e+00	-1.070304397064306690e+00	-1.880502650808236975e+00	1.579291938497687564e+00
nan	1.721979782019565031e+00	1.803813640459760670e+00	1.157556839950800054e+00	9.232886949047576230e-01
nan	-5.888653222722315395e-01	-4.685053204025646512e-01	1.726692535752676338e-01	4.158598981112786308e-02
nan	-7.068178058045333778e-02	2.455548872339307076e-01	-3.640568744329396589e-01	-1.730791392310834509e-01
nan	-5.965963424889960676e-01	8.118848062487209472e-01	-3.964593028407976671e-01	-1.146955178170310230e+00
nan	5.810017778956189094e-01	-4.274625494100514622e-02	-2.438910662641733951e-01	5.844213932059365568e-01
nan	1.170675641733807115e+00	3.265547059027233412e-01	-5.557472238513685436e-01	-5.185007053726528037e-01
nan	-6.142513310875319377e-02	1.218473104258188888e+00	-7.571968115756033679e-01	2.426098892278697738e-01
nan	9.961761030190954269e-01	2.216656408072928741e+00	-3.767996597211079601e-01	-1.360346101298620436e+00
nan	3.378121557324862412e-01	1.286893207258128946e+00	6.036155026989969974e-01	-7.826275897425495343e-01
nan	-1.805792828030697850e-01	-1.836535525438361960e-01	-9.217741849020796296e-01	4.286553081249289132e-01
nan	1.109787673514800455e-02	6.440939256459842222e-01	7.121184411370792278e-01	2.146497551289414663e+00
nan	9.799760584562948740e-01	6.433637079730987196e-01	-6.273481684895706456e-01	-8.778053365787871209e-01
nan	5.872075985105477125e-01	1.133522634893672887e+00	-1.144288704250965433e-01	-5.361242732027321489e-01
nan	1.219372659679868409e+00	5.814600065238690885e-01	9.875448509752932091e-02	-3.967563434493956431e-01
nan	-1.715274315835765007e-01	1.374607156388756080e+00	5.918689149086956425e-01	-1.311224345061801425e-02
nan	1.063459850752056735e+00	1.280067701321222051e+00	-1.034774498175254687e+00	1.685033174893944441e+00
nan	1.873134536239501324e+00	3.064823778481394534e+00	1.926546276375259215e+00	1.137609811376901314e+00
nan	-1.011575240428120859e+00	1.589450961653846583e+00	6.314782596828492078e-01	6.428547570821507851e-01
nan	1.738092157038179097e+00	2.017014632900335336e+00	5.553349995431574593e-01	7.183525925150943126e-01
nan	2.657612220275688664e+00	-1.305459056633524462e-01	1.918680291100371305e+00	1.101016199165064657e+00
nan	1.638084816097280072e+00	6.342452636827937695e-01	7.363494168224734571e-01	-2.305689722302366906e+00
nan	-4.069044126836447006e+00	3.710446656222349926e+00	-1.892598770034495059e+00	2.276544808463174530e-01
nan	-1.793472303646004073e+00	-4.372164839395073166e+00	1.182715378762468683e+00	-6.706868536461304542e-01
nan	1.089857521105490612e+00	-1.888335375553646278e+00	-1.149110269564529441e+00	-5.927709435036038199e-01
nan	-1.238413386741650024e+00	-7.602160273778526545e-01	-2.586992216110401421e-01	-1.466493644687619502e-01
nan	2.406775255288242377e-01	8.516265000028488963e-02	6.717705406434031357e-01	1.914225142690728076e-01
nan	-5.973351522569707583e-01	-2.606031006151061646e-01	1.926716581682531126e+00	-1.015733991570100025e+00
nan	1.393355033193002246e-01	-1.050190982508111492e+00	-1.101305213400529004e+00	-1.889419762561748151e-01
nan	2.928595956409975609e-01	-1.432392093522922849e-01	-4.995969299136947539e-01	2.253560170184380596e+00
nan	2.883989014505615067e+00	2.028351334079018908e+00	-1.979527731388577572e-01	-3.453708557845798777e-01
nan	1.106011666963329088e+00	4.583617796678909784e+00	7.988372362486569900e-01	-4.340345776580259440e-01
nan	-1.826624069766123792e+00	5.898780808257197972e-01	-1.214024390228923611e+00	4.134110845075448237e-01
nan	3.801367930455564204e-01	4.520487239814556801e-01	-1.769402648831349900e+00	4.432157851542740251e-02
nan	8.058284679088147939e-01	2.975297680718540505e-01	1.542315995038700538e-01	-5.899663732475314282e-01
nan	-7.349671761607801113e-01	1.892887422123825658e-01	3.299396796060760084e-01	-1.411072023721016588e+00
nan	-2.642519522070165827e+00	-1.155981538262266239e+00	1.456446184981923520e-01	-6.064686812304410646e-01
nan	-1.963939332648865221e+00	-2.448084845963904854e+00	-6.441791890579696978e-02	-8.433737818420992127e-01
nan	-1.138014318373741673e+00	-3.833512743894758046e+00	-4.767383646299142574e-01	8.530367763672185299e-01
nan	6.986305450089489444e-01	2.862269080816104427e-02	-4.431485907505200994e-01	9.510024209129247508e-02
nan	1.102269611864131305e+00	-1.456813054865004675e+00	-1.091230953589373692e-01	7.564165063258587729e-01
nan	-1.631643684843766540e-01	1.940593815077289008e+00	-8.246068419047237752e-01	-1.984017308275592695e-01
nan	-1.360755896636575146e+00	5.809884874870274718e-01	8.790935949323449572e-01	-4.168605644814605826e-01
nan	-6.982825754037615962e-01	-1.942104980901778744e+00	7.582622688244938791e-01	3.418320499927648276e-02
nan	-3.451499930951112960e-01	-1.595284192668660506e+00	-8.848325789405231401e-01	-2.216656833860764508e-01
nan	7.371842926245875116e-02	-1.831584346085642245e+00	-1.176310846853142744e-01	-1.324110343246397425e+00
nan	-3.419603049013536511e-01	-2.871815766447745055e-01	-1.692287912993678811e-01	-1.856692029800702803e+00
nan	-1.799597019765181827e+00	-1.168252664135892793e+00	1.101759973403749981e+00	2.053185056204808734e-01
nan	-1.850652533251707199e+00	-2.690296313341731249e+00	4.007239975239246244e-01	2.657989112921818609e-01
nan	3.650558973352741043e-01	-2.880198109818820740e+00	-1.973618756638177318e+00	-8.648254127121386414e-01
nan	1.189319545107723419e+00	-1.477830560008659422e-01	7.464658401453505565e-01	9.718475450542495286e-01
nan	-2.514906673977238549e-01	9.199831036701929809e-01	-1.226339850653726193e+00	6.487715756451406524e-01
nan	1.384637068756161993e+00	-1.413303565497173508e+00	-3.026384889667288469e-01	4.868640794057938481e-01
nan	-4.641997388947615710e-01	3.026652032837268802e+00	-2.790299183832448016e+00	-1.637779391252321304e+00
nan	-3.732450198817889309e-01	-3.264048734273817809e-01	-3.487864352209277818e-01	-3.801521729255655790e-01
nan	-9.686628297070991600e-01	3.799892566014451134e-02	6.063358441490369621e-01	3.121648610797342349e-01
nan	1.217355134669874772e+00	-7.563652785514880517e-01	3.889094978423822124e-01	8.185646002597082305e-01
nan	1.556577981230043317e+00	9.750959478836093153e-01	9.747839765028158965e-01	1.808453578880098167e-01
nan	1.585918276848232500e+00	2.845360454934708017e+00	2.931403429950460993e-01	2.805977475739300786e+00
nan	4.650032617368544230e+00	4.929812848854221663e+00	-7.847059866629495506e-01	9.347217961811891129e-01
nan	1.359902126203212269e+00	4.878933498446379247e+00	1.452956034749208758e+00	-7.003418468648035800e-02
nan	5.996065478469820853e-01	2.380634902698338884e+00	1.001232635338456634e+00	-8.873628702912589317e-01
nan	1.865365490196738696e-01	3.198519182017523499e-01	2.794673110526053605e-01	3.958855116950061870e-01
nan	1.415113574481139613e+00	2.043813153698974538e-01	-1.597317943825528330e-01	1.053073165367231390e+00
nan	1.767514495627166227e+00	5.634452197831651965e-01	-3.918259597654005777e-01	2.190632599973499239e+00
nan	2.638802743956679464e+00	3.900671104281119295e-01	4.802338359050643546e-01	3.919513333325457816e-01
nan	8.611024017627219029e-01	2.074847244683156511e+00	3.812244662368690640e-01	1.979416716830883771e-01
nan	1.413275110069395657e+00	8.580612258188236030e-01	-1.081458164628967822e+00	-1.674477022194028053e-01
nan	-2.365122786765965490e-01	8.687132531401631219e-01	5.782979262153394862e-01	-9.069005972494628143e-01
nan	5.301599603655744453e-01	-9.716823844730860804e-01	-1.175941624131850771e+00	-1.921108015524346513e+00
nan	-7.428201883614018453e-01	3.244994463416017716e-02	-3.463770768797400645e-01	1.086020383144128409e+00
nan	6.819858911224889741e-01	-1.789220313055377209e+00	-4.151966732376765612e-01	1.697891369181259158e+00
nan	1.855612150412938144e+00	1.357995111027016311e+00	-5.292207866433005226e-01	4.712298268141974500e-01
nan	1.355764499142339430e+00	2.724067934064867913e+00	3.545565844056420279e-01	3.493167014636984757e-01
nan	-1.814751945328171301e+00	1.861757031164684051e+00	1.818877366961010877e-01	-8.972195593291084625e-01
nan	-1.040716531486378882e+00	4.819030804966351056e-02	7.743290984680314959e-02	-7.273873324234723103e-01
nan	-1.950187041223877982e+00	-7.496464260726949380e-01	4.460680582735687683e-01	-1.142302577497012785e-02
nan	-2.513773128956357183e+00	-6.617680219902486449e-01	1.659649256002142304e+00	-4.010313815547991712e-01
nan	-1.178700884844413821e+00	-3.197798247055477550e+00	5.916955044193801250e-01	-7.397621766440422020e-01
nan	-4.731989136792991157e-02	-1.782414340436952349e+00	-4.211107605005677268e-01	3.466781731869686412e-01
nan	1.624577120341217373e+00	-3.199978743690233274e-01	-1.099068525441836558e-01	7.009101631363611196e-01
nan	7.395781767758731196e-01	9.493291145904892980e-01	-9.357531394565814231e-02	1.023726671833101065e+00
nan	1.812035841071154785e+00	-9.157264452999425153e-02	3.391634070255858946e-01	3.610879262793844080e-01
nan	2.861421737273330823e-01	2.621043037364949146e+00	-1.885265334694220307e+00	-1.334357628626705317e-01
nan	-5.434543780105935973e-01	-5.224396634658426963e-01	-9.648102483636941118e-01	-4.713770054566432388e-01
nan	4.905097038180135649e-01	-1.428805857396255430e+00	-1.395445558395600194e-01	3.943223525876489721e-01
nan	8.466139637550176289e-01	5.825791812507696843e-01	-5.774961344207830694e-01	8.670151219348626315e-02
nan	2.752718172272771158e-01	2.069789179504277321e+00	-1.945846454708978490e-01	-4.354890102304384003e-01
nan	-1.977751303157539109e+00	3.289080939004596082e-03	-1.741558877347566758e+00	1.520507212692112642e-02
nan	6.126817950232260612e-02	-2.105747897580684924e+00	-1.120306521347835815e+00	-6.923364040633701866e-02
nan	-2.296540115351749373e-02	6.030346423110222176e-01	-6.162978743086010569e-01	-1.993242497314266837e+00
nan	-2.973439087608756637e+00	9.382277798927907142e-01	3.801285475137876069e-01	-4.230999223099345952e-01
nan	-1.078197763452582114e+00	-5.078919475257720251e+00	9.623578960183537534e-02	-3.497193913947214683e-01
nan	1.218545636369261498e-02	-1.078801977381439015e+00	-2.249749953866725938e-01	1.568804085106479951e-01
nan	3.536617601895107876e-01	1.833351472800906379e+00	-1.779365336126446373e-01	-2.643346120765791007e-01
nan	1.121191023958688193e+00	-2.743530792042289113e-01	1.032696155032006624e+00	-9.940537207679598364e-01
nan	-2.036327302845909681e+00	2.772547017741397113e+00	1.413442344956908459e+00	-7.953712075702883411e-01
nan	-2.890217663973599915e-01	-2.552372086699252751e+00	-5.811066809312775971e-01	-8.257182118199806187e-01
nan	-7.057260452747536883e-01	-8.418583675854377502e-01	-1.475750668452137981e+00	-1.729369624695757723e+00
nan	-6.097718297252292530e-01	-4.397250957733698784e-01	2.007554104037118314e+00	1.982904270488933599e-02
nan	-2.769368920396533817e-01	4.341041695718308446e-01	1.337700663628114961e-01	1.299909254322608954e+00
nan	6.366847169048845956e-01	4.360711833932784942e-01	-6.948747331531029969e-01	-6.616802707756216373e-01
nan	-1.991018123143142748e+00	4.643119434230622011e-01	4.895226062232992947e-01	-7.053872364937874284e-01
nan	-5.339114141578670258e-01	-1.247107325115424992e+00	-2.797445790638821150e-01	2.179573190605517130e+00
nan	1.086910540811088399e+00	-6.143193944566748277e-01	4.653403105113101401e-01	-5.438292320798897572e-01
nan	6.940080255793507069e-01	4.713744685422991409e-01	4.114268012269579611e-01	-1.616281011530841916e+00
nan	-1.351069076280511982e+00	3.873355456632978089e-01	-7.383828422540975600e-01	-1.280175831155140775e+00
nan	-9.871589336883876964e-01	1.443147000111859590e-01	3.458499041823373532e-01	-2.377542153417311066e-01
nan	5.464512873542923255e-02	-2.153441287988441477e+00	4.771423763611807867e-01	-3.866045333179382593e-01
nan	-1.129296332661619440e+00	1.321227531569934222e+00	4.100392489635386051e-01	-2.863439598781742923e-01
nan	-1.653298078997924359e+00	-8.716362549337307586e-01	-1.444831916853057674e+00	8.277091561134372055e-01
nan	-5.839172264674391544e-01	-2.033298198993495731e+00	1.861159178815294357e+00	3.809552715216188434e-01
nan	-5.936325607224459677e-01	-2.187512521824867662e+00	-9.039599468325305587e-01	-1.168570022888690274e-02
nan	1.928516470234512337e+00	-9.030125652698323124e-01	-8.685498868281110729e-01	-1.477269989287712526e-01
nan	-1.198574866902937464e+00	7.555740831972894700e-01	4.784517621847833024e-01	-1.077995809335533295e+00
nan	-9.511232543433536524e-01	-1.838149308103617541e+00	3.956156803346177475e-01	4.077350824310198574e-01
nan	-2.903683535439813834e-01	2.471921614037653203e-01	-1.263477752303860058e+00	3.618428147913337056e-02
nan	-1.065382915639636607e+00	-1.940664733973234801e+00	5.844099445184669506e-01	-8.675612543274244803e-01
nan	-3.283223935327237442e-01	-3.917290745024759602e-01	-9.213971041602923018e-01	7.591853548642094607e-01
nan	-1.324018864095400261e+00	-2.160208522961436284e+00	-5.330220604296070919e-01	4.473437085139760350e-01
nan	-1.387014793386682765e+00	-1.388547490487077596e+00	-1.308477452877786940e+00	-1.825756066259852026e-02
nan	-1.340245886937794451e+00	-2.650912517069628382e+00	-9.914202964370013582e-01	3.465014033990098108e-01
nan	1.290346149251450969e+00	-7.533177197770751787e-01	2.517177652510407260e-01	4.613824452580519431e-01
nan	1.421673788472457733e+00	1.233438997981311402e+00	-5.425022731053745773e-01	-4.952735602033965234e-01
nan	-9.452348261239561511e-01	2.331967325783486977e+00	-4.090434793514889922e-01	4.161003208938017783e-01
nan	-6.745725276477781973e-01	3.898164615611333650e-01	-1.932313933582939569e+00	-2.376955321775641450e-01
nan	-7.017447699753123769e-02	-1.089020351958749577e+00	-1.019575499104527161e+00	-5.230550874531066929e-01
nan	-4.836091581067575307e-02	3.222724684024501629e-01	1.246999321343085887e+00	3.122979743115947282e-01
nan	9.163592470058259387e-01	3.750461363525859904e-01	-4.813345116350057906e-01	1.837830556810083449e+00
nan	1.351400745649450785e+00	8.991088477688942149e-01	-3.231023819080198756e-01	2.592383579985748088e-01
nan	1.244377999763840448e+00	4.179061444516410928e-01	-4.191855866924967255e-01	9.548023860419257991e-02
nan	7.985572090609666107e-02	-4.528285451949538576e-01	1.155768280269955234e-01	-3.136733356316585564e-01
nan	3.907219664149865768e-01	-3.631334580041802873e-01	-5.376669733153658509e-02	-6.366731663739280123e-01
nan	-4.135526772062157463e-01	-3.196335669811048996e-01	-2.253066906738461217e-01	3.951511941375745463e-01
nan	2.542265844290169330e+00	-4.208067665630164100e-01	-5.522130163341336662e-01	2.083589661179380936e+00
nan	1.848124272156563830e-01	1.936299908707339146e+00	1.412470528950403592e+00	-8.027621396035246049e-01
nan	-5.751394540916801024e-01	1.614665057090019840e+00	6.085627931107612243e-01	-6.888795956440583179e-01
nan	-8.504073063099757412e-01	-1.255873578714430838e+00	3.047936729168638018e-02	-9.215483060274386462e-01
nan	-2.053688686021607257e+00	-1.458664834692248835e+00	-6.413536105307509061e-01	6.565341437746257114e-01
nan	1.148513746452300310e+00	-1.398913585368315227e+00	-4.412586239137390731e-02	-6.916236409040876776e-01
nan	-9.739981602201979172e-01	5.252794989668074788e-01	-5.513199726750541568e-02	1.288105474228863345e+00
nan	1.580584673638251614e+00	-1.279931439342804733e+00	4.969216194266619646e-01	7.147988605846631316e-01
nan	1.273226537460523167e+00	1.429500015709870508e+00	-1.899119654968621784e-01	-1.187614644012347176e+00
nan	-1.531561817097066625e+00	1.280053285652154704e+00	-1.042289450394489725e+00	-8.411041469962435846e-01
nan	-5.788212969486796755e-01	-1.588705574878117810e+00	-2.055335620791722551e-01	1.352239614454940453e+00
nan	2.841948668821447477e+00	9.403225761494340418e-01	-8.832065860830264903e-01	-2.241184862361038921e-01
nan	-9.708199625893857432e-01	4.719525310062136825e+00	1.739508312590647643e+00	-9.294749970284630347e-01
nan	-4.806508603404208713e-01	-1.718955725550749047e+00	-5.840801804460672431e-01	-3.600591396320886872e-01
nan	-4.963576287320764502e-02	-5.601588348392014804e-01	-6.593584916416012076e-01	-9.581095307438216579e-01
nan	4.815246680470397500e-02	-1.265694996361063973e+00	6.014371403730154331e-01	9.798491833304364684e-01
nan	7.564096001575422168e-01	-2.258262564657298022e+00	-4.144672372054286624e-01	-1.468824379592809093e+00
nan	-1.496532012609028239e+00	3.419428367701349836e-01	7.652547020868052940e-02	-7.164564658939263087e-01
nan	-1.372065564893367284e+00	-1.623264349789072414e+00	1.048298272017819333e+00	1.125658252213468935e-01
nan	1.511337190355843019e+00	-1.799027847577964634e+00	-6.305920084205575149e-01	3.900809534174695670e-01
nan	9.534649762690932118e-01	1.901339382804955846e+00	4.175935179721543822e-01	6.125305472415235597e-01
nan	-6.603044908966670956e-02	1.454630070622971783e+00	4.330251854542483403e-01	9.152402023935708453e-01
nan	-7.591528176595041533e-01	-1.185083707836097344e-01	-8.435645866515449620e-02	4.134978774536321455e-01
nan	9.081366656122230596e-01	-7.271651849699015679e-01	-7.715508670826027871e-01	-2.177414149483966332e-01
nan	-1.331982264426765816e+00	-1.960046467815325100e-01	2.497536605507105101e+00	-5.370696925743059236e-01
nan	-2.276816704432934046e-01	-7.112199447802554086e-01	-6.323822973783741475e-01	-2.436170734943644556e-01
nan	1.804458581539470918e-01	-5.677620378988991190e-01	-1.015615341263355953e+00	-5.344470488248163065e-01
nan	-2.239875487201059556e-03	1.840653599085484871e+00	-3.551046103228950868e-01	1.606486873054378650e+00
nan	1.268076181737581631e+00	-3.490265132003813053e-01	1.278576242365981663e+00	1.205186780927309131e+00
nan	8.984948051358649934e-01	5.608087978189462142e-01	1.487482175283465491e+00	6.494909750463937481e-01
nan	-1.789579846763583282e+00	2.311665237076662827e+00	-4.668558878492364284e-01	-1.079626332838220737e+00
nan	-2.023608223078065205e+00	-3.993551703389064400e+00	3.865974748056104082e-01	-6.845135222681081322e-01
nan	-1.544687624850083152e+00	-2.737970777372297881e+00	-3.166559115752715092e-02	1.389330909660515978e+00
nan	1.535018541764680444e+00	-2.056213119113767807e+00	-1.160882924565421748e+00	1.555932171112349438e-01
nan	-3.076137799106313242e-01	1.869897182283288828e+00	6.528752190879235640e-01	-5.239163514859109805e-01
nan	7.812513198224136923e-01	-1.190455282860803043e+00	2.873922626382802159e-01	-1.251167222815862345e+00
nan	-1.346920171818142498e+00	4.401615915254593059e-01	2.196870631037170618e+00	1.657764591793733144e+00
nan	1.879587656550778307e+00	-1.482857452718611802e+00	-4.523348198282777788e-01	6.346727244659948752e-01
nan	-9.401468552972647164e-01	3.623102264683838669e+00	-9.327840377460242527e-01	-3.105718001743220102e-01
nan	-1.112868075432303261e+00	-2.053556024834758631e+00	-3.140372068379387316e-01	7.467678675158583024e-02
nan	-1.381660383428212846e+00	-7.513304799394139311e-01	6.089203954075291803e-01	1.035161575326456029e+00
nan	1.364714993924049491e+00	-1.879796467882818067e+00	-1.033465214897454798e+00	-9.131810191064779758e-01
nan	-8.522135869018221399e-02	-4.725742998480020329e-01	5.220423582164785969e-01	3.359061046126105010e-01
nan	3.485252116798372435e-01	-5.515014879709825291e-01	1.943716674462246941e-01	-5.035080451356395148e-01
nan	-8.185675499689013535e-01	1.080155839042218791e+00	-1.688214363672963403e+00	1.886332583481595160e+00
nan	5.825434086651302135e-01	-5.843611815243975327e-01	-4.329532261281316408e-01	3.896421800775838606e-02
nan	4.352266164894318390e-01	4.848675862444138951e-01	-3.065160789471652603e-01	-1.985656709683517374e+00
nan	-2.078353754655739127e+00	1.576564186566623782e+00	3.262906004798927229e-01	-4.088780710922786388e-01
nan	-1.243256816140180687e+00	-1.462908985993274902e+00	-1.947944389881610949e-01	8.996320602589409354e-01
nan	1.338498875204288341e+00	-7.347940732227599137e-01	7.389003737690736928e-01	2.402352395634428373e+00
nan	3.235442808258385927e+00	1.219623964289332285e+00	3.944537493144899265e-02	-8.647063228158834436e-01
nan	-1.420157531316500465e+00	4.322643214916862320e+00	-1.040490527431983114e-01	-1.972560860973162633e+00
nan	-1.893452282478008453e+00	-2.218237623349655241e+00	-1.113757734595172355e+00	2.519409268723899142e+00
nan	1.643107614946287098e+00	-5.673807031066042672e-01	-1.456229357163435267e+00	1.484816822103430134e+00
nan	1.328044746991518421e+00	2.255326484693684908e+00	-1.304482248402131450e+00	6.546809571055005605e-01
nan	2.496519813043197034e-01	1.931872831112041666e+00	-3.833668751094502780e-01	5.459215102312768852e-01
nan	6.518974604171512421e-02	2.776249959788799959e+00	-4.684867765845195375e-01	1.445773744428100249e+00
nan	7.650626053323387188e-01	3.178161577522899406e-01	1.071572518826016562e+00	-8.678650217933613076e-02
nan	7.237481576820057327e-01	2.653762052561570606e+00	9.054510785704655840e-01	1.318238871038375892e+00
nan	-1.706372196867109725e-01	6.134656680110693872e-01	-1.462310972377792950e+00	1.449066083788635328e+00
nan	7.258181711592990304e-01	9.413941344776044495e-01	8.040821716969066835e-02	3.619905256320068432e-01
nan	-8.780175697919374578e-01	-4.888056699672302940e-01	-4.950143601161132723e-01	-1.183581984864243708e+00
nan	-5.150654392392016723e-01	1.106924798154666600e+00	-1.629934781645303934e-02	1.518548661970503311e+00
nan	2.396221497516215493e+00	3.018161640646073174e-01	8.168369974538943756e-01	-6.910233811365229517e-01
nan	1.689983616261602650e+00	1.725457957344765259e+00	1.831026980755967315e-01	2.156402926355495797e+00
nan	1.485016864751204757e+00	1.677093850535263719e+00	-8.740678380083276577e-01	-1.288338493401439966e-01
nan	2.603989427113230448e+00	1.143595937182009248e-01	1.232787645989774861e+00	-1.160680854320658595e+00
nan	-2.033047704867745331e+00	2.066353124889159787e+00	-4.615806928794257136e-01	4.858584878324181955e-01
nan	1.564572441527522617e+00	-8.715295144681638462e-01	1.131139846871013627e-01	2.728791072585306510e-01
nan	7.639907612343774801e-01	9.958151813150576404e-01	7.825982023428278422e-01	-1.334094159376307820e+00
nan	-2.759186223727319920e+00	1.640304834679153334e+00	-7.484264376691971421e-01	-2.692187483568520001e-01
nan	-2.337062924208185066e+00	-2.601479811713379942e+00	9.941768932566825701e-01	-1.202089609031897592e-02
nan	-1.025269161979719179e+00	-9.911387447765369618e-01	-1.538277878496702444e-01	6.434110188090905735e-01
nan	9.874560691715645877e-01	-9.347046549866414589e-01	-5.550071295558165474e-01	1.030635721430540830e+00
nan	2.121168101217175694e-01	1.810836650842660989e+00	3.378296610743927175e-01	-1.283454045519529796e+00
nan	5.812116099954474091e-01	8.480221114866034471e-01	-1.905641011121434358e+00	1.420587612740441541e+00
nan	6.517849971610720772e-01	8.415517396684912832e-01	1.591502828280719539e+00	-7.303951818256252393e-01
nan	-1.282034205429912532e+00	9.411716271040382331e-01	-5.619105437853699758e-01	-7.680629665019184094e-01
nan	-1.757759076625995620e+00	1.903839014738988311e-01	5.181943100130644853e-01	-8.073293082310619706e-01
nan	1.548899914251712806e+00	-1.201851617056229449e+00	2.039141313858462423e-01	6.478183692800292270e-01
nan	-3.249641824415889779e-01	1.077226288815825050e+00	1.167202722200568976e+00	-1.368194939276018429e+00
nan	-4.198053847245913905e-01	-1.724024606660515380e+00	8.022937206913530739e-01	-2.326386087625782473e+00
nan	-2.353910662610292803e+00	-6.990342714347113073e-01	-1.505237657365070314e+00	-2.232215525580380933e-03
nan	-6.390037341978569430e-01	-3.482008338309156237e+00	-2.190515038447576890e-01	2.566571360781630062e+00
nan	3.000607829892573797e+00	-1.022757472480370078e+00	6.090238774995806459e-01	-6.455380883482335630e-01
nan	-5.045684016845585207e-01	3.512844787253630141e+00	7.499723186507084582e-01	-1.144606756565225592e+00
nan	-2.573540465406109590e+00	2.905854929928043395e-01	-5.088775081038854342e-01	-3.605333446059719726e-01
nan	3.872985699281056515e+00	-4.402610059713765622e+00	2.313878594038158709e-01	1.427735872906139847e-01
nan	-5.366254484216970155e-01	4.003865414843084558e+00	-1.137553288084741432e+00	2.645607654090701644e+00
nan	1.887700775533884379e+00	-1.508740993657208929e+00	3.894128819174710876e-01	-1.019655768516283478e+00
nan	-2.158658807906713717e-01	1.693829359906790177e+00	8.858671137292631892e-01	1.796947650017469922e+00
nan	1.130865348684647387e+00	4.844215235437652201e-01	-1.000002887247319894e+00	-5.286644523065054946e-01
nan	5.560163207379299477e-01	2.992637152976371340e+00	-4.747181392491444107e-01	-6.229047075057492222e-01
nan	-9.430227708908009987e-01	-6.307748747920026711e-01	2.412502015544436273e-01	-1.361014512359212558e+00
nan	-3.141906045419963878e+00	-1.176819662972931280e+00	-4.271773286840967465e-01	1.302558850801831092e+00
nan	1.496330182014768972e+00	-3.859668857214220594e+00	4.906938726922966537e-02	4.642858892967561407e-02
nan	8.147223701204286961e-01	8.751008295817507276e-01	9.071462378791602665e-01	5.006164905120125130e-01
nan	1.576424260524514676e+00	-1.438033220294689496e+00	-8.833754429261077012e-01	1.076345077356480884e+00
nan	1.607333116393919514e+00	1.846405154393045311e+00	1.736888394482322406e-01	1.338318687679962204e+00
nan	6.292324867323891846e-01	1.453929873516748295e+00	-2.067444792810103849e+00	3.892842129527249173e-01
nan	1.154980543717480046e+00	1.431147768529543174e-01	-6.399067617244099671e-01	-1.286250671049206984e+00
nan	-6.985335535791514783e-01	1.749329784622902340e+00	2.007376621866004296e+00	-1.286328440271568896e+00
nan	-1.302399279582249214e+00	-1.548347277312002168e-01	-3.019275909582040951e-01	-1.336274660073115406e-01
nan	-2.928053671642651956e-01	-1.230091964748835087e+00	1.725448401981437285e-01	-8.541308667096186857e-01
nan	-1.561512317350737256e-01	-2.063364502269987799e+00	1.669173254126254502e+00	-1.572721234702054272e+00
nan	1.585614211292996067e-02	-2.327766006433855672e+00	8.634987388378673190e-01	1.606624934795902959e+00
nan	3.266958181926297389e+00	-2.092508512377698471e-01	-2.751095706048283240e-01	-1.445488089977967849e+00
nan	-1.077652087425094551e+00	3.577187564961923805e+00	1.236838656046211626e-01	-1.234275692615511399e+00
nan	-4.807049718432216956e-01	-1.721285907199401111e+00	-3.488400673299956178e-01	2.961700953159234276e-02
nan	-2.444782349884641048e-01	-4.405943993794296798e-01	6.409413625663445621e-03	-8.577491003689683424e-01
nan	3.994661714491674065e-01	-1.460515229000859172e+00	-3.406843873504460940e-01	-5.186516066673423769e-02
nan	-3.881017037938838121e-01	1.685885209517940408e+00	1.862032217359345723e-02	-1.267239618712486138e+00
nan	-1.689427652137723612e+00	-1.171580771441119273e+00	-1.041045328492495647e+00	7.062079358643624794e-01
nan	1.718982162728442065e+00	-1.613461767652562884e+00	3.036362950407879482e-03	-2.504174704263612550e-01
nan	-1.151396888501756921e+00	2.062781152290109166e+00	6.766492393073026967e-01	-1.993237008942110866e-01
nan	-1.395679116084667992e+00	1.957954232879632883e-02	5.875592834327751923e-01	3.972641737489052138e-01
nan	-3.980233783549590454e-01	-8.993641618427881124e-01	1.224656653941780027e+00	1.436546878910996972e+00
nan	3.090280315453339810e-01	8.183967341234155146e-02	5.006756796295041001e-01	1.124852425588342753e+00
nan	8.727266431399649527e-01	2.023481219269943621e-01	-2.221131803640953972e+00	1.021913127718827807e+00
nan	9.933981867872758720e-01	9.768774462542120229e-01	4.311940432769791332e-01	-3.087974996365814739e+00
nan	-2.766123291570186549e+00	1.716436838828335310e+00	-1.803047217645209699e+00	9.372412086343459015e-01
nan	2.095933980701453425e+00	3.970936449142432600e-01	6.741358014224612116e-01	-6.324498525300413787e-01
nan	-6.284186626112524543e-01	2.289855040839161138e+00	-7.294385018008319177e-01	-6.231258964758595864e-01
nan	-1.771155398630086975e+00	-6.563518505845595818e-01	-4.228464885988360011e-01	1.015136533544302722e-01
nan	-1.353495683451156895e+00	-1.302034565417288237e+00	7.515836556468958873e-01	-6.502447753250193418e-01
nan	-1.595496100444682708e-01	-1.881462538718475574e+00	1.930302235820973156e+00	-2.778811257955650371e-02
nan	4.713321359313839554e-01	-4.429904851076628680e-01	-7.487735531720980386e-01	3.760748116221231396e-01
nan	6.864590468688154257e-01	-9.614544278405774413e-01	-1.151281099337633895e+00	2.161394316264696469e-01
nan	-1.250093563097183669e+00	1.010277794067310442e+00	-5.363530125427001805e-01	-1.409093222515372945e+00
nan	-2.205831849384143339e+00	-2.031720543788005262e+00	6.181184065373942493e-01	-1.813213746043605135e-01
nan	3.739198216401554697e-01	-3.586874165317148311e+00	-8.244988597715238177e-01	4.277837829681276349e-01
nan	5.159624598564479525e-01	-4.293240120659203019e-02	-6.584737231013298997e-02	1.976537787343085953e-02
nan	5.198566385961801706e-02	1.726723616190625865e+00	-2.906147608030582141e+00	-7.853336825205546878e-01
nan	-1.151259833736780092e+00	1.588877086930263083e+00	-8.525967718678413299e-01	1.892235526461123252e+00
nan	1.250225572021078424e+00	-5.697245328394032748e-01	3.026243584284042387e-01	5.923060708821556997e-01
nan	3.008480453698773593e-01	6.901886418524730837e-01	5.084744420927064246e-01	-2.261371365976265757e-01
nan	6.471698479094430967e-01	1.217438832792034353e-01	-5.639572220248052492e-01	7.206925590156393335e-01
nan	6.297327132005388073e-01	3.035997518527846051e+00	-4.297979367871250234e-01	2.909561171295964588e-01
nan	-1.340667516904792134e-02	1.398199324119604459e+00	7.729658570795086558e-02	2.003137139885942553e+00
nan	2.282368148504390071e+00	-4.974488818307331028e-01	-6.379195274381493919e-01	-1.788148251882900608e+00
nan	-3.930854168112877467e+00	1.867105258707946858e+00	-8.698643304343653959e-01	-4.945159618980134453e-01
nan	-5.404515460258186854e-01	-5.060705249056172583e+00	3.629634848626382415e-01	-1.254510194213169116e+00
nan	-8.925582131426881283e-01	-1.602494592486373826e+00	1.865243407866222503e-01	-7.815621263566839838e-01
nan	-1.470707594134025520e+00	-1.863204778305046272e+00	-5.864623242177687823e-01	-1.792410281362720514e+00
nan	-3.011696151558562295e+00	-5.440914819959475901e-01	-6.185483689168320698e-01	-1.345808114450306014e+00
nan	-5.950583740146204725e-01	-3.501689554629594081e+00	-6.536636943028498736e-01	-1.968236956901299739e-01
nan	-6.800146520064302980e-01	-1.700570156970516278e+00	1.180840549866358336e+00	2.211121097688991677e-01
nan	-9.526615791993578997e-01	-6.868163373595398413e-01	-2.133092205670046315e+00	2.962419791911423128e-01
nan	9.891779166720788830e-01	-8.417301617129993030e-01	-2.186947700779831916e+00	-7.119284324607787484e-01
nan	-7.473157619554193776e-02	1.304407004388577151e+00	1.472742474025017900e+00	8.710915658482256685e-01
nan	1.463898133860071837e+00	-3.846853010070023782e-01	5.491366119926001099e-01	1.145680325620437728e-01
nan	2.394186829075867218e-01	6.124681357897765466e-02	3.486483135122320776e-01	-7.662075996213577600e-01
nan	-7.542429685063433142e-01	6.871278141329775213e-01	1.044698629567257231e-01	1.467236460276512444e+00
nan	1.580056602815554934e+00	-1.439706900401426015e+00	2.704676898548309949e-01	-1.865865461346370768e+00
nan	-1.060550322502968434e+00	2.577567336271346488e+00	8.018474693410220233e-01	8.073398324402221160e-01
nan	2.107685401646712808e+00	-5.001258709620283183e-01	-1.672340420948840722e-01	-5.333997792655272852e-01
nan	2.586217920656518343e-01	2.911332113140257416e+00	-1.113167274396427375e+00	1.177073976689517742e+00
nan	1.162770954126450818e+00	3.282996746926410747e+00	-8.952135526868019166e-01	-3.029890700070760889e-01
nan	1.726914369790513160e-01	2.347879863245736942e+00	-4.093588610192152033e-01	-1.539379444088079474e+00
nan	-5.530604458839852855e-01	3.249727927970252339e-01	1.989818076077336739e+00	-1.645518200530068587e+00
nan	7.145739802735624480e-01	-2.491408198976493793e+00	9.425740160823041780e-01	-2.160363184534825343e-01
nan	-1.345483678483226697e+00	4.884437489027000368e-01	-2.408425813069682286e-01	-1.766526315212054721e+00
nan	-1.392806461117890304e+00	-2.026649905138646623e+00	-7.612178338510892095e-01	1.236231895909897682e+00
nan	2.268731215414478086e+00	-1.147594686785289975e+00	-4.169333245784317965e-01	8.788452931270478441e-01
nan	2.060426104962915339e+00	5.142802908288757191e-01	8.580069836300303898e-02	-6.825400389543849755e-01
nan	-5.643796020313558426e-01	1.859588048659027715e+00	-7.306688123353196618e-01	7.347557878231415485e-01
nan	3.017939176597983053e+00	-8.993220505278851640e-01	-2.946893730561067071e-01	-3.076696991931585634e-01
nan	4.251560034518603315e-02	2.919453838381243838e+00	-2.208003775255245937e+00	-7.973749398458530868e-02
nan	8.817203560089766912e-01	1.474791658855864718e+00	-6.347910923850038634e-01	2.847190114614821521e+00
nan	6.219296501645725783e-01	2.198528985504761835e-01	1.844651356009904486e+00	9.103118829316912963e-01
nan	2.434145644968014555e+00	-3.511396962324445647e-01	1.112451101350732774e+00	-4.675981258242569716e-01
nan	-1.228307998974843773e+00	1.691956692135730744e+00	6.902489607413758721e-01	-8.658630030514892217e-01
nan	-4.731287398590762194e-01	1.852140021676638160e-01	7.951071957745750041e-01	8.496694568663198943e-01
nan	8.062836201063819930e-01	1.013532352652843693e+00	-7.000255445017579403e-02	-7.826861416982201503e-01
nan	-7.916504960996673113e-01	4.362997056741948487e-01	-8.598284033990821751e-01	8.047863968650943722e-02
nan	2.190711798753860684e+00	-2.126704742737413500e+00	5.221816752087089508e-01	7.946675835771768170e-01
nan	3.275459310878194863e+00	2.978506273838350982e+00	5.688168815974643522e-01	-3.556089436956285099e-01
nan	1.004046861687274639e+00	3.774439067431828665e+00	3.789812873226641732e-01	-6.063046616608355754e-02
nan	8.591210574256048504e-01	5.685170637253987858e-01	-1.253781550947419943e+00	-5.395110349419800500e-01
nan	3.629902225355822187e-01	2.817127900024853915e+00	1.363626615658648289e+00	1.050783280072251191e+00
nan	2.567088268632238268e+00	-2.152456459151310675e-01	-6.914567077689321994e-01	8.649182228096771174e-01
nan	-4.663629338932274715e-01	3.102584475424361887e+00	-1.723035648178785184e+00	3.458934008299672791e-01
nan	-3.863746623917949097e-01	-2.561937593549357128e+00	-2.052997660677731706e-01	-1.216445774891661502e+00
nan	7.583088090553116167e-01	-1.788679813167223909e+00	3.224515089146604008e-01	9.243794569491533553e-01
nan	5.507426780880552153e-01	4.808695696823279131e-01	-1.891032635555585928e-01	5.221704048356148181e-02
nan	-1.161307497130873168e-01	-8.036329491897017396e-01	2.611397761217846281e-01	1.500741175671531369e-01
nan	-1.841348797264809933e+00	-1.425574057665518923e+00	-4.671341904023372793e-01	-1.184416343810554828e-01
nan	5.484729569706022767e-01	-2.133652847673001673e+00	-1.555499575362360387e+00	-7.908704314606268548e-01
nan	-1.047532544639365515e+00	-1.430160574917918481e+00	2.617777046674285013e-01	1.870894060916436508e-01
nan	-3.267775249886064048e-01	-2.579626646678844004e+00	-1.439457374839822279e+00	2.156951660134705850e+00
nan	1.771654455772529779e+00	2.620059026743260522e-01	-6.765713934384659945e-04	9.182001929211716096e-01
nan	2.117466005419737840e+00	1.094351906447743161e+00	-1.078777229837409202e+00	-3.884018478548242337e-01
nan	-1.465233071128985376e+00	2.511871117396256903e+00	-3.794597477473962699e-01	7.010914019507122896e-01
nan	1.149336591761916715e+00	-6.852694602976988625e-01	-2.139591209700590912e+00	-9.845531971019088058e-01
nan	1.210071270081761741e+00	2.571430712394910501e+00	-8.742847995558823693e-02	-5.635262020872121580e-01
nan	-5.604130563425036016e-01	1.350957507190786888e+00	-1.399643058780387361e-01	9.172180447686322236e-01
nan	4.353100937882679600e-01	-1.149867420417780561e-01	-1.150430209987847840e+00	-9.410726502292467988e-01
nan	-2.210136055935448596e+00	1.350418636127357352e+00	5.913021366632852382e-01	2.114926878804411992e+00
nan	1.523459567204938025e+00	-1.751001229667681569e+00	-8.705794121824785847e-01	-1.314953342545148951e+00
nan	8.988410508358413153e-03	1.333543107586924403e+00	-9.821893912605903498e-01	2.692926745052610926e-02
nan	1.254048508102445503e-01	-2.488688950271120692e+00	6.286527486672602860e-01	1.665192055449002506e+00
nan	4.866747790358068038e-01	8.619222947732947393e-01	5.477216904715006551e-01	-9.897557250595209188e-01
nan	-3.370449701828754030e+00	-2.064704491874846504e+00	-1.215841268410222664e-01	-1.100061259100138855e+00
nan	-1.641356237856214317e+00	-4.685085082792443956e+00	1.143968317525853873e-01	1.009791423387283782e+00
nan	3.036833217333633206e-01	-2.226549955545203296e+00	7.015704546864066637e-01	-1.004474930309943836e+00
nan	1.240746436600543845e-01	4.837470907626613692e-01	-1.026469150611173831e+00	6.545434829247788640e-03
nan	5.166140689354441484e-01	-1.962181664254299962e-01	4.551170575544615793e-01	-2.012016157666466909e-01
nan	-9.767354960379885931e-01	1.286950150152965100e-01	6.735099416588550270e-01	-3.597794529840110944e-01
nan	2.491849724393060961e-01	6.379277148975466272e-01	-7.719819363187818695e-01	-6.107587953044075757e-01
nan	-1.231759896276815702e+00	5.541141382766878731e-01	9.926908641263129107e-01	-7.897874019247725919e-01
nan	-3.065541578865564443e+00	-1.545121080102422439e+00	-1.572928213972897948e+00	-3.433202120216349851e-01
nan	-7.893939481781689915e-01	-2.686428787818646136e+00	1.084029904230817687e+00	-2.296312342213957525e-01
nan	-7.688704983672051130e-01	-1.890839716769807222e+00	2.419172797055336499e+00	9.881226848132685925e-01
nan	1.061016274264835468e+00	-1.838133901525075942e+00	2.528546317093042006e+00	3.074040359675062062e-02
nan	-6.877042972046152336e-01	1.699207394796568238e+00	7.491077041615174480e-03	-1.705936882605886273e+00
nan	-1.583633869658025661e+00	6.286436139559303804e-02	4.259567247091103903e-01	3.024217038736957130e-01
nan	-6.720765686173667541e-01	-2.169583709974689079e+00	1.014231637448183676e+00	1.162506636902526092e+00
nan	7.046717325680476041e-01	-1.323191079597225706e+00	-9.265642825991497744e-02	-2.298981939686234988e+00
nan	-8.501143242606663541e-01	2.515544202189639478e+00	1.044014522805518430e+00	1.684228374457124477e+00
nan	1.310407112125381968e+00	-1.193947973863541456e+00	2.661088394212991481e-01	-8.423559295886496878e-01
nan	-1.206365530578222600e+00	1.061500189108768311e+00	7.162756419841678768e-02	-1.141067115465166815e+00
nan	-1.664309117112318548e+00	-2.548624935384687928e-01	-1.166794165399963473e-01	-1.060736700959683532e+00
nan	-7.753509125784927569e-01	-1.829115306490654236e+00	-5.676525430414989248e-01	1.318727695384048326e+00
nan	2.043484909808428895e+00	-1.064181302488157232e+00	7.268662356846513628e-01	-1.498107099178219270e+00
nan	-1.073896707932356698e+00	1.762325683558841227e+00	-2.089013910062284651e+00	1.507517694532323205e+00
nan	2.205713244832681497e+00	-1.560303460441239798e+00	-5.968800895138474116e-01	-2.158655598380009089e+00
nan	-2.064169356323196425e+00	1.966823532495171278e+00	3.195954728012996848e-01	5.490543857271130701e-01
nan	3.012047113774045104e-01	-2.873258146285741610e+00	-1.176695164250913805e+00	2.281873605918362191e+00
nan	2.199504834207237192e+00	-7.972835250348431213e-01	3.321726974086150475e-01	8.303574611303438102e-01
nan	5.270255226133330195e-01	2.713523669569372743e+00	1.125926332494985971e+00	1.779672361157911276e-01
nan	-5.506939625377315073e-01	2.098502836484993139e+00	4.262636982513258732e-01	6.594467516605487245e-02
nan	5.772096788858572802e-01	-6.513218782810551444e-01	5.188489710982991943e-01	5.922221226801936966e-01
nan	8.337159949155754646e-01	-2.706344553030926026e-01	-1.957781107691387024e-01	-7.605260191677201131e-01
nan	-1.075097547002441312e+00	1.025280947076487204e+00	-5.065469225376596496e-01	2.100978888763644914e+00
nan	3.317397943805175053e+00	-1.105492349915512929e+00	9.299831198100716456e-02	-7.594840392787690631e-01
nan	-1.670979747897092249e+00	3.732334883275130633e+00	1.926735283572909241e+00	4.409382456271478401e-01
nan	4.687659421464540621e-01	-2.012868740942631796e+00	-4.342173963626531907e-02	1.440023748259711578e+00
nan	6.512346869546945527e-01	1.005968886377738958e+00	1.922786635415343781e+00	5.180324685283400621e-01
nan	8.073478769825307433e-01	-1.635260098029906128e+00	-6.155516592781679064e-01	9.521159208229763860e-02
nan	7.463906204705595959e-01	6.724776212325206393e-01	1.090759591054354383e+00	-1.213661686408470608e+00
nan	-2.123498318418279851e+00	-1.886537260016235562e-01	-5.675644304551964447e-01	-2.866638993121421453e-01
nan	-4.550416063165785285e-01	-1.905318263339626839e+00	7.839807224354816695e-01	-1.518480406967672502e+00
nan	-1.911778683548616575e+00	8.303427337269297936e-01	-1.075479318158833353e+00	-1.148615006808349381e+00
nan	-1.400142629310747733e-01	-1.541084056098737554e+00	1.544551508152364860e+00	1.376703456292904582e+00
nan	1.586181658092303604e+00	-1.800328751118561721e+00	-1.948509003286029717e-01	-5.161105934313918731e-01
nan	-1.914616749080295666e+00	1.103566561959441916e+00	3.475594532055792940e-01	5.792795483336291573e-01
nan	-8.212934829749370946e-01	-9.230273602212843986e-01	5.844095327430018916e-01	-9.523916071923647086e-01
nan	-1.344506489096439328e+00	-1.419371292961055797e-01	-9.251400325425337412e-01	-9.737251907995826405e-01
nan	-9.820209059587513556e-01	-5.341795995206911618e-01	-1.620862222631783034e+00	1.698179047625901328e+00
nan	2.097409492812690068e+00	-1.734297787667134161e+00	-5.134209448371404028e-01	-1.586389512644133248e-01
nan	-2.191425591103940196e+00	6.248501636369112600e-01	5.346439690249465970e-01	2.654836617574519941e+00
nan	1.848082476102334004e+00	-2.510902387969822236e+00	-6.852412965271504897e-01	-8.195946161742057035e-02
nan	-7.272855732771306148e-01	2.017099172111399774e+00	-2.466315839370622487e-01	-4.430186189135137398e-01
nan	1.167960595365566956e+00	-6.715828600045870012e-01	1.653535706060847987e+00	6.958277957853451490e-01
nan	1.326568164420311113e+00	9.746212000098964934e-01	-8.040356084019800731e-01	1.079908856110399773e+00
nan	9.780023440508606170e-01	2.211680460106033586e+00	1.400524692378127545e-01	4.824219463056501067e-01
nan	-5.628360188220771221e-03	2.028814140111897313e+00	7.229418223954956479e-01	7.650417458719804831e-01
nan	-4.101311503140099290e-01	4.342522331501986743e-01	-6.040679522122267553e-01	-1.859228936306921154e-02
nan	-9.619201991213521818e-01	-9.759551855239605445e-01	4.978025830322597711e-01	1.996678846520449635e-01
nan	1.301806537559345167e-01	-1.869108711527791122e+00	-1.157930683714181175e+00	-3.187286886317513002e-01
nan	-9.413067316475141055e-01	-4.728556261286532281e-01	-1.571064691062435958e+00	1.284418055978366668e+00
nan	2.335334423019737926e+00	-7.192869092568050515e-01	1.532905237942082000e+00	-3.673462364238656019e-01
nan	3.984953059759048233e-01	3.505524480589699898e+00	2.524143862815759753e-01	6.506574431377039058e-01
nan	4.097884382875064402e-01	3.457100592333121614e-01	-1.892060583011411445e+00	-1.258936175298885685e+00
nan	-1.296220562083090222e+00	1.992080692375415740e+00	-8.357063978079144473e-01	-2.753392414575992486e-01
nan	-4.844033558970791686e-01	1.922371334807337906e-01	-1.295601917157813802e-02	-1.698607325200604201e+00
nan	-1.019957593982484978e+00	-1.032176168471791167e+00	-2.008067001894107584e+00	-7.329078753415189107e-01
nan	-1.986198144870009452e-01	1.029092900834031044e+00	-9.420233415376469410e-02	1.196109664484964030e+00
nan	1.688358447007879626e+00	-1.340558965622342946e-01	1.232018518613377522e-01	-2.102874469113077627e+00
nan	-1.690357483852568121e+00	1.274294107730482573e-01	1.081345743789401403e+00	-4.330958425924259503e-01
nan	4.649263287094016484e-01	-1.959783955255077981e+00	1.071482747945212477e+00	-1.245731196595383228e+00
nan	-1.259485440895866670e+00	-1.462922213332307209e-01	1.991826897455877543e-01	1.920129804792877204e-01
nan	-1.262702355106660512e+00	-1.998146236098819362e+00	1.226074993131494734e-01	-2.013331518425912403e+00
nan	-4.716001878539528569e-01	-1.342912406678646642e+00	1.589450475823318998e+00	-1.061400050726101441e+00
nan	-1.812243564795227302e-01	-1.428037973103987834e+00	-1.864772090399686721e+00	1.707121491178634487e-01
nan	1.330784989155815168e-01	4.324621178944180189e-01	1.084478019190775744e-01	-4.369457811986896326e-03
nan	-1.858838200910815752e+00	1.056738493895176823e-01	8.327760530583665499e-01	1.428489014861543671e+00
nan	9.236388820499974450e-02	-2.708775420556810865e+00	-1.902860379854627304e-01	-7.471288996695621965e-01
nan	-2.136510353834208509e+00	4.854985651258529877e-01	1.265711214252447814e+00	5.534845005955441044e-01
nan	-8.163367485926992240e-01	-1.977975294552597241e+00	4.468973096965107167e-02	-8.488745694829525901e-01
nan	-2.000233277630279805e+00	-2.153303179372021425e+00	-6.952280071940097894e-01	-8.599256492395780382e-01
nan	-1.612952256894653935e+00	-1.460899521711697568e+00	7.293281067988206801e-02	-5.223188316480591453e-01
nan	-6.908528972253088485e-01	-2.279645362772614980e+00	1.537720884129945231e+00	-1.262022360427873302e+00
nan	-2.421347360687533978e+00	1.440856435320780893e-01	-8.256259336229803125e-01	-4.016501845124141323e-01
nan	-3.665510526538743874e-01	-3.481578611212852170e+00	-6.721450429842318330e-02	-1.319275831670043919e+00
nan	-1.677357054647636181e+00	-1.281086931047623834e+00	-5.996608479741716291e-01	-3.113002210359795408e-01
nan	1.142397872878866849e+00	-5.720632045476763405e-01	-3.627448165246116574e-01	1.517241870909292301e+00
nan	1.384061613187855588e+00	9.922090466851759549e-01	-1.097382836628756353e+00	-3.351623369778670702e-01
nan	-9.022279041795453480e-01	1.152969276114111263e+00	1.882475098911574607e-01	6.452758015821860038e-01
nan	8.031806817020517020e-01	1.531120942768365190e+00	1.527960725002487918e-01	-3.480918694950440040e-01
nan	-1.064408480651696798e-01	9.154601438145896219e-01	1.131085179634696986e-01	-1.016560097253852657e+00
nan	-1.206153453132704723e+00	-1.549708970548780984e+00	1.011869540560022207e+00	-1.751494845576029302e+00
nan	-3.582539197110428120e+00	-2.989106420683634191e+00	1.316079279697780713e+00	-1.909535434767504480e-01
nan	3.713614733091566977e-01	-2.513602886793614655e+00	8.690955087465064288e-01	-5.612248269849858806e-01
nan	-1.101862491366433439e+00	2.859840428696875936e-01	-6.699270377422219536e-01	3.086973499313404035e-01
nan	5.901349152477523008e-01	-2.124987793403386060e+00	5.378305677727480694e-01	-8.749019433695915948e-01
nan	-2.093522539253764414e+00	1.396516281949534477e+00	1.343984685250699807e+00	2.183735251763122831e-01
nan	-3.231718772929652594e-01	-2.290536473966594322e+00	2.264300999077920595e-01	1.170535552631019938e+00
nan	4.046123408853203873e-01	2.291054755218893124e-01	1.111088936549690764e+00	5.840975913575993106e-01
nan	1.174705147203162658e+00	1.417741663521739914e+00	-1.330967855156950652e-01	1.083570054785574083e-01
nan	-1.418563824645980853e-01	2.563345606038790692e+00	-1.030217773302410794e-01	-7.862145119195682597e-01
nan	-1.100311452820177394e-01	8.407049215566607669e-01	1.887116402415858429e+00	-2.097941629305157374e+00
nan	-2.046160030178703959e+00	1.622170849293150252e-01	-7.389090310003427753e-01	3.609714312543234604e-01
nan	9.382041186404215249e-01	-2.054774063978206833e+00	-1.458821397449978852e+00	-2.630623214601102600e+00
nan	-2.340268796289107556e+00	1.402071549735067979e+00	2.010963429568062844e-01	-2.103365689613267697e-01
nan	-5.869172148325428884e-01	-1.991270746836434125e+00	-6.888557005209237083e-01	1.759266690059708427e-01
nan	3.516275758097318072e-01	-5.794047075770295541e-01	7.637069774785910647e-01	1.465566395534932731e+00
nan	8.834189490603613359e-01	5.385953790958052378e-01	3.395601073781925328e-01	4.812090225684126366e-01
nan	-1.720975729142619759e+00	-3.533679732209015212e-01	1.436532615214849637e-02	1.176764907543385030e+00
nan	9.894785603718887490e-01	-1.003941690079108273e+00	7.170289470647089880e-01	-1.410977672055042431e+00
nan	-4.535466201882639714e-01	2.057137186874949286e+00	-3.555716422514274000e-02	-1.180948625687585629e+00
nan	-3.219359898121923358e+00	7.022702137725721494e-01	-9.178433995540145052e-01	2.380101841550015696e+00
nan	1.142406984723545182e+00	-3.414420869941918735e+00	-1.334353838438164797e+00	-3.931653972183922208e-01
nan	-1.536150116742427185e+00	2.479008678908847241e+00	8.268262460379557366e-01	1.222757487189419512e-01
nan	-2.778625100328465658e-01	-1.803985067954065435e+00	5.822526153326752496e-01	-2.634840786429669124e-01
nan	9.891715308772486281e-01	5.943692622084388866e-01	-1.557442424341453524e+00	1.022344952348356095e+00
nan	2.815107702370572618e+00	-5.680941190865063106e-02	1.389364755489685077e+00	1.181221325904422859e+00
nan	1.576091614464804946e+00	1.247908148905608305e+00	1.405388635145579546e+00	-3.867368370854097348e-01
nan	-6.134951468250028350e-01	9.874320913492536933e-01	1.923393257258143585e+00	8.915311878616922758e-01
nan	1.712671903170737808e+00	1.709123273992203540e+00	5.234089689315307714e-01	1.830597340122984917e+00
nan	3.318349926109001480e+00	2.224453446157268921e+00	2.272767201027064143e-01	6.325492218396239208e-01
nan	1.117721025053397099e+00	3.590657922074237618e+00	6.044567500121000858e-01	-6.059915382549683205e-01
nan	-2.620181661923248750e-01	-1.620190988472778315e+00	-1.142748596081258006e+00	-8.366550855259993758e-02
nan	-8.033874741791602325e-01	-3.802095445861462530e-01	4.787150012598904159e-01	3.375573921393016374e-01
nan	1.754345559787951592e+00	-1.352192570975059072e+00	-2.989680327208475319e+00	8.437077480879211500e-01
nan	1.108589201144557501e+00	-2.324599941080709442e-01	-8.641441019076345764e-01	1.924292691265843791e+00
nan	-8.614644499462362770e-01	1.209980318328610638e-01	-2.159146403807353787e-01	-3.296852055848072949e-01
nan	-6.189189251279025861e-01	-2.760106348604530524e+00	1.433864379023208180e+00	1.655276005751076029e+00
nan	1.079983814920235208e+00	8.734407183369818917e-02	-1.105936384367218306e+00	-1.739973637708101650e+00
nan	-6.020888847954055656e-01	1.077216967169136286e+00	-4.921803170209521072e-01	-1.396899920855466659e-01
nan	2.316112487587279611e-01	1.391769559301769821e-02	1.056571028160255166e+00	3.987679354088022876e-01
nan	1.775931013155424676e+00	7.603148629418907678e-01	1.065117507780880102e+00	5.209481391602178713e-01
nan	1.652035231470055932e-01	2.829874311085710303e+00	-4.781244861580237759e-01	2.107531975534040758e-01
nan	-3.046283437112313752e-01	-4.603084843314422248e-01	-4.150686260293515728e-01	-1.010095364101649268e-02
nan	1.438831346893636898e+00	-1.103708276468827076e+00	-4.717788301407870311e-01	-4.436194183599332375e-01
nan	7.412123130597813025e-01	2.251129343028081209e+00	-4.901768129126440887e-01	-1.088035205659696053e-01
nan	4.166979499188076530e-01	2.746988252451591617e+00	3.840949051750404408e-02	1.020465042606225614e+00
nan	1.006972373792508479e+00	6.866218404816289977e-01	5.043624485803436253e-01	-1.422185835142230959e+00
nan	-1.645863101075506929e+00	9.786817027309726580e-01	-9.867388092660051013e-01	-1.761889054643564156e+00
nan	-2.562178200591076038e+00	-2.482525249957205471e+00	-1.660721368821025612e+00	-1.677886757528924411e-01
nan	4.097799509906318027e-01	-2.479212467579770873e+00	-1.019344177186731537e+00	-7.168651219854901280e-01
nan	-1.331520838377415306e+00	1.657719184962456627e+00	-6.962783818551626820e-03	-6.912652191801663681e-01
nan	7.125765046589324081e-01	-9.985756394062021979e-01	7.510126166673145587e-01	1.523388788682987105e+00
nan	2.668564291059287719e+00	4.141864193926584892e-01	-8.245262239274182559e-01	-4.385705552570652310e-01
nan	-1.527872782218560044e+00	2.747670750986164201e+00	1.347389062908748381e+00	1.335309758989747131e+00
nan	3.183718827496644366e+00	-3.877595021917508156e-01	1.559451155993587079e+00	7.094660570041935177e-01
nan	8.472489615761150672e-01	1.815727801802355712e+00	6.013528783290847946e-01	1.234774048774832877e+00
nan	2.570794336882761932e+00	7.644366144513997652e-01	9.575679654182382983e-01	-1.154366694515593234e-01
nan	-8.386862673035185844e-01	2.109503149667005584e+00	-1.002667837303531373e+00	1.366506359413254823e-01
nan	7.780986326398944275e-01	-1.108374508551468463e+00	1.237205518297913517e-02	1.817455004238160976e+00
nan	1.830847927462528890e+00	3.894852600876904658e-01	-1.792592412410919822e+00	-1.468697952138689589e+00
nan	-1.521603663572548726e+00	2.175982958489908636e+00	3.533976870578455221e-01	1.393181431902907219e+00
nan	1.841475187801814073e+00	-2.313751716599805164e+00	9.228291927789371574e-01	-9.640542207511464123e-02
nan	-1.013809255600952586e+00	1.970714530712659895e+00	-1.800094707915536052e-01	3.078841782360468571e+00
nan	3.623603850022732775e+00	-1.515897293760254394e+00	-5.928666559262355529e-01	1.136536938048216872e+00
nan	4.268302146593498936e-01	3.278371756891883315e+00	-6.111346505796248774e-02	-1.128558739198735728e+00
nan	-3.113661808724367264e-01	-3.324103774002070688e-01	-1.239689004033925013e+00	-4.202618185319333399e-01
nan	-1.504203567817199216e+00	1.915705889875555457e+00	5.945345645295743164e-01	6.284999330491465308e-01
nan	1.819703310969369214e+00	-2.587082109270645525e+00	2.086581588106101726e-01	1.062775270611795303e-01
nan	-5.483335861627653962e-01	2.107475167351010814e+00	-5.476678770496734572e-01	-2.490907814458485525e+00
nan	-3.422002390439020658e+00	-1.533966812073657149e+00	-7.892827578059443891e-03	-9.515638470206118082e-01
nan	-4.500578864046160810e-01	-4.527923904145861655e+00	-4.012006552897349754e-01	7.914555229611431875e-01
nan	2.775469033636048799e+00	-6.915486551816586447e-01	6.097004944549880845e-01	1.620006162275267947e+00
nan	2.224670403687684761e+00	3.272556897079990090e+00	5.225115074780273261e-01	-2.719399643252088938e-01
nan	6.436950726282415491e-01	1.500494968868951062e+00	1.007482439661927298e+00	-7.063240584145545897e-01
nan	1.092960888648690343e+00	1.446224496374382884e+00	-5.597087391899843167e-01	-4.571794145602440795e-01
nan	1.313270304237626807e+00	1.226548295419353618e+00	9.785814646475750056e-01	9.616405420698537210e-01
nan	-1.673747155254805552e-01	-2.177159683652194477e-01	-5.861619111385665826e-02	-2.489851442413394955e-01
nan	4.800075176363516882e-01	-3.898605272115536757e-01	-1.238208013820987885e+00	1.081292220591041131e+00
nan	-2.472127122934917320e-01	4.878446461963499292e-01	-1.117820080014265277e-01	-1.223346456077733846e+00
nan	-1.489577521248446335e+00	1.491791299189836995e+00	3.577640507009154369e-01	-2.055399989058787069e-01
nan	-1.788360142327236613e+00	-1.128130767564027748e+00	-1.103541686996993842e+00	2.045880554668975948e-01
nan	-7.243409663857416914e-02	-1.790653542063049608e+00	-1.151048522734086088e+00	1.108479888794519530e+00
nan	4.037734945909354778e-02	-3.407195238461036002e-02	3.024819197959816575e-01	6.282743361761783385e-02
nan	-6.724324350210584278e-01	3.616817925205964568e-01	-2.146846832821369955e-01	6.369561893133249830e-01
nan	-3.107005508178222186e-01	-1.048088459736412181e+00	9.973116700250963529e-01	-1.526917380913451749e+00
nan	-3.590929851836854425e+00	-9.024815627142316332e-01	1.606949040450901256e+00	-2.444829925087883826e-01
nan	1.317549532989184424e+00	-4.378223208978294423e+00	-4.570053662691227481e-01	2.453556490269375168e-01
nan	-1.023124134020667597e-01	1.599129692191650687e+00	8.161314415661005128e-01	7.708117378553806798e-02
nan	-3.693380858788020138e-01	-7.929162720880132964e-01	-3.994246432133748970e-01	-1.688073856734275402e-01
nan	-1.156590324083838217e+00	-1.643784021159555575e+00	1.866954199978684836e-01	-6.071739808217627710e-01
nan	-6.425178584916562130e-01	-1.087703579201598103e+00	-5.526670840659190231e-01	-8.934468750306441276e-01
nan	-1.900701470899346601e+00	1.029934870904233968e+00	-1.326007973727068023e+00	9.855351511354060179e-01
nan	2.647209460318001639e+00	-1.430553231289934502e+00	-5.109657981088918666e-01	-9.671383630663411557e-01
nan	-2.664853333852605921e-01	1.646616775765351814e+00	-1.170261775589410247e+00	-7.587701115329200663e-01
nan	-1.392927873374214087e+00	1.685893672153135903e+00	-7.697360040344158882e-02	1.490650663374663010e+00
nan	1.350526577767534597e-01	-3.118670988746083950e-01	1.424654178990685471e+00	-4.810757486528860483e-01
nan	2.662498382748632597e-01	4.418603825620738557e-02	-2.856184995954964556e-01	-1.673288332974456116e+00
nan	-8.554949360675098147e-01	2.466912966958011433e-01	-1.829752251985991895e+00	-8.350292210287139916e-02
nan	4.637394196279118197e-01	-1.631241027545679234e+00	1.996011649996410897e-01	-5.281180467560186997e-02
nan	7.871898713251762603e-01	7.008501786141618783e-01	-2.554652593591682508e-01	-1.833406137517660905e+00
nan	-3.438044076541215688e+00	1.435560989502943752e+00	2.580717375286980975e+00	1.196499756069698606e+00
nan	2.175590049869627673e+00	-4.409339467009408153e+00	1.073623381868969107e+00	-8.000572598811502845e-01
nan	-2.598093441631184053e+00	6.245450294509309330e-01	-1.372434973453741547e+00	-1.004963650785701157e+00
nan	-7.396618151272160713e-01	-4.435116783342939684e+00	2.970601863840275914e-01	-1.913336618966885005e+00
nan	-2.099609217889719659e+00	2.988623691379446168e-01	-3.767492569574969474e-01	-8.102888179744243136e-01
nan	-1.470250425491204993e+00	-2.050827118640761615e+00	-1.113585850868095140e+00	9.683123402817958025e-01
nan	1.439842479993354241e+00	-1.021983995513065846e+00	7.585976274387047358e-01	-8.263392461119322130e-01
nan	-8.385851461732306555e-01	6.308395507978882266e-01	3.958788612397544371e-02	-1.035399674915757906e+00
nan	-2.173664502340358240e+00	-1.769276034689027721e+00	9.715002008309588932e-01	1.240445242470411991e+00
nan	-1.925541480204322475e-01	-2.755121191397298830e+00	-1.115049718020769687e+00	-2.052884705029560219e+00
nan	-8.601749536866483137e-01	1.466481926423784943e+00	-1.221568721498231591e+00	-9.675258363799938977e-01
nan	-1.632523303328706987e+00	-2.623737030056286557e+00	4.194110020859142529e-01	-1.584416928967289584e+00
nan	-2.761311217818831487e-01	1.786130958342606601e-01	9.134998616448790631e-01	6.283429082865508164e-01
nan	1.111415270918540532e+00	-8.162019907741802083e-01	-7.731158585005105666e-01	4.228254031019123005e-01
nan	3.801772336433353328e-01	1.090285607564257520e+00	1.337471213750925703e+00	-2.751348165188900394e-02
nan	2.942839758907890513e+00	6.835363682944831654e-01	3.902183824082122165e-01	-1.057889865375940229e-02
nan	-1.879997650400940246e-01	4.086511796251273587e+00	-1.403598696287033265e+00	1.088305453484166962e+00
nan	8.282793046613740051e-01	2.592055640936393179e-01	4.241190889991796054e-01	4.884216795558532498e-01
nan	5.443948512520864202e-01	-1.616394849594498417e+00	-1.335642541534164618e+00	-1.198136945221363846e-02
nan	1.279802981738355827e+00	-2.543364003296735287e-01	-4.791202277687729993e-01	6.340337860777723877e-01
nan	6.368645896919147287e-01	1.115085302824243563e-01	3.107257837096138453e-01	-1.318565662405225269e-01
nan	1.649584095177879239e-01	8.278258869052079749e-01	-4.475359070465266820e-01	8.751016836056511039e-01
nan	2.032714944661253575e-01	1.137728214952209438e+00	5.814029061672333354e-01	-4.949372482080151014e-01
nan	-4.564728666236054222e-01	5.260581849506975605e-01	-2.827713010291697859e+00	6.822167581935756342e-01
nan	-2.106775099286926078e-01	1.375804507672232280e+00	4.214102783783712503e-01	-1.965705811948832871e+00
nan	-1.645078646097237751e-01	-9.382455400500938625e-02	6.778886275901919722e-01	3.232003407526201633e-01
nan	-9.716540705433429626e-03	5.192434248595971802e-01	6.122597660368671590e-01	-2.297402810345787472e-01
nan	-8.790175937002168149e-01	7.416478575022775743e-01	1.504791639991465424e-01	4.775502772487069114e-01
nan	-4.752506041899291489e-01	-2.116718868845756774e+00	6.515503879856222591e-01	-1.300120641863021120e+00
nan	-7.558308665589995590e-01	3.302822031433118033e-01	-1.930479035947671798e-02	-1.061992966037312441e-02
nan	5.887674983255323236e-01	-6.176788996648318042e-01	-1.040888813609519792e+00	-7.867770188641277640e-01
nan	-9.296130434981897395e-03	1.337413692663461884e+00	4.416230625170632917e-01	8.241961399406123878e-02
nan	-1.266064822107661469e-01	5.465767778564649682e-01	1.294918345856666209e+00	3.357448055305592427e-02
nan	1.055139082594548500e-01	7.018285210887944547e-01	-2.230340299525857550e-01	1.292410388099385354e-01
nan	1.091360116378959244e+00	1.415539810053865422e+00	1.644184877825697055e-01	-7.230321723710867454e-01
nan	-1.354946841964932425e+00	1.216118251851349585e+00	-1.043711521999012959e+00	-9.754016706601180697e-01
nan	-1.777752392380777202e+00	-2.713936821597926485e-01	-1.658998372824709855e-01	2.025016499170778916e-01
nan	-4.949948890702406956e-01	-2.894802248293837366e+00	7.753218036203292085e-01	-6.380834951962596202e-01
nan	-1.376336766720418048e+00	-1.723050864584801278e+00	-1.075625521664576478e+00	-1.054333838749465846e+00
nan	-6.550357978675435122e-01	-3.674342019374139401e-01	-2.198879570930553085e-01	-6.563004780633076019e-01
nan	-1.069164822686827554e+00	5.262370985803893619e-01	2.014071175983072337e-01	-6.600768235592783251e-01
nan	1.401663864352202804e+00	-1.037230491184247594e+00	-2.961012546910393173e-01	-9.462372336922414418e-01
nan	2.123411224001607422e+00	-5.229055902840142878e-01	-1.185388202420841752e+00	1.880889690964498706e-01
nan	-3.632553574598605950e-01	8.390700701801074857e-01	6.911266572342921188e-01	-1.219775977043108028e+00
nan	-2.354121378219739658e+00	4.414740874515304947e-01	-7.680987247445228983e-01	-1.212015831118052445e+00
nan	-1.056211285779270703e+00	-2.997739256988607437e+00	-6.023293956303682473e-01	1.650099110794269186e-01
nan	1.249648685199743481e+00	-4.760110496604939012e-01	1.331044322506404476e-01	1.151395378455190244e+00
nan	1.062438847390995367e+00	1.134350657998208778e-01	8.054349133679049588e-01	-7.852112684369645379e-01
nan	-1.677600504333909281e-01	6.866410455459670548e-01	-8.784535831325475108e-01	1.207649672460263446e+00
nan	9.351216752312361269e-01	-1.095198518880766692e+00	-2.124884670859864766e+00	-8.536778950577554870e-01
nan	2.050942314687940193e-01	4.737004437155699077e-01	5.632288256530542103e-01	-3.587133270834355514e+00
nan	-5.291075383618222716e+00	-7.564841356747031842e-01	-3.188401019680067172e-01	-4.010354577902426887e-01
nan	4.932721113229064369e-01	-4.865272109316967075e+00	-1.622335870359597809e+00	1.301229925523267328e+00
nan	5.951309798746646784e-01	1.506897347434714485e+00	-4.245300422380410832e-01	-1.515563189192711269e+00
nan	-1.079579551454170616e+00	1.217803730220811342e+00	9.594101656891830254e-01	-3.067474358587566341e-01
nan	1.495528580047207345e-01	-2.414173889209309642e+00	1.178311611228813005e+00	-2.041529589992389315e+00
nan	-3.064089183060429100e+00	5.906306791839436299e-01	1.291474422913296394e+00	-3.581072053672947897e-01
nan	1.621298876449417836e+00	-2.013772438706135759e+00	1.143937860331388112e+00	6.214212969226532435e-01
nan	-8.986538810651228948e-01	3.124571303796907173e+00	-7.209379889244889317e-02	-4.855789543587341606e-01
nan	1.188532452387703220e+00	-1.005158845118333755e+00	3.562857290686827216e-01	-1.515503713249749307e+00
nan	-3.353303163352382654e+00	2.571779331289528958e+00	-6.334990540822273974e-01	-8.988981407016278791e-01
nan	-7.381951004555263873e-01	-3.968296820814043446e+00	1.789842096878229427e-01	2.238984374245194697e+00
nan	2.174236608622901468e+00	-1.965270620963599946e+00	-1.458759811972010656e+00	-1.225991568782947017e+00
nan	-1.321830317209281347e+00	2.104236317338208817e+00	-2.110605933343592810e-01	5.087234413307564207e-01
nan	-5.993442870285168311e-01	-2.579474979967896431e+00	2.048436680397757725e-01	-1.996488735720311158e+00
nan	-1.844767858575696362e+00	-3.271504137163467330e-01	-1.260796615933841958e+00	1.110913704226163534e-01
nan	1.683489760088473286e+00	-1.653875630140861919e-01	1.620207473002812870e+00	3.453029540846100365e-01
nan	-7.886696524903444860e-01	1.864833474070235475e+00	-9.735200378099844176e-01	9.561909928749414700e-01
nan	8.944477497043719083e-01	-1.836691640442485340e+00	-5.193536924707861102e-01	-3.542329058882418558e-01
nan	-7.916925742771576680e-01	2.547739689838535160e-01	2.623559632235275552e-01	-2.605795531272249721e-01
nan	8.247747660260579261e-02	-8.847149887073576524e-01	-2.928586363510872204e-01	-5.413047360601644931e-01
nan	-2.774793318086256066e-01	1.012833437686940508e-01	-2.580820806866011008e-01	2.179885613097473640e-01
nan	-5.894369030068109527e-01	-1.493823967044690892e+00	1.334065548291600400e+00	3.366032461049479896e-02
nan	2.157965427026015348e+00	2.162371279258777923e-01	4.488906660163929918e-01	-6.942488037888369101e-01
nan	-2.435428520646925055e-01	1.800319806541602619e+00	-1.755335124125339652e+00	6.639576548676048295e-01
nan	1.762787239000698669e+00	-3.166720271821111821e-01	1.062250917045143739e+00	4.396229457889049841e-01
nan	-2.211403126091859406e+00	1.127627442277217895e+00	1.598042654790130246e-01	1.560902242530423090e-01
nan	1.415093911167145391e-01	-2.791914908792463734e+00	2.936410363008183921e-01	-5.911876597081400231e-01
nan	1.668002410127936708e+00	-4.726238155300047650e-01	-7.783007639608133799e-01	-4.284847360251868298e-01
nan	-3.910704140325402256e-01	1.541929593303902335e+00	3.901867827831366209e-01	1.473948491515861159e+00
nan	8.851421790008132673e-01	-1.674241894424906896e+00	1.108630816491189552e+00	1.944546072997750952e-01
nan	1.279249725864330278e+00	1.247038728014522535e+00	7.858104952653790498e-01	1.520854367810750229e+00
nan	-6.236928880616541271e-01	1.310880146846461036e+00	1.403383936023198997e+00	-1.514799466717060561e+00
nan	-1.744561538201459205e+00	-7.910718251622705921e-01	-8.171442851625806414e-01	5.045282303973629423e-01
nan	-5.462488746948380713e-01	-2.734466346267397707e+00	1.454941560603681960e+00	-1.601470238704018723e+00
nan	-9.517275682178862883e-01	-8.902968503467776351e-01	1.039688651022695920e+00	-6.770857007223760049e-02
nan	-2.136021883590196513e+00	-6.583857679584025346e-01	-1.096629796735853146e+00	2.071481803137387445e-01
nan	-3.307200389582865885e+00	-1.205432552021946879e+00	2.454265878343979690e-01	-9.196526055249586440e-01
nan	1.325426648490536374e-01	-3.323048942478816770e+00	-2.992670874092167033e-01	-1.249431372285914749e-01
nan	4.388702302053300586e-01	-7.990491907709255104e-01	-1.237873725170079986e+00	-1.925750136709093452e+00
nan	-1.578295620307336833e+00	5.922498315566808724e-01	8.272174535402040396e-01	-9.728606861048291199e-01
nan	-4.222396099183906015e-01	1.573105668225102782e+00	-8.099554602212376553e-01	1.611538902041198540e+00
nan	2.317882719139280567e+00	-7.439716129880746820e-02	-1.103759952348231099e+00	-1.274607180681948559e+00
nan	-7.234343159446332550e-01	3.188217984899605284e+00	-1.326596584648838340e+00	-3.483564416199545488e-01
nan	-1.903771251078920645e-01	-1.037058464851207562e+00	-4.566505538515466256e-01	2.676397990483377898e-01
nan	7.798336916628844095e-01	-1.620021843179386911e+00	-1.420158469020174730e+00	-1.450488486198086013e+00
nan	-1.625276652371155484e+00	-7.688412749741625474e-01	-1.184138944466383014e+00	-4.604322214731662588e-01
nan	1.612428994960812267e-01	-2.045192286994800046e+00	-3.937477635219062688e-01	-2.783579031138351256e-01
nan	-7.001292823385921182e-02	3.710238571945813635e-01	9.376567799025739003e-01	-5.415998401658241868e-01
nan	-1.193994432809954320e+00	-3.466260883825149630e-01	-1.594037606459007550e-01	8.752326863438441018e-01
nan	7.010531663023118476e-01	-1.877964911010905347e-01	-8.908410578573985328e-01	1.446156473905454432e+00
nan	2.892507482560068066e+00	1.553668329982758056e+00	-2.025727680860951174e-01	-5.253826098837834774e-02
nan	-2.680921150175907264e-01	4.420228134494326611e+00	-1.203216727442543599e+00	-4.583790792246900114e-01
nan	-1.158962385453064403e+00	1.346208722461824214e+00	3.221643204115386822e-02	2.655082461162026508e+00
nan	1.309260524303437867e+00	-1.836938777187753224e+00	6.432478371235237358e-01	3.072327190955684295e-01
nan	1.491916243663774955e+00	5.377655263008136455e-01	-7.944262080752396704e-01	2.646110213935966571e-01
nan	-8.198331873843092144e-01	6.183885987851435173e-01	-1.124463762742878625e+00	2.924712362398868670e+00
nan	4.775701243318465572e+00	-1.403503761576328390e+00	8.958155137679518765e-01	-1.080972652529585548e-01
nan	-8.595781862731729506e-01	5.182413993760579984e+00	-1.647302329896687678e-01	4.838095070467720027e-01
nan	5.356656013405434180e-01	-8.946637368102233756e-01	9.196985682324606073e-03	-7.494474726563226108e-01
nan	-6.797212041701394813e-01	8.249846339462370004e-01	7.458034900660712729e-01	2.148880633501936421e-01
nan	6.628763466087743694e-01	-7.148317915064075212e-01	-1.345511031291946935e+00	3.527581361161255535e-01
nan	-8.592457570543368117e-01	1.061700104508215281e+00	-3.549305312579840305e-02	1.226147112893962721e+00
nan	7.181757685260532487e-01	-1.485401137232765789e-01	4.785647223530980349e-02	-1.184701398800548144e+00
nan	2.763306128728275635e-01	-2.319509643782245334e+00	-1.317262106125391519e+00	-4.649674208011014831e-01
nan	-1.166837117891348141e+00	2.915892402869070255e-01	-3.892044228716535353e-02	8.389492908082751832e-01
nan	3.715525943901576422e-02	2.766540949713183206e-01	-5.752447309000638942e-01	-2.101772036238089392e+00
nan	-2.436201513465798829e+00	-9.078417295312007917e-01	5.504372340063189428e-01	-1.609870096278064544e+00
nan	-1.003257053549331257e+00	-1.485823482978502863e+00	-5.037038472086476926e-01	4.636681087628238829e-01
nan	-6.866552702489281401e-01	-1.779819172348453105e+00	-1.691846695883424623e+00	-2.306417926245725447e-01
nan	8.428332225598109684e-01	-1.125022337665724015e+00	1.372993695695287508e+00	3.281393561417024207e-01
nan	-3.424003175522167819e-01	6.091832831075069121e-01	-7.317629345585786593e-01	3.821775875771291631e-01
nan	-4.678391624982759511e-01	-1.643040495617073882e+00	-1.530768184033805657e+00	6.051181803120344593e-01
nan	9.081050329832988099e-01	-4.102966178856878865e-01	-3.749184500567880329e-01	-1.029090252605304734e+00
nan	-1.685487594642021136e+00	1.801094381704114511e+00	-1.426526576825984050e+00	-9.624284271550296310e-01
nan	-1.067167143207881530e+00	-1.200458493181822517e+00	-6.956368204032807867e-01	-1.307696448812278422e+00
nan	-2.422210976966453266e+00	-1.807748703408836866e+00	1.365849269132066279e+00	1.445145406487300943e-01
nan	1.398289757381616871e+00	-2.456802521003954798e+00	1.056798968034926345e+00	1.835786942055113835e+00
nan	2.548740266391606113e+00	6.947230945369431421e-01	6.590625631408789653e-01	3.996724784757832993e-01
nan	-4.168114124853172231e-01	1.634579471870434286e+00	-5.946949478429206515e-01	-1.025010503018709773e+00
nan	-4.484650077996564788e-01	-1.116987429278255561e-01	1.386585505253636608e-01	4.950845345351850835e-01
nan	-6.325787181974973361e-02	4.843272097693333000e-01	1.116248774790214338e+00	4.810543316767481037e-01
nan	-1.009220984325212234e+00	1.012398334596455118e+00	1.066175952939559801e+00	1.243053171956904013e+00
nan	-1.069780574115653859e+00	2.395498137049261178e-01	2.323419896624965286e-01	4.375550289130040738e-01
nan	-2.665931930844393505e-01	-1.162532215288083481e+00	9.067735957221741139e-02	1.477301423218181642e-01
nan	-2.285965803466590174e+00	1.147460908255311329e+00	1.552786890934659825e-01	-2.488507704699174372e+00
nan	-2.343900057771527212e+00	-1.680429066962564555e+00	1.902029703750875544e+00	-2.609832401469880936e-01
nan	6.426475765922528005e-01	-2.845876776504878691e+00	-1.818794191152754980e+00	1.578235674136648115e+00
nan	8.515345818365659403e-01	6.129268104832112929e-01	-2.329247239182674067e-01	3.040023692269545830e+00
nan	2.846833602683143560e+00	7.999430007612555737e-01	-1.922941289828129230e-01	-4.172159325351499498e-02
