nan	1.475877019254019928e-01	-1.732473697227028708e+00	-1.125436039424118517e+00	-1.625789842152511322e-01
nan	6.550761183718485370e-01	1.403330707521375509e-01	1.124399508223423577e-01	-1.395149784977782081e+00
nan	-2.352192173760061067e+00	1.580531817558091134e+00	-9.714900306735878566e-01	-6.120696526500248036e-03
nan	-9.646443545404955744e-01	-2.007884911168335229e+00	5.483434098198272100e-01	-6.849664444462468804e-01
nan	-1.895645381311481081e+00	-9.866758653124704237e-01	3.567246298398694671e-01	7.524079572482871292e-01
nan	-1.299304111693760921e-01	-2.810630805874520632e+00	-2.985133614793443080e+00	1.179746529879071915e+00
nan	-3.116074705405289524e-01	1.128211431635292583e-02	7.419509656187249780e-01	3.875560918379044040e-01
nan	-9.627426511992065450e-02	1.003260785675394340e+00	-5.919696539552593562e-01	3.661994270518921790e-01
nan	1.058673212715025791e+00	-5.446762177201318611e-01	1.425274826576815368e+00	-4.168344419063949591e-01
nan	-1.594573064298244303e+00	1.759239563018360375e+00	-3.109672550233652522e-01	-5.273690811430925551e-01
nan	-5.867480505197397722e-01	-2.484304186237543455e+00	-4.899090415079995209e-01	4.970023347622835874e-02
nan	3.613274663747297333e-01	-1.046957364923920775e+00	7.777886362310042212e-02	1.629389690662690349e-01
nan	1.010055924693817442e+00	1.170131881549858477e+00	9.120870651139764695e-02	1.536989333039589400e+00
nan	2.120885430659912529e+00	1.893909213845889283e+00	-5.113192572714709838e-01	1.256114539276511177e+00
nan	7.199522618032380139e-01	3.440069491642560706e+00	1.823456849887285625e+00	-9.879686053767734455e-01
nan	-2.808135797407051992e-01	1.601915106001760014e-01	-1.380410113719431897e-01	-1.705665885797328141e+00
nan	-1.622522817128387640e+00	-1.684772039543066535e-01	-1.758955114559216937e-01	-3.669011849554049132e-01
nan	-1.705518399992421053e+00	-1.053971210532103520e+00	6.524908622669260971e-01	-2.021986107735727956e+00
nan	-4.036325905317633911e+00	-1.509582553183704601e+00	6.966819624579396741e-01	8.610505772487615506e-01
nan	1.562722541686794031e-01	-5.614994951351429009e+00	-5.998787118473783986e-01	-1.880266336185835163e+00
nan	-2.549716828005112568e+00	-1.794772117851806681e-01	-8.230284788958276421e-01	7.286263163728174952e-01
nan	3.000229393609259998e-01	-2.005108177505387612e+00	1.931782982000105620e-01	-3.163683846501503250e-01
nan	-2.323920225175108545e+00	-1.234327478190365035e+00	-2.180906206233118816e+00	9.055197372818507562e-01
nan	5.171290835198991687e-01	-3.074786361960000214e+00	-8.023102727766106002e-01	-1.518507515906947214e+00
nan	-1.138055845439019276e+00	9.349934818789358282e-01	7.801639216287706846e-01	-3.141819182581986891e-01
nan	6.229007791620106982e-01	-1.945202539059411428e+00	3.329385155120350714e-01	-8.056174560478390756e-02
nan	1.493510404451217910e-01	1.676999440583860190e+00	-8.532161190686496921e-01	-1.401774407482782703e+00
nan	-9.724095579893408114e-01	7.598471069267890288e-01	-2.725259024289822474e+00	4.036686885535576419e-01
nan	-3.729731661329765968e-02	-6.555596778627872379e-01	2.882798723154072484e-01	-5.751912398359960710e-01
nan	1.754183808832616265e+00	1.865113858004915359e-01	1.337365140166188737e-01	-4.681897675064784770e-02
nan	-8.985959781909387267e-01	2.898621625391315959e+00	2.335931589937950345e-02	8.822034492811934303e-01
nan	6.921919369188150872e-01	-8.020216150500288910e-01	1.642256141401664260e-01	1.500416658491817490e+00
nan	8.996903115132740547e-01	1.779727477583955775e+00	5.096694052909882533e-01	1.140254676706788928e+00
nan	1.474553985338567408e+00	1.282441027952104351e+00	5.013745160531377643e-01	1.115062152899900516e-01
nan	-3.739165526279059071e-02	2.088990406838909575e+00	-1.418433750258193182e+00	-1.657215875158592810e+00
nan	-2.319873068627853474e+00	6.593093217307832710e-01	-5.351476071572032200e-01	-7.816767757564110908e-02
nan	-4.712330663853511181e-01	-2.122686810899852450e+00	3.663414664710201718e-01	-8.979201995058121444e-01
nan	-2.092310479311318527e+00	-8.258208626316325685e-01	1.695238520280998862e-01	-2.762002741122261962e-01
nan	2.323261607478773194e-01	-2.119143109694555438e+00	4.315668933624089432e-01	2.811418782901646818e-01
nan	1.119336906797863129e+00	3.509059649115455759e-01	-9.902509111138853015e-01	-1.530923453799939216e+00
nan	-2.044447532241052023e+00	1.905455418287662628e+00	7.719521360843584201e-01	-1.081697157361884154e-01
nan	-2.215981695571692889e+00	-1.629323832857701326e+00	4.581051888978260878e-01	-8.721424645569222367e-01
nan	-1.280330288033261876e+00	-1.196314346692141983e+00	4.118162353143429710e-01	-4.100537245937748154e-01
nan	-9.239703199268916034e-01	1.639825198153059826e-01	7.608927281508990337e-01	4.079074062452060501e-01
nan	4.853265702167053885e-01	-3.001742673893720292e-01	-5.399189900243113183e-01	2.094678334542078579e-01
nan	4.776747723488464215e-02	1.455672823067282184e-01	-1.016024876562598100e+00	1.316028142713716154e+00
nan	1.707858801414267491e+00	-1.147692376496076250e+00	-3.216193845275450713e-01	9.432394769032969029e-01
nan	1.734807884296577729e+00	1.564305088087087237e+00	1.517981560083419224e+00	7.311092559874220187e-02
nan	-1.574528946595333823e-01	2.780811962090966816e+00	5.716435446144590982e-01	-1.418472212817386072e-02
nan	-4.705467006450898548e-01	-1.932433385977745388e+00	-5.104447208400459957e-01	-1.344450114136154673e+00
nan	-1.212377025456686575e+00	8.551233668873454707e-01	6.431983142234670714e-01	-1.079303704546585641e+00
nan	-9.093662745236819056e-01	-1.341813648617314225e+00	-6.411711983269507975e-01	1.118605871299810595e+00
nan	1.573227164049339599e+00	-2.745245453071440966e-01	1.429471945126751908e+00	-5.813785325693840988e-01
nan	-9.147557141644658829e-01	1.795970823489763779e+00	-1.042054815468703488e+00	-7.808629028924123361e-01
nan	-3.050288640160769837e+00	-7.546975478804339721e-01	9.232934083981769735e-01	1.565550147253664537e-01
nan	4.008316633366588722e-01	-3.473662974279731586e+00	5.648481243813471483e-03	-5.622302465945361316e-02
nan	-1.617896590341835417e+00	-7.978910921137920553e-01	1.231659929019408350e+00	3.419086362501503329e-01
nan	3.131795430482830489e-01	-2.354285524779379912e+00	7.036355162779219796e-01	-4.590355607271676130e-01
nan	-5.446711668738624113e-02	-7.104489382557082067e-01	7.895021143294354005e-01	-6.388038702288096893e-01
nan	-7.136252799672082592e-01	-2.071957568310835440e-01	-8.051325487737004405e-01	-1.654923120320901608e+00
nan	-2.072085895933508670e+00	-5.780291207941721243e-01	-7.582760151127071468e-01	-8.733698952321460318e-01
nan	-5.205005912530671353e-01	-4.057822883391842161e+00	-1.800630736134412602e-01	-3.196733387975114193e-01
nan	-1.317865888293908716e+00	1.304438833801817132e+00	-1.173476895260882724e+00	2.725310793673760834e-01
nan	-1.209534101615744595e+00	-1.523100742183697065e+00	-6.499003376276597521e-01	-2.766983703884668966e-01
nan	-5.923053465815458773e-01	-1.301375332216259340e+00	1.243437418129711647e+00	3.955271999924533377e-01
nan	5.964011420193283675e-01	-1.213899668209904803e+00	-2.261929645932947430e-01	-1.054981488961746816e+00
nan	-2.761987372061253110e-01	-5.828778780663365078e-01	-2.707645401203262470e-01	3.716235557267253409e-01
nan	7.200407705593423469e-01	-1.729937141667307277e+00	-1.277456624065648638e+00	-1.108143812288392649e+00
nan	-9.673183507032269146e-01	2.346550167107442908e-01	3.473131182739063738e-01	-8.583088455884341217e-01
nan	-1.029569560355826141e+00	-2.223413047076791216e+00	4.219430753734026429e-01	7.669049513092393022e-01
nan	7.603816095234826600e-01	5.680288291932718003e-01	8.900017692888162468e-01	-6.822819642874730084e-01
nan	-7.597849372655830491e-01	1.901982124157614251e+00	1.330699182092557331e-01	-8.397590525120720573e-01
nan	-1.328631077545272543e+00	-1.916800874619237760e+00	-1.418096152170278623e+00	-9.977789214236205684e-01
nan	-1.323577996238767263e+00	-1.529080604662635956e+00	-8.350536132018497870e-01	1.389509152204647435e+00
nan	9.668224644219698405e-01	-2.239142512269318264e+00	-1.657270232806166810e+00	7.786576647961200859e-01
nan	1.154019883220478437e+00	7.576010373189365765e-01	-1.577300529160661435e+00	1.233321785286072503e+00
nan	8.620384639184892617e-01	-2.418635714841277373e-01	1.918336662117075819e-01	1.013159576600833223e+00
nan	2.435261346585785081e+00	1.565242481788269746e+00	4.794333347716288607e-01	-8.796919346339082679e-01
nan	-6.729396732728953889e-02	3.721969838121775176e+00	-1.944224331039303699e-01	-8.711572742232410738e-01
nan	-1.330961920329080561e+00	-9.062245210004739038e-01	-1.541011258566808539e+00	6.401482643079577928e-01
nan	-2.571380363787296730e-01	-1.276116648908138806e-01	-9.606156059164960848e-01	-1.029540826595102265e+00
nan	-1.410889313084476848e+00	-2.155789676300537971e-01	2.703592635752775086e-01	-2.920778101284516870e-01
nan	-5.353411792480253784e-01	-1.873086599774259176e+00	-3.655279988980345007e-01	-4.266987560168874483e-01
nan	-1.400662478540947831e+00	2.241174959817260337e-01	1.202725038919899125e+00	-2.203260847402106926e+00
nan	-1.276714248833690668e+00	-1.681257555442175589e+00	-2.213812326025958732e-01	1.115465363690549966e-01
nan	4.837760383722249369e-01	-6.159208395883389864e-01	1.889438837883032019e+00	-1.887220553336021789e+00
nan	-1.714861840593300268e+00	5.913590607815060185e-01	9.097448536312127132e-01	-8.039993233175346532e-01
nan	-4.929790806771645051e-01	-1.994140935184058216e+00	9.247143989975824541e-01	9.642144405490481462e-01
nan	1.060858511205208021e+00	-2.905008248422656258e+00	-1.867728974432999178e-01	-4.979209204020164092e-01
nan	-5.760082963138318801e-01	2.588706332774803442e+00	5.169851591860429307e-01	-2.675130440489787986e-01
nan	-9.315176273436484022e-01	-3.429586095414670632e-01	-1.214578732424388630e+00	4.788343329835667017e-01
nan	1.533878291925171222e+00	1.316004176965841044e+00	-4.052449968164165695e-01	1.196456461402350735e+00
nan	6.507790299397685496e-01	1.048210981451375146e+00	-2.803996806804277542e-01	5.988411022554092078e-01
nan	8.240966728404590658e-01	1.990541469983510670e+00	-7.411427749797885323e-01	-1.331174748064199997e+00
nan	5.388641759683068244e-01	8.968183063509114206e-01	-1.186051143399062813e+00	-1.326124735299019308e+00
nan	-1.067375060264638353e+00	8.025945972615571300e-01	5.000398298850318168e-01	7.657919473063401483e-01
nan	1.558656094565245898e+00	-6.433120417340822961e-01	1.771702047947108505e-01	1.903234552018945758e+00
nan	2.449459153198805694e+00	1.026736727474129030e+00	-8.754115848384043108e-01	1.115994801323560992e+00
nan	-1.356045924595040475e+00	1.965528285421201282e+00	6.130695316317491539e-01	-3.248784789454057353e+00
nan	-5.139641863704875746e+00	-1.244225271965992974e+00	-4.564316607106335688e-01	-1.097646315321568977e+00
nan	-6.703753224662178933e-01	-3.942237405275003326e+00	-1.020674660528490874e+00	-5.487719091485898648e-01
nan	-2.928021329540209106e-02	-6.561424817070127258e-02	-6.824985391061606510e-01	1.142247278830699431e+00
nan	2.125931636081428877e+00	1.908995938409507875e+00	1.664616546642868622e+00	-7.763752401468138747e-03
nan	-1.279593783865540235e+00	2.289556552819334456e+00	1.718161185024259963e+00	-3.186197914490968008e-01
nan	-8.705374719988516752e-01	-1.549242097142957242e+00	8.025704658645855805e-01	-1.673526044418345959e+00
nan	-1.073080008889888193e+00	2.350712609041063494e-01	1.980373189342502643e-02	8.104458986168298074e-01
nan	-4.336804172824267889e-01	2.036966889204583353e-02	6.493275787927633991e-02	-1.122953390110696392e-01
nan	1.504904106062426417e+00	-8.561665164273055684e-01	8.406062140111776326e-01	2.868602669125563387e-01
nan	1.963192595003476759e-02	2.117142996852448000e+00	1.008402444857778413e+00	9.594777951304014341e-01
nan	3.192953585832584373e+00	6.408129085145297665e-01	-3.825204145980029002e-01	-1.916452959614213691e+00
nan	-7.390652221274309763e-01	4.280587252949770161e+00	-7.596576418680327514e-01	1.223536687095106573e-01
nan	-1.663345373331455157e+00	2.003944905636660945e-01	1.432992766789237815e-01	-1.883394735595775582e-01
nan	9.923426842681712934e-01	-1.580741804520408689e+00	8.354955256180183198e-01	-1.042247847591893484e+00
nan	-3.276512382392420264e+00	2.054918649336743286e+00	9.414452002354521676e-02	-1.451819253039413893e-01
nan	-1.957101786291874479e+00	-5.107862618698367996e+00	-7.444845985396753019e-01	5.078108519299052714e-01
nan	1.776217478693521978e-01	9.438844918753996893e-01	6.647452836985069391e-01	-3.780335639862479891e-01
nan	6.263734048954918698e-01	2.156819063809463088e-01	-5.482970189151420426e-01	5.663075420423763218e-01
nan	7.425738963417943816e-02	1.600462816212341988e+00	5.900159753221664305e-01	-2.224346675654836555e-02
nan	1.723843289115237987e+00	4.841150039632106106e-01	-9.374707490491342998e-01	-1.575016502751408032e+00
nan	-1.234184791557604743e+00	2.051494464435625886e+00	8.593372618484369507e-01	-3.704331319210547591e+00
nan	-3.934207273196766774e+00	-7.864931741908185447e-01	-5.636133156988452075e-01	-7.444080895341542714e-01
nan	-1.889730041939911453e+00	-3.555906761526169912e+00	7.546215173892956152e-01	6.330224986919426033e-01
nan	-2.951988784515467978e-01	-2.157530729386718971e+00	-2.228978059504290510e+00	-6.457026687422261491e-01
nan	-3.149271012592255170e-01	-1.537334411716836158e+00	-3.114244108531201774e-03	5.512232249084636493e-01
nan	-5.050406063001746659e-01	7.921201535250143033e-01	-4.553743487306509685e-01	1.105653187896338679e-01
nan	6.049761081363896897e-01	4.233482812946864904e-02	1.609173793309746081e+00	8.537125945283260409e-01
nan	2.182528985679635269e+00	7.144024430772384360e-01	1.399661361288742301e+00	-5.733881499275358395e-01
nan	-1.967283944601936785e+00	2.962624554983985803e+00	7.460027189604869768e-01	-2.131255123851403255e-01
nan	9.418605608732941725e-01	-2.391473437204298502e+00	-9.351548383412996435e-01	-4.147479731581636964e-01
nan	-6.108417954918602399e-01	6.469367870105495744e-01	-8.588878589267949504e-02	-9.319100294128005446e-01
nan	-2.497287963514852382e+00	-1.427899840025026457e+00	5.732769053889607003e-01	1.259176268655488151e+00
nan	1.195278319813287249e+00	-3.956414015495174130e+00	3.087287889861646262e-01	3.017767338113155895e-01
nan	1.532825202768389961e+00	7.792491189899736215e-01	-2.336219889698895325e-01	6.254962971616263856e-02
nan	2.049699835325977659e-01	1.277040041534695636e+00	-2.125012904935690727e+00	5.296302716776972730e-01
nan	-3.368761575694810828e-01	1.040196764429324627e+00	1.452547782957663181e+00	1.269581063495041517e+00
nan	-5.836791538590215822e-01	-3.132632244795680032e-01	3.327641490640546040e-01	9.208884941935558954e-01
nan	5.629507085308029790e-01	-7.483463475439348089e-01	1.236743367176409647e+00	-5.092339310151652310e-01
nan	-1.362462959392906958e+00	-2.317634539654628290e-01	-3.533621210486515007e-01	-1.678355574660569838e+00
nan	-1.969740892746939309e+00	-2.343611382224333184e-01	-1.362008399151352522e+00	1.349912381927351523e+00
nan	1.771475344551661557e+00	-7.923807781549088158e-01	-2.458629324066337329e-01	-5.079686204250092318e-01
nan	1.233995460519188292e-01	1.797474598021147285e+00	-2.017929318342618628e-01	1.650898699872725695e-01
nan	1.033209514946847041e-01	-2.574599841910818476e-01	-4.348015454862412810e-01	-8.628692188735497259e-01
nan	-1.252229683535825089e+00	1.044789018919531243e+00	2.695721262772475812e-01	-1.064116509932780286e+00
nan	-2.948411600581717806e+00	-7.604577922117475852e-01	-9.777221719549151757e-01	1.182103309086799614e+00
nan	8.004152601843356196e-01	-3.018456366323909457e+00	-6.253343079276578731e-01	6.481104939626849415e-01
nan	-4.406020979795852721e-01	-6.530841133334860382e-01	7.620241723092829877e-01	-8.724984282201854180e-01
nan	-1.719977152071910043e+00	-5.282739860710511381e-01	-4.129680214288370399e-01	2.515154534354221427e-01
nan	-1.053373828979705440e+00	-3.549324760928923794e+00	-8.464653711314917839e-01	-1.501158948183361597e+00
nan	-2.431678713598088848e+00	-2.418945497188606630e+00	-2.690638467818913249e-01	-8.021970373791253994e-01
nan	-2.613324163542634970e+00	-1.074603414204913232e+00	-2.655947229428371470e-01	7.001893978125167152e-03
nan	-5.510686079885637190e-01	-3.282474313890199724e+00	5.876588637487744488e-02	-1.180558133834530565e+00
nan	-6.044518922945159023e-01	-4.144936006430673947e-01	-1.758797690174312311e+00	-3.532740359874240732e-01
nan	3.833085094208389942e-01	1.940927918293186449e+00	-2.913782956623706788e+00	1.833213672029744057e+00
nan	2.369223420579463557e+00	3.565852925873764789e-01	8.490000775680277556e-01	-2.807044009263623408e-01
nan	-2.199810191295809236e+00	4.752251407215977608e+00	-1.531028763013640326e+00	9.273359923412091699e-02
nan	7.246227918552785585e-01	-2.674153282516933849e+00	1.605127165171034376e+00	-8.267624026336564125e-01
nan	-1.989305460585251817e+00	8.812261510648121687e-01	-9.281637493194633270e-01	-3.220327981423026786e-01
nan	-4.045182482102298582e-01	-2.987036195311098652e+00	2.783245392752281000e-01	-6.129735761579452324e-01
nan	-2.018616054676692695e+00	1.708233570436959559e+00	-1.244828750485275970e+00	1.570661670927440134e+00
nan	2.671667500132857143e+00	-4.122330691878403286e+00	4.129208334687247683e-01	-8.516686573829815865e-01
nan	-6.169216258296423838e-01	2.449660427032573473e+00	1.142282295427335725e+00	6.312874243069717117e-01
nan	1.252260359419666846e+00	-3.129777350894846766e+00	8.487730607572652186e-01	1.391528869892689979e+00
nan	6.620527785966358048e-01	1.415160827502985885e+00	7.019905275610172080e-01	-1.826563506646114166e-01
nan	1.755546028469955555e+00	6.015312053159430628e-01	-1.427975740015516637e+00	-3.957070362753642434e-01
nan	-7.371510140169732495e-01	4.029573715359697772e+00	5.858296333754431373e-01	-1.468400230781883531e+00
nan	-3.348771685476634730e+00	-9.989449529543783513e-01	1.380759360339243402e+00	9.419092658085852499e-01
nan	1.289269103172506536e+00	-3.973586743346947170e+00	3.922567634412935794e-02	1.497716575878853540e+00
nan	1.360480739603135758e+00	1.753187989707334582e+00	-2.128394451932008380e+00	7.141661788819256840e-01
nan	-1.868736372959477476e-01	1.884953026035512513e+00	-4.417596183241063179e-01	-6.624029504522781497e-01
nan	-2.555163305983430444e+00	-5.784760887703912502e-01	-4.285659128615841862e-01	-1.689702070423317659e+00
nan	-8.187904454721056657e-01	-1.240878191203792502e+00	-5.554499322121707605e-01	1.568700348219519702e-01
nan	7.735565011049481132e-01	4.197079234703550155e-01	6.051478003011085960e-01	-6.154307369561399232e-01
nan	7.753991648841890294e-01	2.236942701568824354e+00	-4.829317987853128380e-01	-1.569933144812060144e-01
nan	6.839990546378017511e-01	5.050955638003957748e-01	7.596469641307068699e-01	2.600069283268499287e+00
nan	6.289608264449291219e-01	-2.728577950857465906e-01	-7.021491682841615178e-01	5.065566317210631331e-01
nan	4.376176605237243056e-01	1.284327839521389070e+00	-7.847688104354819671e-01	1.938049472260244377e+00
nan	3.448085461471058544e+00	-7.182113592764152177e-01	6.411081659908814956e-01	-6.544188758136796347e-01
nan	1.016486144490645671e+00	4.003095363042212362e+00	-2.854950457554601417e-01	2.137371792839023676e+00
nan	5.131896772097608306e-01	8.745534857814107887e-01	1.344012858283017975e+00	-1.074172241682169071e+00
nan	-2.763572154172409423e+00	1.250907838335797440e+00	1.325186035658383610e-01	-1.919987362107361539e+00
nan	-3.344137021708640134e+00	-4.016896325698726677e+00	1.905379475784770404e+00	-3.796945503514249087e-01
nan	-2.260729637697116434e+00	-2.521485270580739790e+00	-5.984140870885819030e-01	1.405513214316592041e+00
nan	-5.944871334933745644e-01	-1.771329190307679546e+00	1.283075859640349092e-01	-7.365627092097650763e-01
nan	-1.829880448568966811e+00	-1.451777194064249876e+00	1.938139648611848953e+00	-1.030443608489420626e+00
nan	-1.348109250298382245e+00	-3.092590997858857715e+00	-2.050997137547306615e+00	-2.149863375402030763e-01
nan	-1.636849223511414264e+00	-1.731369226198405942e+00	-1.438237658392952589e+00	1.475335140435804604e+00
nan	1.896212026887851732e+00	-3.955735745117137103e-01	1.191937892206477612e+00	2.228932854977616271e-02
nan	-1.729940265371249009e+00	2.427337198444477373e+00	-4.792260269172619880e-02	8.721702657833589889e-01
nan	1.554296671344701508e+00	-1.097813585304991069e+00	2.078918254326329595e+00	-1.219616536827581976e+00
nan	-1.475650242253005784e+00	1.651490303100917156e+00	2.425988252544596102e-01	-1.186158225287498702e+00
nan	-1.635545647233766386e+00	-3.262734165638315087e+00	1.216869163422540090e-01	-4.486936593742993362e-01
nan	3.845432562457798409e-01	-1.750223837486069245e+00	1.373642477239865045e-01	1.280140894817797470e+00
nan	8.072139936023381424e-01	-1.848319884047864514e+00	3.007000858609059080e-01	2.417291951091128932e-01
nan	1.871815296854422161e+00	2.563492491241581295e-01	8.433619639919365252e-01	-2.800795788140640341e-01
nan	6.110611258019276182e-01	2.303850820511407438e+00	-8.710048908737247908e-01	6.144530731512346522e-01
nan	1.377644609373082751e+00	-8.358009428002886043e-01	1.405686367276598903e+00	-5.229902743944724319e-01
nan	3.520078296082307379e-01	2.874072095679556682e+00	5.395861429940129739e-01	-3.373781785076388484e-01
nan	-1.919009506247227659e+00	8.389374468265942131e-02	1.676631553542281106e+00	1.921042801770299346e-01
nan	7.930810710307141242e-01	-1.214176456372897617e+00	-3.134863060879185537e-01	6.102747874480567436e-01
nan	1.948734713085613635e+00	1.792384455014979672e+00	-1.525189920098099616e+00	-9.297855694946722399e-03
nan	-4.689021054793898191e-01	1.924626552689591596e+00	1.922801550110636137e+00	-1.197087532802036669e-02
nan	-1.429469699699975616e+00	-1.659475641026900261e+00	6.585700016742698226e-01	-1.124078244030568330e+00
nan	-2.301310292737945851e-01	-9.992796442840401472e-01	-2.229876822543097603e+00	1.264435758974373103e+00
nan	1.300184668103308017e-01	-3.542336110417532158e-01	6.778311779147133675e-01	-5.078250637242290866e-01
nan	1.816668773847815999e+00	-9.185249965598556443e-01	-1.221089970866830354e+00	1.884528832007309473e+00
nan	2.760223416036212463e+00	1.209726162690711870e+00	2.831688225297350758e-01	-8.806609062863800519e-01
nan	-1.262833994899958734e+00	2.044286462872540344e+00	2.802213629094527647e-01	1.935122142723086247e+00
nan	1.577186325453169502e+00	-2.651233008737875707e+00	-9.995717847793618160e-01	-1.545043148259244714e-01
nan	9.706860083828849906e-01	2.176685458096399017e+00	-2.791020409943338887e+00	4.310757302248373612e-01
nan	5.411423746022656633e-01	-1.624877396306019239e-01	7.320668869026083492e-01	8.199064252716633527e-01
nan	1.894830189924955111e+00	1.858797716948797030e+00	-1.650387906909422719e+00	-2.819415908142149374e-01
nan	-4.107878359960925874e-01	5.437930492601197319e-01	1.291765270251203912e+00	1.348109121292087487e+00
nan	2.571283600068637210e+00	-1.878630417045801804e-01	-4.755361488581724139e-01	-6.159932683436950551e-01
nan	-4.009024687565577727e-01	3.162774695437792882e+00	1.617293639836209884e+00	2.043139394120268904e+00
nan	3.324615031232703188e+00	1.452475637117581764e-01	-1.282393090025350180e+00	-1.177773178231497520e+00
nan	-2.243272820783206445e+00	2.535669311553492733e+00	1.486693254793985064e+00	-5.771685030981503484e-02
nan	5.029528656805989928e-02	-3.553245486733707992e+00	3.252215496589868637e-01	-5.901997118915517371e-01
nan	-5.577818357244517244e-01	-5.263482339352211214e-01	2.048157941150555439e-01	-2.370594906728892837e-01
nan	-8.841930516729330503e-01	4.337526064495988987e-02	-2.797069923398515928e-02	3.981352074935601837e-01
nan	7.390240072027812746e-01	-3.514015589759433844e-01	7.072633486544049886e-01	-6.336689514631353992e-01
nan	-1.520019346013003592e+00	-5.692499075282343446e-01	9.111561826829994715e-01	2.199081322268532993e-02
nan	3.891072555329078142e-01	-1.824138308724302826e+00	4.822879421291800112e-02	-6.416115303791714020e-01
nan	4.298505674219632589e-02	-3.931409377808199324e-01	9.154652537804152113e-01	5.714956282941494603e-01
nan	-7.315687582415022483e-01	7.765507093416897932e-01	2.331876711921973266e-01	1.030840004782305863e+00
nan	1.075242528624726246e+00	-4.646528841280754829e-01	8.414918713627760338e-01	1.867784851429033166e+00
nan	-4.999708623082994574e-01	1.996610572361451563e+00	-9.314060520748123073e-01	-4.450808777362567636e-01
nan	-2.437589707829982966e-01	-5.939700636833660230e-01	2.150921948634427316e+00	-1.398487111285003472e-03
nan	5.416611694519477549e-01	8.160537810178298823e-01	-2.267965551012401271e+00	-5.032410541492455813e-01
nan	3.595305375443176299e-01	2.154026711444022579e-01	-5.804725528251917233e-01	1.446585308559602767e+00
nan	2.344551990648191975e+00	2.994310810528842959e-01	-1.270133733744901239e+00	1.473188654569790534e+00
nan	2.766274379581543652e+00	4.171609482985065398e+00	-1.121495540860325768e+00	9.586091587382205015e-01
nan	4.703443389422282128e-01	1.819531566915168375e+00	7.007214028751035384e-01	-8.801125402984000257e-01
nan	-1.734982374536993666e+00	2.350079568322628099e+00	-1.866676921136902756e-01	6.524708536235167555e-01
nan	1.093475124804454968e-02	-1.640318610469287952e+00	4.443588120232331296e-01	1.279722907478302307e+00
nan	6.555236870054860221e-01	-7.988048462596341048e-01	1.251352020408315502e+00	-1.084052141459205920e+00
nan	-1.808675017315737765e+00	-5.736714107206671853e-01	6.602855790074706466e-01	1.437413209422479521e-01
nan	-8.553473548857561948e-01	-4.595807883602713861e-01	1.040802797936252411e+00	-1.127267767225880624e+00
nan	-1.878855912282323182e+00	-1.114780265788179348e+00	1.107822042061711532e+00	-9.452504751385107928e-01
nan	-2.368479873917219702e+00	-3.043071571868223302e+00	-1.795765654696327429e-01	-5.884747246025515688e-01
nan	-1.556786823066975245e+00	-1.445388636390369630e+00	7.094001246504468838e-01	-3.094922801166758441e-01
nan	-8.953795431101777558e-01	-5.977744456211546709e-01	-5.386246904955140913e-01	-5.711946668575411667e-01
nan	-2.368065389339486515e+00	-4.491863776107844486e-01	5.634886663590515932e-01	-2.522137040807400088e-01
nan	2.317247634626274366e-01	-2.150685105237375438e+00	3.303467095451715796e+00	-3.308833402296568749e-01
nan	-2.563856126684892267e+00	-1.019597406121393934e+00	8.101395390978549660e-01	1.893398095799772918e+00
nan	1.833698753242475776e+00	-4.202643624329693850e-01	8.366400964867122259e-01	-1.398023809188765343e+00
nan	-2.934410513544355670e+00	1.571090318664473573e+00	1.063270303092695712e-01	2.589040717467583796e+00
nan	2.965233621597964220e+00	-1.740487359287425928e+00	-6.699962610683325437e-01	2.355736302174055441e-01
nan	1.533135500995204792e+00	2.409853469431560313e+00	7.766022143046248383e-01	1.683898554289020355e+00
nan	9.979281623341051954e-03	2.861092890615474893e+00	1.637065348128168063e+00	-6.376803227004529395e-01
nan	9.615088310023390816e-01	1.437600738487399554e-01	5.225167457659383174e-01	-5.410257041127483069e-01
nan	2.607672929594402333e-01	-1.096436363318687768e+00	8.999988500805721214e-01	-1.185554369752181092e+00
nan	-4.926730468473873303e-01	-6.428012230420110384e-03	-1.765687753453368813e-01	6.690837651349025583e-02
nan	8.904301887180922082e-01	1.695777038319628449e+00	7.208319717193786280e-01	3.614931585409687509e-01
nan	9.334959260029684902e-02	2.641610864030778494e+00	8.692679429742690145e-01	-6.021186247025255289e-01
nan	4.791344331531305345e-01	9.088319631703977164e-01	-3.033526612471032724e+00	4.913115532296941784e-02
nan	1.012602200300635191e-01	1.087024838126662063e+00	4.643236194144657047e-01	-5.369712478272022915e-01
nan	-1.341053900245503083e+00	6.856802825513533262e-02	-4.493406680299422695e-01	1.716569572667756116e+00
nan	1.636238430443959890e+00	-6.855938166303328085e-01	-2.734194026180518378e-02	1.413923112861258824e+00
nan	2.756550195594022590e+00	2.276832439038978251e+00	1.001107499864646089e+00	-1.084364485508685139e+00
nan	-6.020985421843132457e-01	4.699834294682640135e+00	1.270086615020344922e+00	-1.493902792284790948e+00
nan	-2.929077335109652847e+00	-6.324305426655825180e-01	-1.490833343127696775e+00	7.771222872895583444e-01
nan	1.661920551791967737e-01	-1.589833751675128193e+00	-1.450177059107374614e-02	1.174753462289426453e+00
nan	4.443994502319216222e-01	-3.278683178571598078e-01	8.642916580394041093e-01	8.695423021316489587e-02
nan	-5.594204652072947148e-01	1.343267820127975742e+00	-7.307397448831993714e-01	-1.111979863836036753e+00
nan	1.563397466317226758e-01	-4.016811979684733469e-01	-2.821227568357922294e-02	-6.801971178598490431e-01
nan	-1.239984284704000572e+00	2.047098316695985520e+00	1.940950757699874574e+00	-5.588468679548280055e-02
nan	-1.051156305701914873e+00	-1.336859622106029599e+00	-8.013804827578464851e-02	4.086576450901829860e-01
nan	-4.986107781017550256e-01	-1.617697989474163434e+00	-1.062050063936934130e+00	1.730764386462607884e+00
nan	1.999478214998274606e+00	2.506787266163735595e+00	1.815638375619123446e+00	7.777237152915683627e-01
nan	1.540173409038986030e+00	2.334410354445526359e+00	-5.231127889933376851e-01	2.013362357957133864e-01
nan	7.096517885517150681e-01	3.409618159370662038e+00	-1.179310630669327398e-01	7.321651490563074738e-01
nan	1.020821673192062740e-01	-1.190552796622228460e-01	1.470709510255841179e+00	8.117206090681247099e-01
nan	1.057812722685824269e+00	-9.867313409050264550e-01	-1.098363951114822434e+00	5.634078448783037540e-01
nan	1.356130807984428532e+00	1.984001186266843630e+00	-1.803583220418735270e-02	1.517589409938274514e+00
nan	1.499328805257666541e+00	6.555258200315797756e-01	1.432219264307722784e-01	1.243780916048599083e+00
nan	9.695015074582571390e-01	7.497456850129741168e-01	-1.408727772484213769e+00	-2.058494076883463642e-01
nan	-1.906859276098071543e-01	1.347351363026714210e+00	-1.208669777254516076e+00	9.786625222952975989e-01
nan	2.959887858694688845e+00	-2.061139347745694739e+00	-8.403256440062125202e-03	-7.484134237939301659e-01
nan	-9.016027536191151270e-01	2.984669344101457344e+00	-1.773902164141850923e-01	1.570738876974871356e+00
nan	-5.378888561015027214e-01	-2.051958471316042143e+00	5.393561514374897170e-01	-9.261596617833893763e-01
nan	-1.572235086235953094e+00	1.912549458784981837e+00	1.315513371134215070e+00	9.407885540198328567e-01
nan	1.098676684614415811e-01	-1.797396798729173906e+00	2.204783930845244821e+00	1.703545708288932925e+00
nan	1.634470875284232960e-01	7.292993739510147400e-01	-8.095926131302162432e-01	-1.477210462714427575e+00
nan	-1.609851345146229296e-01	6.416116507762716914e-01	1.494981185269780299e+00	1.709577785288741270e+00
nan	1.420275396791881528e+00	-9.300982373365224154e-01	-1.485650156991586701e-01	-4.408613371776773371e-01
nan	-7.513315871457899586e-01	-4.115904251953257376e-01	2.747423438622540903e+00	-1.170336611989821751e+00
nan	-2.282115654154162065e+00	-1.478536549199415351e+00	-1.698538875760602584e+00	-2.585800196989264665e-01
nan	-2.085197289294693501e+00	-3.115316476693067660e+00	2.140994721920651322e+00	-6.311837160007035541e-01
nan	-1.213712876578128652e+00	-1.021090578296873330e+00	-1.934537007623657434e+00	8.263875632525752302e-01
nan	2.110101186739558266e+00	-1.686114805081301737e+00	8.760279765285237108e-01	-7.054098662439761691e-01
nan	-2.117877571252527069e+00	2.020324919051095236e+00	4.413617904657420044e-02	7.051847430201564348e-01
nan	1.775609364900755605e+00	-3.889560167571862959e+00	2.302251771912390055e+00	-2.771252823009492938e-01
nan	-1.540440913046172255e+00	1.291769094732959644e+00	2.092814400879175474e-01	8.774471671214699453e-02
nan	-6.735794293785892783e-01	-3.106443512151427111e+00	-1.193832503824044267e+00	1.989617468979381965e+00
nan	2.088603385695874337e+00	-6.191741390216953800e-02	-5.249354324342377087e-02	-9.892543930865717039e-01
nan	-4.155773576292487448e-02	2.327182880118114472e+00	5.072872012670435193e-01	7.558885431879209804e-01
nan	1.800344786662438468e+00	-2.418263677245615917e-01	-1.171733981386807288e+00	1.213153924477681889e+00
nan	2.529442518374208859e+00	9.334637467506574637e-01	-3.235206299675685404e+00	4.389594715161139749e-01
nan	-1.267008547323726919e+00	2.221204508925385568e+00	5.496015857027569673e-01	1.875828520233583374e+00
nan	1.629679570757700091e+00	-8.155952773080294982e-01	-1.249276849721342453e+00	7.825426070656789079e-01
nan	2.828525474619575375e-01	2.327790031007039850e+00	-7.792385792658589327e-01	-1.198217655252180602e+00
nan	-2.336713077194482402e+00	6.986084241571919318e-01	-1.953402454997415605e+00	3.538737232884920925e-01
nan	2.505850609073922541e+00	-2.091285794065619985e+00	7.732329307813465835e-01	-5.917453309504505654e-01
nan	1.260449226169072068e+00	2.535253896431265641e+00	2.078737603558870883e-01	-4.078591184454861129e-01
nan	-2.458365296209148454e-01	1.438001596013767092e+00	1.215061539310587246e+00	2.432875592289424738e+00
nan	3.601682056214331240e+00	-1.147903252987214184e+00	-1.157204652724728833e+00	-4.304784297642159641e-01
nan	-2.439686384376587858e-01	3.831988025841722934e+00	-1.124462375271169517e-01	-5.062926984475999564e-03
nan	-3.164401891801276179e-01	3.860088012482904007e-01	9.248373964485316900e-01	-1.580868811685497866e+00
nan	-1.154326082576420998e+00	-6.728493048542468769e-01	2.004387664592816254e+00	1.072224080807841151e+00
nan	2.560646496655715199e-01	-8.669095477091657287e-01	1.042325678496381469e+00	7.116348566712280554e-01
nan	1.114701188492437378e+00	1.163462935469899318e+00	-4.952533774969606478e-02	-1.743647202061371082e-01
nan	1.897166199782948370e-01	2.378147998907204297e+00	-9.091270531802724264e-01	-6.474554394551225167e-01
nan	-1.281491338234939770e+00	7.663386867759268417e-02	-2.136109335958508160e-02	-5.894256452085618048e-02
nan	-2.042998828328123628e-01	4.881314271144858719e-01	9.056683375444974926e-01	-6.418706876445093856e-01
nan	-2.201950630298949108e+00	-1.041891492441154199e+00	-1.052834456505009397e+00	1.006448158860221875e+00
nan	9.422329313603656775e-01	-7.407824454024052319e-01	-4.230583736431444142e-01	9.776552325935312648e-01
nan	3.307580830985703990e+00	-4.853223253345839705e-02	1.955900184761914448e-02	-1.498308543778641699e-01
nan	8.427613505608022582e-01	2.601078273967807331e+00	-5.014446861373407227e-01	-3.871365882565886984e-01
nan	-5.184362708200948022e-01	-9.623569406577883178e-01	1.697161202354423359e+00	1.337632246310843875e+00
nan	1.163117929369099635e+00	-2.467466593824577004e+00	2.030277684634457458e+00	-9.409559276140527784e-02
nan	-1.525009468613190533e+00	1.351145596189834874e+00	-3.235304247657328630e-02	2.152934350172479583e-01
nan	1.582230564286863039e+00	-3.473602876020833730e-01	-6.168840768811793829e-02	-9.617893240943143907e-01
nan	-7.300166396776334166e-01	2.385788480188489213e+00	1.024327548639611507e+00	7.843654516342984939e-01
nan	3.311941857306104908e-01	-1.203278642318335034e-01	-3.989186176648542581e-01	-8.016268163221332843e-01
nan	-2.298975368652749651e+00	-2.486462138969731117e-01	4.799298098152152692e-01	1.257605210699045184e+00
nan	2.276148066236521661e+00	-4.478741685734597411e-01	2.451184686029173887e-01	-3.517133534731951561e-01
nan	2.110460750483410752e+00	2.967847775567451052e+00	-2.158949290319020775e-01	5.898932355500250413e-01
nan	9.684370380732582051e-01	2.385022309262796014e+00	-1.768932915955513940e-01	3.448264989044972362e-01
nan	-3.417152216474437232e-01	6.694505870257787539e-01	8.762661788443939503e-01	-1.572183599623499406e+00
nan	-1.425420577794643595e+00	2.786437096526690471e-01	-2.774900373409433518e-01	3.487421262623280338e-01
nan	-5.834070595989646613e-01	-1.740940199460335069e+00	-9.398987971902535155e-02	6.892259139493273068e-01
nan	1.273368118314405439e+00	-1.421585942708015970e+00	9.826919645511693335e-02	6.431260674788593645e-01
nan	-9.097302054977274288e-02	2.534804222171124000e+00	7.865855769535957664e-01	-7.578398211093732018e-01
nan	-6.714788391455420724e-01	1.211388001760837607e+00	-1.258474947092414364e+00	-8.360694997298265263e-02
nan	7.276545314378493612e-02	-2.175675878726870849e+00	-1.801967508133291540e+00	6.933237785506641826e-01
nan	-1.134199054195081047e+00	-7.824577183327257046e-01	1.412863901116067966e+00	4.998784219867711265e-01
nan	9.922353236868461934e-01	-1.357045496507703453e+00	7.752108726515278825e-01	1.417206424086581595e+00
nan	2.833671892194869812e+00	3.038142671309915777e-01	-6.843895376063258151e-01	1.625134682253291718e+00
nan	1.845590400491972094e+00	1.353139795113321941e+00	1.260978356547315382e+00	2.310409790119460072e-01
nan	1.703360482788564667e+00	1.877991115433915059e+00	1.291771607334725847e+00	-7.239162494025415118e-01
nan	6.815313599241876741e-01	9.364522325156316995e-01	1.360180778618658437e-01	1.439530038690039371e+00
nan	2.422882699828812214e-01	1.058130556452227200e+00	-1.857212659744073013e-02	-1.332882764593367630e+00
nan	2.306286367836916096e-01	1.915204671589108010e-01	-1.306057240871526082e+00	1.055613390435852644e-01
nan	-2.006857151034343811e+00	-4.727776297549912687e-01	-1.352582556474823505e+00	9.228977426107918269e-01
nan	1.128199511135756783e+00	-2.457025634559504734e+00	-1.001994117007428464e+00	5.033295675919130518e-02
nan	8.341845761244868207e-01	1.086931597082327228e+00	4.203324545225969322e-01	6.036697191561626319e-01
nan	-1.333444964212103567e+00	-1.459640209444334147e+00	-8.857182475430974700e-01	-9.934123882358527613e-01
nan	-2.088612303805952308e-01	-1.367573183914248203e+00	-1.329976070191949855e+00	8.492617372933493058e-01
nan	6.579198630369871292e-01	5.473218362768728085e-01	-9.387904214210507359e-01	8.711455139566547379e-01
nan	1.106646851333191073e+00	5.456811786141858578e-01	-6.653668849597618173e-01	-4.024348404546599922e-01
nan	6.514183623505291898e-01	1.987505808214441227e+00	1.723661748353582768e+00	-1.537600924960903725e+00
nan	-6.988904636312098795e-01	1.511626516065636583e+00	5.404279230479289708e-01	1.268443482717995341e+00
nan	2.453331345571484690e+00	-2.328834205298734084e+00	-3.471094683308648121e-02	-4.101889841994034169e-01
nan	8.076867231842396189e-01	3.421514335587228395e+00	-3.032796758507335655e-01	2.789015349398898946e-01
nan	-5.050907802719697415e-01	7.933320770956224788e-01	3.776993852457568024e-01	-1.189270662636332000e-02
nan	4.062246259434197371e-01	-4.669066929640015018e-01	8.472018110654305767e-01	-1.779496667075076921e+00
nan	-2.493559730590663381e+00	1.739657236447127664e+00	2.623757357188542638e+00	-8.877154675230872760e-01
nan	-1.399675096159964660e+00	-1.374503816691527325e+00	-1.073409369481596931e+00	9.249435317410056312e-01
nan	8.207387096507073876e-01	-1.190228544604429395e+00	4.518243209673813987e-01	6.255410445132142394e-01
nan	1.521378964259962885e+00	2.378614940121409838e+00	-4.600272388840749294e-01	-1.154756459400006152e+00
nan	-1.369148307354330907e+00	2.102458640823675395e+00	-7.275717674239662314e-01	8.334991654223655733e-01
nan	-5.378220038139052139e-01	-8.010697009307209404e-01	-6.890217352009561091e-01	-8.959465341768785285e-01
nan	-2.475154286974408091e+00	1.629328618793925987e-01	-4.171778951523746892e-02	-4.189685740302479533e-01
nan	-7.621886252148637464e-01	-2.706912507146851166e+00	6.471790585021132136e-01	-1.640692295365618447e+00
nan	-1.440228531902040698e+00	-2.197949966721706616e+00	-1.958714007768270343e-02	-7.130304919730053870e-01
nan	-2.669218250379748358e+00	-2.643391337770776950e+00	5.532412090642067071e-01	1.815421497462200717e+00
nan	2.354123268654184198e+00	-2.882329057836883202e+00	1.928092320001010052e+00	-1.066392093307767075e+00
nan	-1.256586884080385103e+00	7.884106265836556826e-01	5.982880974283242281e-01	2.985269958616681429e-01
nan	-1.634363450843021592e-01	-2.521145423772428895e+00	-2.853230361907443252e-02	4.427751426868635209e-01
nan	-1.208187248078315568e+00	6.320335283336250276e-01	-9.250400237066594977e-01	-1.365892360102793246e+00
nan	-7.136109517619987352e-01	2.253050237260263433e-01	1.190565088850232156e+00	-6.436275102644374302e-01
nan	-5.175731507976477630e-01	-1.535326369612318498e+00	-1.586405433604044513e+00	-1.259961735556099027e+00
nan	-2.476024415727851924e+00	5.989138926881105718e-01	-9.289548631530816225e-01	1.560273578994777255e+00
nan	7.621029995374946076e-01	-1.013068726880135273e+00	1.846514657544295890e+00	-1.110236177644219557e+00
nan	-1.517037224360061831e+00	8.216371172187139083e-01	-7.587613005831279622e-01	-8.096531582401208516e-01
nan	2.827756896158547750e+00	-1.940150662098959033e+00	-2.454728357018800544e-01	4.352054681864117591e-01
nan	1.400861063559023512e+00	4.619998846301565543e+00	-1.535913499257732573e+00	-2.555780315189172813e-01
nan	1.681505026011914650e-01	2.204787964847306991e+00	-5.423849174578343479e-01	-1.262991804660867690e+00
nan	-1.210411873985170805e+00	-8.786253694717850449e-01	9.625692003793143159e-02	1.301975023347722527e+00
nan	3.135301561898685918e+00	-1.313719385905318227e+00	-2.320292188380479736e-01	3.193067325344694507e-01
nan	1.077236410180980375e+00	3.619716850220941584e+00	-4.036177018657063353e-01	4.688904615025890621e-01
nan	1.134610412382577760e+00	1.108281277096788697e+00	-1.287818946518974328e-01	-4.930357788856302159e-01
nan	-4.540512213043912393e-02	1.778983806599402140e+00	-1.067655591285063377e+00	-5.437056800999755246e-02
nan	6.859346834090310763e-01	-1.155276758114681945e-01	2.044574820734668119e+00	9.645672874068617064e-02
nan	6.005239015162842087e-01	2.269153853292605216e+00	-1.478719542956049293e-01	-6.996248892143663856e-01
nan	-6.376816583571431885e-01	8.385465960752130909e-01	-3.674299536385626230e-01	5.465180960718998282e-01
nan	2.190239325188484631e+00	4.756251648414557831e-01	1.081419959855825841e+00	1.569387051696370827e+00
nan	2.397253302300592637e+00	2.559065158983014676e+00	1.495494076973062469e+00	-1.055390762289045270e+00
nan	-3.207103287890369359e-01	2.788504737344593476e+00	-1.325114279053785094e+00	-2.312084734072064940e+00
nan	-2.587904511474039992e+00	3.851437381803965998e-01	3.898428807532047236e-01	-9.046828743156785091e-01
nan	-1.993198867012230258e+00	-7.325955894943823044e-01	8.237898089215683894e-01	2.014082593836105772e+00
nan	1.635684594870439712e+00	2.186438043834317835e-01	8.719651743091924034e-01	1.700257226619580120e+00
nan	2.476799298543921779e+00	2.952663829911690740e+00	7.818750985714574275e-01	-3.732489078527339021e-01
nan	3.632789277686985230e-01	2.587778271359383542e+00	9.034784953944885455e-01	-5.313372666916121867e-01
nan	-2.060209196421657563e+00	-4.814981243189403459e-01	1.469832865303446923e+00	1.725299778104671278e+00
nan	3.437313029777162576e-01	-2.161032812390521585e+00	2.065271417911837659e+00	-9.375926652269450656e-01
nan	-2.694864392664186425e+00	7.829017729508042089e-02	5.697243588849001394e-01	2.736025091363982309e+00
nan	1.838981016457999385e+00	-1.074892054535884656e+00	-8.238502812135253262e-01	4.582636979249458120e-01
nan	-1.709036955390202950e-02	2.291662164095147780e+00	8.440974875098140873e-02	1.107462663246240542e+00
nan	6.553599347609322390e-01	-6.578088240342279125e-01	1.318287880914948557e-02	3.686887692601369393e-01
nan	1.242695340372070856e-01	9.711112345784234101e-01	-1.258817201983326139e+00	4.721478134962684425e-01
nan	-3.015884065514553569e-01	-2.509546671990627864e+00	-1.770198450373952737e+00	1.136971370370770229e+00
nan	6.012965261460353483e-01	-1.561263714627714738e-01	-2.722805858313959160e+00	-2.011272369973039709e+00
nan	-7.915641390721890325e-01	3.863238623973567210e-01	2.521922685850935264e-01	1.297645981911419888e+00
nan	2.023048104037339812e+00	-4.778744692544006356e-01	-7.678459856465690292e-01	1.318942119647558586e+00
nan	-5.535588816718799432e-01	1.089066608914245116e+00	5.465356263742120468e-01	-6.742140556667919338e-01
nan	1.125478633994912103e+00	-6.956593373846171602e-01	1.922571140922246791e-01	-1.712218894758311682e-01
nan	9.292253095918912020e-02	-8.884809707970082737e-01	-3.670501112508173791e-01	1.193402913104747443e+00
nan	2.276904112333360430e+00	-1.475990696400243607e+00	1.290930880893070620e+00	1.508203169021611556e+00
nan	1.930531754397038613e+00	3.225341214895140585e+00	5.591447814245774639e-01	-1.917163042263394068e+00
nan	-9.349679891726342396e-01	1.051854210941435497e+00	-1.656232542512443340e+00	-4.066130039413356489e-01
nan	-9.618679976688793154e-01	-1.131537760207103283e+00	6.035406378572901742e-01	1.265799893145325816e+00
nan	9.599471813533591025e-01	-8.418485068678290828e-01	3.533001148660467883e-01	-9.910673914788831196e-01
nan	-1.307895852128913683e+00	-1.571481701487269511e-01	1.584540146504218150e+00	9.977869843729770816e-01
nan	2.226963285608626997e+00	-1.837015711269453622e+00	9.404871127704794720e-02	8.582502217794952815e-01
nan	-2.726882188137355056e-01	1.281914912736048517e+00	1.803571844574959615e-01	8.216308755108843176e-01
nan	1.676589256295674790e+00	-5.260638749542936310e-01	-1.205175600389265078e+00	1.212814143652145571e+00
nan	-2.692512133204583158e-01	3.287102763814235828e+00	3.965503378106429583e-02	-1.921956993429149441e-01
nan	-1.033875906476007911e+00	8.646734705348213534e-01	-1.161389218428461184e-01	-1.278164328960464668e-01
nan	-2.517371627449918603e-02	-1.870167175403650850e+00	-2.297809743908725000e-01	1.239013937800627740e+00
nan	1.644121834543947447e+00	3.005567139011986466e-01	-1.739315171808551996e+00	-1.075614517509045243e+00
nan	-4.668946029455869340e-01	3.285703947729550656e+00	4.245203522986184530e-01	-2.405338261987167714e-01
nan	-1.456768734266975507e+00	-9.970419605665982177e-01	-1.088618174479420331e+00	1.495505532958938399e+00
nan	2.603757643820601153e+00	-1.884906386905411679e-01	-1.493737404309495975e+00	1.001010386450667866e+00
nan	-4.606868783545592372e-01	1.944533001057861643e+00	1.143904595731033202e+00	1.548683419275215800e-01
nan	2.883451929399209468e-01	8.506949245567447804e-01	1.627147836522671698e+00	-1.290433225800935890e+00
nan	-1.794710875929567795e+00	8.397788345741244442e-02	7.327957820710545578e-01	-8.972600343503216169e-02
nan	-3.297588995071097928e-01	-1.418826271783477422e+00	-3.557779251502639628e-01	-4.647342124999120916e-01
nan	-3.092748150644058391e+00	8.070581576582497307e-01	-9.600143017570861304e-01	6.034657172307622552e-01
nan	-3.490554795052503989e-01	-3.270736258483856407e+00	-7.677226365447675782e-02	2.078466465118979034e+00
nan	3.101425291800965489e+00	1.746226737596112688e-01	-8.968641327305311162e-01	7.522187830984662371e-01
nan	2.415134486354618026e+00	1.118818914275187426e+00	1.672272532261792899e-01	-5.236461794313943680e-02
nan	1.182554714632122250e+00	3.372881875332157442e+00	2.055663579775183769e-01	-9.403163795082383203e-01
nan	-3.360355904516933112e+00	-2.108413425004063146e-01	7.719503683767570124e-01	1.101798833733194538e+00
nan	-1.734353221083753116e-01	-3.150370772801469155e+00	4.930472080590911910e-01	-3.161887311997834127e-01
nan	-6.377602509990512036e-01	8.376448903111262112e-01	1.583212449467256144e+00	1.413400792600810973e+00
nan	2.223943115247871916e+00	-1.690115083515403294e+00	2.114648910878952570e+00	3.757664837192964957e-01
nan	-7.026397719171356693e-02	2.285751261422746428e+00	4.280202416619648953e-01	-7.777378485978314604e-01
nan	2.770793142702785428e-01	7.516654130443547466e-01	-3.325925033441836098e-01	1.079627754756750990e+00
nan	7.169196253944263297e-01	-5.160271343677782507e-01	6.202767333904254388e-01	-1.860497776143985371e+00
nan	-1.619917048790530334e+00	1.466639069298535158e+00	-7.438548463255569843e-01	-6.410232088700280606e-01
nan	2.451971379542219331e-01	-2.873228703659631122e+00	-7.579646694642083737e-01	1.341056403321787549e+00
nan	1.353740521541837216e+00	-2.057761044807134621e+00	6.832751553002000544e-02	3.928472434715943873e-01
nan	-1.291545483850892406e+00	-4.575061552757919703e-01	1.510565571694289622e+00	3.405419086275255913e-01
nan	-2.288119232950953097e-01	-1.764642284846473341e+00	-1.558285514483202627e+00	3.486060919851667883e-01
nan	2.641072750474481312e-01	-1.421768874577354902e+00	-1.875136488148990976e-01	-6.428832181378917043e-02
nan	3.152689725536167442e-02	-1.113047150042147493e+00	-2.455680698315857169e-01	1.332652800337124521e+00
nan	1.081781334738172617e+00	-1.259231830593339208e+00	-1.899049714146544776e+00	3.953306711010917129e-01
nan	5.012399605749721099e-01	5.846806423675260378e-01	-1.442055266954501702e+00	-2.305961043132321642e+00
nan	-1.504460846619790182e+00	-5.386476120512871946e-01	-1.415166292632760836e+00	1.086276009642151097e+00
nan	1.747168856524078384e-01	-1.254963595777048413e+00	-3.720179515908942358e-01	-3.506470419991264409e-02
nan	1.525711846430289620e-01	-8.052747965639133199e-01	1.527530633460139065e+00	-9.783664912591707452e-01
nan	-9.570218360287341408e-01	2.379897144583228985e-02	1.973574132313375695e-01	-8.510016920591367828e-01
nan	-1.920978796554644319e-01	-2.207402037823361862e+00	1.138586662832648949e-01	-3.474070742774278409e-01
nan	-1.185273072510197867e+00	-3.408727562209800666e-01	-1.794588141937204506e+00	8.056030437380730103e-01
nan	1.030344747424380980e+00	-1.198100852122914173e-01	2.982611483741984815e-01	-2.667937164800962546e-01
nan	-1.307266232315570598e+00	1.532634008008473936e+00	7.052200451914831802e-01	-8.542608857783789977e-01
nan	-1.505958793782389726e+00	-1.604810554608105067e+00	2.129112871560086828e-01	9.314503003784260771e-02
nan	-3.029278918029834622e-02	-6.243766461079732766e-01	4.770406022932968115e-01	-5.267568096553014723e-01
nan	-1.332441769348658767e+00	2.485753655656358363e-01	1.431879707265248269e+00	7.159843819283835398e-01
nan	5.297124055242505847e-01	-1.002952011359305118e+00	-3.016651480376586481e-02	1.330829908904064551e-01
nan	9.428992345479624282e-01	2.949887225118855927e+00	-1.857712229609210786e+00	6.654130403070128708e-01
nan	2.598526549044433698e-01	6.616600977731381672e-01	-2.067769904074124032e-01	-2.336377472416493628e+00
nan	-1.818535859118072473e+00	-7.264754613064833277e-02	1.345058680499365833e+00	-3.433745917180411333e-01
nan	9.622082964469091948e-03	-1.013143149006415555e+00	8.916870988339691273e-01	3.713979159761274240e-01
nan	1.978023261645324604e+00	1.907344510201847976e-01	-4.475683866555275059e-01	8.827952493276601809e-01
nan	1.349214128931026879e+00	3.185070029464815100e+00	9.498774404787533321e-01	-5.145908475915264568e-02
nan	1.803881272622361864e+00	2.875547337443667306e+00	-1.442409582444992067e+00	1.494291452690766075e-01
nan	3.987850863760202813e-01	1.699943634591772224e+00	6.600448224292884136e-01	1.020749623941609618e+00
nan	1.162056700101014695e+00	9.332267167754753068e-01	-6.993306399594625411e-01	-8.262923708336261663e-01
nan	-2.973790072025711551e-01	1.075337457995681145e+00	1.500104895442715691e-01	-2.236189803581846713e-01
nan	1.532336537163688783e+00	-7.104803133392805226e-01	-4.631274520609283130e-01	5.629443644699909655e-01
nan	3.880401910272391897e-01	1.606115303004856276e+00	-1.830064542978870612e-01	-1.283627018523377794e+00
nan	-4.954762386225214366e-01	-9.351028868000210714e-03	-1.730731476011571734e+00	2.324016199598261334e+00
nan	1.531129615704960090e+00	1.496330843348367079e+00	1.056715627836655846e+00	1.479898987814809663e+00
nan	1.489140515005617615e+00	2.289098872948380325e+00	-1.679464240774102946e+00	-1.205572670788090495e+00
nan	-3.590629256601494124e-01	9.622704329905416021e-01	1.156122145639087107e+00	5.038010485616215561e-01
nan	2.656384925130301777e+00	-2.309151099069235435e+00	8.377947541002429555e-01	1.236874474071661956e+00
nan	9.951673674634917699e-01	2.966604190794423168e+00	-1.858464059910365007e+00	-7.303067237903296816e-01
nan	-3.971857184098219196e-01	1.449199125869157223e+00	9.788524984403960127e-01	1.357476052169601377e-01
nan	-6.089018503842699159e-01	-5.872481615336121452e-01	1.264368000323974561e+00	8.384231919077861361e-01
nan	-1.760481915307918754e+00	-6.146675540901842538e-01	8.044326792115201741e-01	1.412158811065179487e+00
nan	2.479129715456543259e+00	-2.575440620737949882e+00	-3.403477214881464263e+00	-9.484576492535772285e-01
nan	-3.443526797350940916e-01	3.308925902215540837e+00	3.819708065769877314e-01	8.196379325032577823e-01
nan	1.141363442588372967e+00	1.098410765218305940e+00	3.616786940021772812e-01	-6.956444445614946570e-01
nan	1.048228913167894572e-01	2.449182484333902288e+00	4.309992427318314889e-01	-1.369209384394026063e+00
nan	-8.598484997902217097e-01	-1.414760641497044169e+00	1.285462800064394395e+00	-1.058683039689974681e+00
nan	-1.517899582586115903e+00	-2.114000640889847293e+00	1.736834778574086302e+00	1.625689876733584227e-01
nan	-1.190260111469829685e+00	-1.293817484710279020e+00	-1.685118273761697649e+00	7.617096927380450078e-01
nan	-7.964309556955072589e-01	-2.913989809203985537e+00	1.095625503319710425e+00	-2.232008279685669117e-01
nan	-6.926209653861395976e-01	-8.019826456697574102e-01	6.908413287116689228e-01	-4.346445441944929988e-01
nan	6.053401857469011826e-01	-1.456502380701737431e-01	-6.780037121084739882e-01	-1.046137775626924671e-01
nan	-1.709478308922136147e+00	7.416134207254510002e-03	-6.977806575841670467e-02	-4.790967486808210274e-01
nan	2.313664266482638454e-01	-1.303638096196302998e+00	7.160048063016576370e-01	2.174590184394650794e-01
nan	-5.105085134312175033e-01	-1.638613165733928678e-01	8.491418542051419882e-01	1.155369903756040317e+00
nan	2.151603609234955083e+00	-1.172246712435179195e+00	1.238214037377153076e+00	-1.465786218701689014e+00
nan	-1.879833331847412303e+00	2.334089940577773525e+00	1.026371678013529715e-01	-7.455695827458593827e-01
nan	-1.527038362093198653e+00	-1.354052613582001463e+00	1.600262104762629534e+00	-2.938906546941562059e-01
nan	-1.997687103343309456e+00	4.438081181263542341e-01	5.584237476240099252e-01	2.245093637821064525e-01
nan	1.098728505701022540e+00	-2.568961407985198342e+00	1.452595512045273596e+00	-1.700312098926103355e-01
nan	-4.266182623853082556e-01	8.975533195581808510e-01	9.266106374135049117e-01	-6.039687626174466972e-01
nan	-5.637794822086233948e-01	-7.674053023442554133e-01	-3.407485159256156693e-01	-1.082965190895089469e+00
nan	-1.197758652353111630e+00	1.146654518859194782e-01	-1.553526903001770654e+00	-1.675961446231041541e-01
nan	1.468820599138733529e+00	5.689363382945702430e-01	-5.100176114473136124e-01	-1.167722829645726934e+00
nan	4.981094317850833786e-01	2.634397744104814088e+00	2.146096388771917898e-02	1.143784821957763764e+00
nan	1.285942570910747262e+00	1.167199088381839722e+00	-9.780838240221066959e-01	-9.080492065957903591e-01
nan	-1.004609685717610557e+00	5.460692507597612044e-01	6.854095033978095663e-02	4.656338437038275851e-02
nan	-1.195230126562241368e+00	-4.152614910622791644e-01	-1.238818276185834844e+00	-1.039818806506874610e-01
nan	-1.350528563812330773e+00	-3.034535802441273411e+00	-4.093200102299699994e-01	1.251340894450406083e+00
nan	1.019541971832263805e+00	-1.766412244767009865e+00	7.422666210956069266e-01	2.915812031772152188e-02
nan	-2.426470155800066753e+00	1.852965068833455353e+00	1.040504074022699621e+00	-7.395267848016786605e-01
nan	-1.235223319014723709e+00	-3.184085829275518531e+00	-1.005789176205301949e+00	1.663223005891925732e+00
nan	2.043950787176699091e+00	-1.059704904081421484e+00	6.912258626455919375e-01	4.927406604652456168e-01
nan	1.163674980302105366e+00	2.821743696233141918e+00	7.749351299290125894e-01	1.749539246117983171e-01
nan	1.142303400461613494e+00	2.232499649453977053e+00	9.491298835201472661e-01	-5.421812669590267975e-01
nan	-1.271119328560362138e+00	4.289551786362066910e-01	3.491604951849112126e-01	1.337632238081617242e+00
nan	1.138424481901042284e+00	-2.351506240905742118e+00	1.582608772056194546e+00	-5.778996143427248544e-01
nan	-1.582922893607621173e+00	1.810654497295925314e+00	-1.850660393091404954e+00	-1.396515477460963828e+00
nan	-2.456370025724932127e-01	-8.377981845839821418e-02	-1.217185723900064166e-02	1.493593644121620490e-01
nan	1.576603919014951449e+00	5.001222944076629817e-01	-1.343557003819465245e-01	2.036813882911149010e-01
nan	2.156590896238659294e-01	8.600885663790132085e-01	-3.158899043533462403e-01	-5.294158315378897361e-01
nan	-1.499031178641914708e-01	1.511154841774684066e+00	-3.164568245002174596e+00	-3.261714454819418796e-01
nan	1.601213945902796532e+00	-1.289119303188818844e+00	2.681721759636126023e+00	-1.898007233208712230e-01
nan	-1.020211042705543303e+00	1.884688137679745079e+00	-1.023017095210402738e+00	2.916310909543912838e-02
nan	7.270527166995544022e-02	-2.025569252106932172e+00	1.321409068423611721e+00	-6.068218822936077839e-01
nan	-1.015282995905050001e+00	-6.821635700712826988e-01	1.030872035615278959e+00	6.552745569407609771e-01
nan	2.070098063103807950e-01	-1.321650695002900111e+00	7.923215665742446845e-01	7.655265430904052426e-01
nan	5.989702170677031479e-01	1.223742611285954851e+00	-1.219389741562846519e+00	7.245318842278911653e-01
nan	1.314186744606957946e+00	1.303926801726305928e+00	-2.010514750223438563e-01	-3.605850136383218496e-01
nan	9.719425818246288928e-01	1.266163731162511574e+00	9.080756899257785147e-03	-1.886765200105173568e+00
nan	-2.220682674623622344e+00	1.251235805144988111e+00	-8.540748871522024777e-01	-5.794216889717741514e-01
nan	-1.146097675754796263e+00	-3.780530361539301332e+00	-4.578269534088280635e-02	-1.230324290446008773e+00
nan	-2.234556142961659386e+00	8.857932120691582867e-01	-8.336299474965479517e-01	-1.010885728086947211e+00
nan	-1.790700337557998623e+00	-8.486824367214418352e-01	-5.675821553800538544e-01	-5.460178788014641293e-01
nan	-4.568684539307802939e-01	-2.397984822337303701e+00	2.400605090774077688e+00	4.852474153067219409e-01
nan	6.050720512818920094e-01	2.297804624469380053e-01	-1.105396692165500516e+00	-7.689359114537364093e-01
nan	-5.390542950871788364e-01	1.127637090284965282e+00	-1.191789274056166636e+00	3.670788908479384327e-01
nan	1.968045534894096726e-01	-1.400396512574947572e+00	-1.734651415233225968e+00	2.922370145988405499e-01
nan	7.617845431662462197e-01	-1.387565149359207606e+00	1.647913217044033596e+00	5.139220663142337608e-01
nan	1.813324031136950065e+00	3.099043780699270445e-01	9.675847187297206276e-01	1.645173570153674492e+00
nan	2.067334013265761605e+00	2.129977562735919427e+00	-1.999291017266948911e+00	-1.379216687762967020e+00
nan	-3.070607854396751435e+00	2.585600182077092413e+00	7.564418132939744188e-01	1.174389350908892737e+00
nan	6.922615070344092514e-01	-2.793276307594943830e+00	1.380682114915279923e+00	-3.232197272707896807e-01
nan	9.529183718032069317e-02	2.329487232683507547e-01	-5.113713240766225993e-02	1.486335346819106951e+00
nan	2.258884904628769341e+00	9.898617879469653880e-02	1.823323807269814634e-01	-3.859649147175089889e-01
nan	5.405433957238472420e-01	2.201178446307016756e+00	-6.214032258304597045e-01	1.189732038817530556e-02
nan	-4.414170443592941862e-01	2.757073050649921364e-01	-8.730616412707008223e-02	-1.182035819367764695e+00
nan	-2.403281299477824984e+00	1.315578467416770314e+00	3.315290230246663306e-02	4.540279323891722833e-03
nan	-1.279592483596827535e+00	-3.295628780609957342e+00	-1.113399944382568590e-01	1.120290318778497607e+00
nan	4.551484004808883377e-01	-3.666913983374378905e+00	-1.601165844119142756e+00	-1.480509438221313534e-01
nan	-1.171005479027763529e+00	1.869129135961219434e-01	-1.694470418313296145e+00	5.588015728005727434e-01
nan	7.671342241795999772e-01	-1.627255910887772217e+00	1.920844604256843891e-02	-1.578307008268952316e+00
nan	-1.552560472417957804e+00	2.196329870166070286e+00	-8.791125855944244005e-01	8.229651640798436585e-01
nan	2.200131593410152853e+00	-2.490107550639785838e+00	-9.701017082192697760e-01	4.852735226727611373e-01
nan	1.165987784325132948e+00	3.264840450639130864e+00	-1.228687127056146688e-01	1.406141589858175722e+00
nan	2.152697088403107806e+00	7.814351103235435136e-01	-1.758755232038012872e+00	4.159027576696326667e-02
nan	-4.404851056738215420e-01	2.117520611836444022e+00	-2.395888639995619740e-01	4.631144173972553957e-01
nan	9.224416614843090612e-01	6.363687181218731226e-01	9.593259132198682371e-02	-7.050166649596817381e-01
nan	-7.972561039487151557e-01	-1.259907087763428191e+00	1.069731558607566413e+00	-6.992862396933503533e-01
nan	-1.514500491385823988e+00	-2.131808439134359912e+00	-9.364713994764316540e-01	4.171302052410174599e-01
nan	3.510330350069773564e-02	-2.144907316646733619e+00	-1.059638854110855677e+00	-1.200037415376685290e+00
nan	-1.196089733622059503e+00	4.453538831749349614e-01	-9.999452884238895223e-01	8.375872631182718075e-01
nan	1.965851070073278972e+00	-3.963218446573992804e-01	-1.431691977880153108e-02	1.440275275598880800e+00
nan	2.885466966671066391e-01	4.208028515990842600e-01	-1.332930179069961696e+00	1.514818582758805932e-01
nan	6.434672636313235605e-01	5.611043794228510739e-01	1.708309842801118306e+00	-2.440788781249422501e-01
nan	-1.105398085338330283e+00	2.296277811756586296e-01	8.276622365710823992e-01	-1.628190709199065500e-01
nan	8.955876034099236049e-02	-7.270147769102489610e-01	-9.734446743788883749e-01	3.104968552860244979e-01
nan	-3.762968549970057697e-01	9.536125137092046344e-01	6.720878526355608118e-01	-7.509596467783646867e-02
nan	1.678772037125243199e-01	1.665368596535265477e-01	3.908861767436318524e-01	1.670160792554558071e-01
nan	-1.500602555156974049e-02	2.496565269539402721e+00	-8.231278864131851281e-01	-5.762077327097098189e-01
nan	-1.145885543791525851e+00	-6.827228888909060434e-01	-2.399659202906246680e+00	-1.722059105939694135e+00
nan	-1.916623654154143708e+00	-5.133842404548756289e-01	-1.305739506064600208e+00	-6.629737266393547213e-01
nan	-2.867001611859614774e-01	-1.973772626616761450e+00	5.522852021404637268e-01	-5.964430653569746665e-01
nan	8.187136011325061302e-01	1.126149000059353256e+00	-9.938733842600249169e-01	-1.266238260093300039e-01
nan	1.474379202574084946e+00	1.850227724674485597e+00	-2.973388678133816465e-01	-1.148133193899468107e+00
nan	-1.913949213956223527e+00	5.723750389342648903e-01	-4.803998851225124711e-01	1.009552403656846370e-01
nan	-4.425327191512836156e-01	-1.002047144504253140e+00	9.992610523833189706e-01	7.657179056217253144e-02
nan	-4.512930989487848876e-01	1.061908685596327562e+00	7.742624353785286795e-01	-3.728855824862894464e-01
nan	1.054669841598736113e+00	3.349817761622744250e-01	-2.545315808723489059e+00	6.157656203048309518e-01
nan	1.786835190237820559e+00	1.111565437340433782e+00	2.488283499340855354e-01	-3.126088021476934875e-01
nan	6.786342126990901891e-01	3.185887382404637869e+00	2.391387229180695906e-01	8.151211288067161664e-01
nan	4.020682285832773983e-01	1.329682497106220662e+00	1.594948565674351615e+00	6.455545802906146324e-01
nan	1.238666951586441023e+00	7.302214825494368622e-02	1.046304065436776676e-01	-5.140298665883061835e-01
nan	7.826459698115001418e-01	-1.288345578829221960e-01	8.400240759336663476e-01	-4.752961995284319396e-01
nan	-9.138884772587193561e-01	2.458586540535645515e-01	2.123525670978463786e+00	-9.276948118599638304e-01
nan	-5.196590351441776612e-01	-6.697867323739609136e-01	-3.871080365507043597e-01	-4.744823674514806466e-01
nan	1.486567632211880596e+00	1.303402162023649780e+00	1.353039144760265211e+00	-1.116089613090788663e-01
nan	-1.323142230333759661e+00	-1.914349646753068512e-01	2.340380071747732438e-01	-9.181967862766001742e-01
nan	-1.966225717634403569e+00	1.698386937118971929e-01	6.772834973846950657e-01	-9.917060349533254882e-02
nan	2.882709244332645748e-02	-1.027479372421494563e+00	-2.326284438222447903e-01	5.851309459933008439e-01
nan	1.694672857831286183e+00	8.858209762363229434e-01	1.233360856026605612e+00	1.006827402869329813e+00
nan	1.006813273737064973e+00	1.968391685292966597e+00	-3.560701043550686118e-02	-1.663424569822117505e+00
nan	-2.176065160763755557e+00	-1.205300055059271402e+00	4.121778582487980458e-01	-4.326965526455106570e-01
nan	-6.200202449828078333e-01	-2.670844849091183359e+00	-1.482446684235160683e+00	-1.971653563176894997e-02
nan	5.781038364984063260e-02	-8.261567212197665766e-01	5.271504499950407929e-01	-5.562294105060613392e-01
nan	2.336695731880900073e-01	1.299628564306729128e+00	1.217203724621096494e+00	1.310514702920006158e+00
nan	-7.545933663312891504e-01	-7.208808007062954548e-01	-9.326528054018098368e-01	1.273910542605245277e+00
nan	3.683959257329716408e-01	-1.913245274028230414e+00	1.389354763851044172e+00	-1.266580657014301448e+00
nan	-1.650822698230454355e+00	3.109459828443238982e-01	6.254158118013234402e-01	-1.520279011011191062e-01
nan	8.070814576090549197e-01	-1.442137511600045441e+00	-3.726739015842057690e-01	5.185304568564845784e-01
nan	-1.318758972818419029e-01	3.180101413808015920e+00	-4.006901639628818734e-01	3.469032573534338582e-01
nan	5.819326012150793925e-01	9.438626588703651343e-01	-5.741060940241614619e-01	-9.833343210964011760e-01
nan	-2.470493816896323303e+00	3.259456307409813292e+00	-2.375617363821674655e+00	-2.127047460385158573e+00
nan	-2.746041755317865540e+00	-2.646260591048069877e+00	-4.421825561824263562e-01	7.577865633279536883e-01
nan	8.531201836987201137e-02	-4.271630828253432099e+00	2.801528087507771381e-01	3.654242861195101943e-02
nan	3.233070157860803429e-01	-1.110674985458864672e+00	5.915095965583251347e-01	1.396035617260181549e+00
nan	-6.884284390814228161e-01	6.591856606720509770e-01	5.059962449774708659e-01	3.791961884732746868e-01
nan	3.785151054847241681e-01	-5.456524125320789675e-01	-2.661154998133174576e+00	-1.267919409760555338e-01
nan	-1.001822521298100677e+00	-2.930713918686682073e-01	-1.287091991553804160e+00	-2.082981951430814549e-01
nan	-2.600777249826794479e-01	-1.366610543725559124e+00	-9.226889855719475619e-01	-1.022983063764683509e+00
nan	-1.007398469321220125e+00	-1.957223641171567330e+00	-3.150745722319528985e-01	3.879352007334945229e-01
nan	-4.712599988784532679e-01	-2.045732940781733511e+00	1.451063452651878971e-01	8.857167312197127274e-01
nan	1.098514852535902309e-01	4.467944403593046010e-01	1.328607282251993982e-01	2.309041623930796483e+00
nan	2.067429110318286245e+00	-2.229285230813787266e-01	4.522983626785539446e-01	1.620796829302292297e-01
nan	-1.411244226031592719e-01	2.829103401147765595e+00	9.045615312749244463e-01	4.840371838631323809e-01
nan	8.352158575780397332e-01	-7.184187235237961267e-02	8.647278827393649614e-01	5.878214455593648857e-01
nan	1.943480891948206613e-01	6.479245339543647786e-01	-4.921081187155975090e-01	-3.014897800065337655e-02
nan	-2.010558730656931470e+00	5.316548320446847775e-01	-2.569607399263597713e+00	-3.986906242388740806e-02
nan	4.623655490450581107e-01	-2.163174232142288211e+00	1.274530399161065697e-01	-2.157563337784344781e-01
nan	-1.015421418379572227e+00	-1.639183812873959756e+00	-7.289240303857160708e-01	7.292659388001849763e-01
nan	-3.539875664203284700e-02	-1.538552949147970583e+00	6.163154406371771366e-01	7.949965005809095375e-01
nan	9.159084337602924064e-01	-1.894531954536479823e+00	-1.258062945862923998e+00	-1.958780571308597729e+00
nan	-1.472299150500460119e+00	1.793705118877305882e+00	-1.798998296280228115e-01	5.661020804082517177e-01
nan	-7.859719759076284618e-01	-7.267383758796865934e-01	-1.900179144663002584e-01	-9.394311112554141197e-01
nan	-1.911640215469302850e+00	-9.975347297304768546e-01	-5.379747156741225833e-01	-3.190719816369590456e-01
nan	-6.667053603009243101e-01	-3.365923973123538193e+00	-1.290909923990673225e-01	-1.231068173295733814e+00
nan	-2.062844511797832681e+00	-1.149136515487098720e+00	6.997455305242782087e-02	6.244814019537964223e-01
nan	3.960295158711057972e-01	-2.526330527502552492e+00	1.251656931755322999e+00	1.433236377922864291e+00
nan	6.735584930462573672e-01	1.371761491644899689e+00	4.075321190335146615e-01	-7.925577894888186092e-01
nan	-5.444590318586319810e-01	-8.588327507156834351e-02	8.016691851132924374e-01	-3.582412277952153890e-01
nan	-1.164727179240025556e+00	-8.622606250654241133e-01	3.017017057916556166e-01	5.094775617761961861e-01
nan	6.765559027270537928e-01	-1.135483835827938437e+00	-8.735324593289323092e-01	3.280661589878626772e-01
nan	1.166480817174608386e+00	-1.037363902931073278e+00	-9.076719964173627364e-01	1.559308358575554609e-01
nan	-1.170182445846455144e+00	2.072293004872568511e-01	-8.781738968277231772e-01	1.377656915573556962e+00
nan	8.583784126340399112e-02	-1.723098071016387678e+00	-6.191084267127244800e-01	6.447382776410124361e-01
nan	2.005456217188969603e+00	-1.991995065442119461e+00	-8.852292796912759887e-02	2.439763578955405354e-01
nan	-1.006303491442775755e+00	2.532549530445241448e+00	-1.473204439504739727e-01	2.636796467134742694e-01
nan	6.096342702554963244e-01	-1.075953914243567899e+00	3.598496052557230152e-01	1.187519898382035421e+00
nan	1.177116043959998581e+00	-3.889958079293813764e-01	1.869410804503951029e+00	-4.032463293206869914e-02
nan	6.388417223053305394e-03	1.604855776922834654e+00	-8.699244787136205526e-01	1.206453467296261461e+00
nan	1.936044008797744631e+00	-4.975277008065918105e-01	-5.806762671303675738e-01	-5.546328160954322462e-01
nan	-2.274771300888310144e+00	1.169161555538864805e+00	1.262216301117794481e+00	9.158330449394391781e-01
nan	-4.976686686177789198e-04	-3.096209474965497144e+00	1.810913589543728941e-01	-5.340987811148073527e-01
nan	-1.999832164354708564e+00	2.383489756797046444e-01	-1.552484909751993936e+00	-8.112288994275670406e-01
nan	-7.843943849612186048e-01	-2.179060410279352489e+00	4.167432115416232485e-01	-4.933070049176172533e-01
nan	8.656990013127262573e-01	-5.851365203252540947e-01	-2.031632911024999100e+00	4.225301753553415973e-01
nan	-6.599278601179130455e-01	2.249811302454686857e+00	-2.969341766475648917e-02	1.425787861390305000e+00
nan	3.573002566937152125e+00	1.169128763561202877e+00	-2.095360938101955117e+00	-1.475425258288564301e+00
nan	-1.863414480505289017e+00	3.208346118881610032e+00	1.228413846115353758e+00	4.134014611679740804e-03
nan	2.068831576445639975e+00	-1.013769922817953306e+00	1.514779985674778451e-01	-4.337674083592023278e-02
nan	1.461086436477782025e+00	2.702513033448263879e+00	-5.568634821801570212e-01	-2.400428714004013420e-01
nan	1.214491497437771628e+00	-4.818076121809828916e-01	2.165290525025327373e+00	-5.835848567275769838e-01
nan	-7.924354045703161376e-01	1.604294639666517863e+00	9.137441370998650170e-01	3.697687490501214702e-01
nan	5.513316816213904570e-01	-1.419859328210943294e+00	8.247259931446988546e-01	-8.820010501677991166e-02
nan	1.498003578328319374e-01	1.009346557301759262e+00	-6.149641227965100265e-01	7.478231686464760219e-01
nan	8.957062142658112069e-01	-5.806821579970179448e-01	1.775138527727123217e+00	2.280577198718859444e-01
nan	3.615141552622779253e-01	3.782349304701358994e-01	-1.254503776018541005e-03	-2.680865150564252009e+00
nan	-2.819809305779415354e+00	9.239594805773304609e-01	3.463848967639881482e-01	7.971497970625310847e-01
nan	2.051874092993056120e+00	-3.734633553109675042e+00	-1.098226439163203949e+00	9.619824576164694996e-01
nan	9.723144479521463879e-01	2.381655900236335999e+00	1.494009758418605394e+00	7.669696372474675838e-01
nan	1.070167909208103341e+00	4.327584898743519481e-03	1.635710617716596427e-01	2.722597998545569498e-01
nan	5.214791313376775372e-01	6.403828335837881136e-01	-1.786173716604393835e+00	-6.718829490139832661e-01
nan	-5.616363287017908101e-01	1.431149669340827102e-01	5.390637271250722229e-01	-1.532964058261965246e-01
nan	-1.123364612013941777e+00	5.957250724778607731e-01	9.524419871155660466e-01	1.655388299417666076e+00
nan	1.782384971467661394e+00	-2.719605044666091320e+00	-1.447180954508171302e+00	4.874643477254977375e-01
nan	1.169669822484616928e-01	3.080485139149400808e+00	3.156740749480951291e-01	-1.606411354018144055e-01
nan	-5.037048488392144030e-01	2.944361208480339442e-01	6.605466587585309135e-01	1.729703950154383607e+00
nan	2.398593781001030045e+00	-2.486162301682875997e-02	-2.401793129652601555e-01	2.315752220986078136e-01
nan	1.428193461015589305e+00	2.594413005765375146e+00	9.362989938991737038e-01	-6.614870713490946796e-01
nan	2.420859499022650629e-01	2.732355154321560953e+00	-6.581379985566503388e-01	-1.446148678353456507e+00
nan	3.903173827176842359e-02	4.214615632933218503e-01	-3.720592375607790769e-01	2.011784028523929888e-02
nan	-1.922273158065829768e-01	1.338247655811651393e+00	-9.118689932200866322e-01	-1.308481813730471233e+00
nan	-2.169869203634749333e+00	-6.016968189764451691e-02	1.731392528661770402e-01	-3.194026883385749915e+00
nan	-3.254522832631468798e+00	-3.486470916759342398e+00	6.117862985020966482e-01	-1.214153075351401379e+00
nan	-7.333873975675073709e-01	-4.024130416605524729e+00	1.818300358183166487e+00	-1.792869288275972528e-01
nan	-1.239029271358058071e-01	-2.827231243216110634e-02	-1.306449826881359577e-01	-1.325682428275677838e+00
nan	-5.573062229986208704e-01	-1.003581127966396425e+00	-7.997923735817279445e-01	-2.147905209741496693e-02
nan	3.354716921591491263e-03	-7.242221094577296903e-01	1.272446745068998020e+00	1.267695350022084222e+00
nan	1.020962380944666181e+00	-8.274150687003719584e-01	-5.902353826022813665e-01	-1.235348550171979642e+00
nan	-8.293758394276208312e-01	2.286653637684882057e+00	-1.043639256392052461e+00	4.176298646860848729e-02
nan	-2.306720551786554663e-01	1.011447116378621391e+00	1.015270782740434141e+00	1.611660800000816351e+00
nan	3.613429059518169506e+00	1.684988659444719650e+00	5.305463460949570026e-02	4.677819286908685426e-02
nan	-1.009835288402719966e+00	3.222308568800662520e+00	-1.672547325130878948e-01	9.440482370234530574e-02
nan	-1.532175297594930763e+00	-2.908391048280291047e-01	-9.118932021485549599e-01	-1.319425148475741771e+00
nan	-1.456132221470374244e+00	-9.723428955480712954e-01	1.136009398057685971e+00	1.920313216245218835e-01
nan	1.408808811621856449e+00	-5.065235784577205580e-01	-8.861569424590700628e-01	-5.092802565350597055e-01
nan	-9.675471034729837827e-01	2.418246877908308168e+00	-9.085236358364460196e-01	-6.313422376850532647e-01
nan	-1.926827797572212120e+00	-4.199203102972915991e-01	6.091964090540271659e-01	1.801862807492576435e+00
nan	1.806909547155609364e+00	-4.574816233135265975e-01	-1.692927753310404793e-01	1.594388720494932299e+00
nan	2.221301248212177448e+00	5.865639599378258406e-01	-2.780915352827422193e+00	5.135547308296624092e-01
nan	1.010437568349952242e+00	3.555696966900279143e+00	-5.664706309341326351e-01	1.559295284911933477e+00
nan	1.457070463724595477e+00	2.410371034150942116e+00	8.750530487738585050e-02	2.147593218871630683e+00
nan	-5.097876932117149096e-01	2.993995959903755111e+00	-2.944998625152718263e-01	-1.021166768606074582e+00
nan	-2.450518102795244957e+00	-2.048638172058375506e+00	3.875355235012122312e-01	-4.222687637749814038e-01
nan	-5.335191003046536595e-01	-1.457854454858287241e-02	1.645828614647845134e+00	-2.346662581709948014e+00
nan	-1.648239080227265951e+00	-1.184906074455029046e+00	4.604048931577232606e-01	-1.378282563964039475e+00
nan	-1.007282854001310124e+00	7.120333438383452673e-02	-3.410411473529098014e-01	-1.056494114411922203e+00
nan	-6.784601881363417908e-01	-7.315288515922502288e-01	4.259311518129749730e-01	-1.528982764016074025e+00
nan	-5.676141535798415738e-01	-1.615132547009348496e+00	-6.814179046944969231e-01	-1.513789852460896146e+00
nan	-8.930450002782442942e-01	1.300690422742200480e+00	1.127163974230706717e-01	-2.364986002822792033e-01
nan	4.368076165611443074e-01	-7.133818825370562555e-01	-1.179120595401482507e+00	5.224676706837330098e-01
nan	-3.786598520074245799e-01	3.509774272979409027e-01	-1.131155834591568432e+00	8.007518183074819884e-01
nan	9.284529603861679803e-02	-2.224055902309045152e+00	-5.675852005117716370e-01	-7.421928394677975716e-01
nan	-7.686512775274375597e-01	-1.286993730359325960e+00	6.177697328232283347e-01	1.068799880633136468e+00
nan	1.850281603291689558e+00	-2.866039044552883386e+00	-4.702083790897721993e-01	-1.630617701838731337e+00
nan	-1.935148308523648719e+00	1.235685595403570147e+00	-1.883560616747691929e+00	-2.081404336196555960e+00
nan	-1.744290530045494059e+00	-2.504425362980376324e+00	-6.628134163390690947e-01	-1.729075244237464060e-01
nan	-1.540761028998695492e+00	-1.793511958189707656e+00	6.717616956409366846e-01	1.890987093847250333e-01
nan	-2.095303567912371268e+00	-3.373450194439585381e+00	-8.292777581038195400e-01	1.648378271399671524e+00
nan	3.605315505880860805e+00	-5.951551049858894160e-01	-1.864855904352745106e-02	1.913106255850103077e+00
nan	3.439097083198816129e+00	4.071677924635070056e+00	-2.461388809024171120e+00	1.216364888249133802e+00
nan	3.330733370450634778e-01	3.773782960943048437e+00	-2.810474601376564130e-01	-7.088267396416453314e-01
nan	1.063847495706316870e+00	2.745125342682336322e-01	-4.113713319996827877e-01	-8.360787149920797523e-01
nan	-2.787351665588355676e-01	3.302754831688847759e-04	5.303456002319384410e-01	8.151056535579653817e-01
nan	-4.250830324266027249e-01	-2.578074082810643652e+00	-1.247475766566157329e+00	7.760865302850065151e-01
nan	-1.440623397090315727e+00	-1.427643435893317658e-01	3.856594844248072418e-01	5.110332266332811256e-03
nan	-9.907706884617116516e-02	-3.257071300003672398e+00	-1.304896326634358283e+00	-7.131339261095889226e-01
nan	-1.083219262698727592e+00	5.396486500752954996e-01	2.571335634194285902e+00	8.841953490391873949e-01
nan	1.796928946276405092e+00	-4.001977199897118753e-01	9.832151401787329881e-02	6.452235202588964269e-02
nan	-1.463698559665240762e-01	1.819511408991718593e+00	-9.246069452581194559e-02	3.776832799602983792e-01
nan	1.828587003003531830e+00	-1.297900149049419971e+00	-1.269396135732205610e-01	-4.827962564234063864e-02
nan	-6.815998024354098517e-01	3.833411531814823192e-03	2.894892779450891629e-01	1.321775613909816460e+00
nan	1.373422549931452297e+00	-6.209003743814247578e-01	9.232021574378386497e-02	-1.584264867658551790e+00
nan	-2.228381646877722222e+00	1.639092085828596224e+00	-7.318804839598846979e-01	-1.044470994682905163e+00
nan	-1.884551091842471493e+00	-2.934645369058323183e+00	-5.945689600189217883e-01	-3.308837730617555928e-01
nan	8.426889839496614076e-01	-1.150054538561981365e+00	-5.866903322587503355e-01	8.601931718756969936e-01
nan	-3.466244135181917319e-02	1.430882833171418067e+00	-2.283395792238619437e-01	-3.635459043790127687e-02
nan	3.109470670926824942e-01	-1.155717179379152082e+00	-9.193911737230639480e-02	-1.016334094408039679e+00
nan	-2.712572231591114935e-01	1.787319832782646944e+00	-3.045333893277024639e-01	-1.648758396691314188e+00
nan	-1.180666848157815085e+00	-5.927091439176067622e-01	-1.042441278459974141e+00	-1.901918634217630022e-01
nan	5.420079021523178664e-01	1.294747184424338116e+00	2.920617425760167474e-01	-1.500872091060011071e+00
nan	8.378330035807213250e-02	4.245788883290151361e-01	2.518717606083192145e-02	-6.851732371843001490e-02
nan	-7.692753773483625990e-01	-3.308710329751743395e-01	-9.013749477393944165e-01	1.110466755028299390e+00
nan	2.098684741564562639e+00	-1.157089336953800673e+00	1.415632239056118236e+00	-1.386033659031925547e+00
nan	-2.786982337348995920e+00	1.147972652788757042e+00	7.476517530170785630e-02	1.143109456143438507e+00
nan	4.237408726270818216e-01	-2.899833784747569698e+00	1.987138163963704685e+00	-4.552533095587989465e-01
nan	4.464502460930092065e-01	-1.093772323437460336e+00	-1.183501276463200247e+00	-6.429245456554534277e-01
nan	-2.750298041484872336e+00	6.336021518684915588e-01	1.764583635435377884e+00	1.554268019090787600e+00
nan	-6.673937000469511993e-01	-1.915473921484066810e+00	-5.101159539555266687e-01	-7.084012234374177375e-01
nan	-6.247416850445318692e-01	-1.570171811819470520e+00	-1.839067735148681271e+00	-2.858494964358405110e-01
nan	-4.642848527940750536e-01	-1.703660121854465359e+00	1.552252817304297761e+00	-3.469095739289538294e-01
nan	1.262612914906213746e-02	-4.633580552633353999e-03	-4.520456410372429845e-01	1.314401088120566996e+00
nan	1.776456515428761262e+00	-8.392908158323859613e-01	4.419362668388988058e-01	1.184014420691729824e-01
nan	-2.081171824662310654e-01	2.182363431817293975e+00	1.583547028603005558e+00	3.267806839055174550e-01
nan	2.492252251409060815e+00	-3.018516313194552492e-03	-5.358980863893282320e-01	1.284660699216720881e+00
nan	1.810268803588866771e+00	2.006081296725814145e+00	6.906874424121123290e-01	-8.572154392142835588e-01
nan	-1.241836796672720844e+00	1.365051655546852816e+00	-8.534791429752522918e-01	-8.564463924184414489e-01
nan	1.040502857493054822e+00	-1.847637276889971591e+00	2.259900561858330548e+00	2.429160901356913982e+00
nan	2.169400880696254585e+00	1.348797164218847433e+00	-6.449184986253995167e-01	1.607540568316641938e+00
nan	1.034910127369694344e+00	6.224054032224768385e-01	1.291359079801462917e+00	9.601827990068849683e-01
nan	3.364259206532956847e-01	1.523218477118478464e+00	1.741527139938883417e+00	-1.469502104449207813e+00
nan	-2.400616338352500989e+00	3.319061218289443560e-01	9.701581822854238313e-02	-1.430380158626030962e+00
nan	-1.213336898394157037e+00	-1.448176366118594238e-01	1.013350163770591950e+00	6.486906932240346091e-01
nan	-1.219168094528177537e+00	-1.282125728668666031e-01	6.068230039654499697e-01	-1.550416636141821458e+00
nan	-1.192266976101490572e+00	7.830374462164635396e-02	1.559605852033606743e-01	1.415672895336681503e+00
nan	1.606230179937240710e+00	-3.488587325140889428e-01	1.175199134677025747e-01	1.215301280478997770e+00
nan	2.224931668747823998e+00	2.894225622989521796e+00	1.664643714628807614e-01	8.103112327418686700e-01
nan	-2.873391620295826510e-01	4.259950379765390593e+00	5.772231946701318339e-01	9.369758782890121873e-01
nan	-9.095697545440460940e-01	-2.880014473245807727e-01	-2.458331973454552788e+00	-6.791890583910512036e-02
nan	1.753707466170218554e+00	4.318610089877761293e-02	1.228802020096620706e-01	-6.905640349589968752e-01
nan	3.200001472230283861e-01	1.567533150440936662e+00	1.355497189155298599e-01	-6.926414203952560023e-01
nan	-7.105515992450932572e-01	5.992782465043333673e-01	6.495057054274866459e-01	5.325703244638496647e-01
nan	7.118216495957786494e-01	-9.551372856422435387e-01	4.893325348844658751e-01	1.285135696717507603e+00
nan	1.077586845723934594e+00	-5.815706517186937097e-01	6.169598773358318106e-02	-4.583297399252517224e-01
nan	3.118288647717644135e-01	7.773245919408713345e-01	1.240849765150664696e+00	2.349439356524588296e-01
nan	5.936579486687290630e-02	1.158463912803912255e+00	4.613641422628267375e-01	-7.228557122118177414e-02
nan	-8.701494111267956688e-01	1.216941325153155118e+00	-1.145102568983817765e-01	-2.576552993280073478e-01
nan	6.525370137872905651e-01	-1.815506532056646360e+00	2.735749750653623469e+00	7.758532086937082184e-01
nan	4.141301310483758158e+00	6.388677763792002251e-01	8.170462616348749263e-01	-3.216269667185594483e-01
nan	-1.616921254033713007e+00	4.260148427731103027e+00	-4.644041043192133067e-01	6.327731239809285535e-01
nan	1.317697126149627529e+00	-1.585818035750587773e+00	2.088345479593807785e-01	-1.879161612976691931e+00
nan	-1.659342272981762845e+00	2.120309305288769153e+00	3.379660128738416480e-01	-1.949722561726597192e+00
nan	-2.477571196782166307e+00	-1.443393488742721553e+00	8.246656987132332528e-01	1.511752764631259793e-01
nan	-3.056113117256045175e-01	-2.753343497771773229e+00	8.720073632628069782e-02	-1.027802202831666678e+00
nan	9.073503391540611585e-01	-1.467974451643023537e+00	6.055357198659062634e-01	-6.731923547536277086e-01
nan	-1.387150190369992320e+00	1.612419157682894566e+00	5.548805461121590898e-01	2.706448095173240032e-01
nan	-4.026097580307715362e-01	-1.280228045139040205e+00	7.161213122348099314e-02	-5.551796084896040151e-01
nan	-1.928344463622565508e-01	-4.331182669953370645e-01	-5.637326646673920250e-01	-1.318112863530247925e+00
nan	-2.447981473904718097e+00	1.156632989291779712e+00	2.588758165014363732e-01	2.594298386019018299e-01
nan	-9.627780412364672635e-02	-1.339367960843868444e+00	-8.731647968445758190e-01	1.420504580490719926e+00
nan	2.973866797476445001e+00	-8.432626409744150564e-01	5.234022264614490716e-01	-1.419982961531884413e+00
nan	-1.050025157385784169e+00	2.946310465561334357e+00	3.006114849779065734e-01	9.558924358855360737e-01
nan	3.195267034270428130e-01	-1.795163114013841987e+00	8.627691623615380001e-01	1.008931810047634325e+00
nan	3.629702789663671769e+00	-2.589544602012378016e-02	7.114735700950848285e-01	8.799612909492372514e-01
nan	-3.939114192349485455e-01	2.850167562089043205e+00	-1.260067947166824798e+00	8.865999180260709933e-02
nan	1.189929328638744233e+00	-1.396409601945974299e-01	-9.325215729663166586e-01	-3.866102384605940578e-01
nan	4.389946725822576612e-01	8.832333554995071001e-01	1.136037038815869815e+00	-1.619778844200757462e+00
nan	-9.533351814398153268e-01	-3.081830614801034374e-02	1.336970750631351956e+00	-1.282189723525186231e+00
nan	-6.069205431922993776e-01	-1.109957442164191344e+00	-1.891581506557002523e+00	-8.747664308773852593e-01
nan	-1.039334958352256422e+00	9.691488760690225579e-02	-5.392126112885556322e-02	1.675943595869544556e-01
nan	2.153657092721350530e+00	6.836003576230653689e-01	-2.038549758719624960e-01	-2.839138809998986157e-01
nan	3.270946518347894183e-01	1.337751045586169418e+00	-6.812836538922760754e-01	1.524929264575464405e+00
nan	1.358273120749646790e+00	5.538702358472702425e-01	1.911950664624507246e+00	5.679782919334903646e-01
nan	1.823003605329469590e+00	4.470959905810706347e-01	5.514063823746456761e-01	1.430129865664968580e+00
nan	1.485405220860779307e+00	1.864538539282616814e+00	-5.796573858945551772e-01	1.399911930577325103e+00
nan	1.325022578781872351e+00	2.206420214986354988e+00	9.515604884234486471e-01	2.237173864922987310e+00
nan	6.930750545336343826e-01	1.291522945720896542e+00	1.546988124340391346e+00	1.850376178032645091e+00
nan	2.459590575381819022e+00	3.721641156438281195e-01	6.733152772931613184e-01	4.953763970127375016e-01
nan	7.869110943509523004e-01	4.387296737996322804e+00	7.964440249673448990e-01	8.347943859033528646e-01
nan	8.036351590808843426e-02	2.198986905970473416e+00	-2.938748843612406514e-01	8.235279115857603305e-01
nan	2.003353751356611312e+00	1.086853034254841865e-01	7.556002308245507448e-01	5.701399624696109614e-01
nan	6.697607349344901762e-01	2.403198631577524225e+00	-3.821707108670114872e-01	3.207651640147910488e-01
nan	-1.602349041872984436e+00	-9.287742862399442911e-01	-7.106119154645443858e-01	-9.120325823790803588e-01
nan	5.019459927793402665e-01	-2.195243377438750088e+00	-6.397976176220609990e-01	-3.548277983116676082e-01
nan	-1.160505262089819301e+00	3.465861216117558374e-01	7.356358617502938291e-01	1.274643969493142182e+00
nan	1.896195819006011973e+00	-3.374924811219092824e+00	-5.352480290021786047e-01	4.282467675287354725e-01
nan	8.938590229158143163e-01	2.039595730529287554e+00	-1.753538233657394585e+00	-8.139346598980263803e-01
nan	7.934219459539344488e-01	1.853198888690665846e-01	-1.793051493026627252e+00	1.737802590184350238e-01
nan	7.930401042738828288e-01	1.297955875432312389e+00	1.881053629594924281e-01	6.171626069348484789e-01
nan	2.299760062227283797e+00	1.431141405033654390e+00	-1.711751264968692565e+00	8.734410771546674557e-02
nan	9.974347960041622940e-01	1.961795068148235455e+00	6.291641715353722686e-02	-1.467942328769679339e+00
nan	-4.811387867342401536e-01	1.763267105272484869e+00	-1.801372225052949139e+00	-9.631545612667896661e-01
nan	-1.125746557130326897e+00	-6.603399042087811921e-01	-1.763666265133451982e-01	-2.139459561032698964e+00
nan	-2.082271826313999430e+00	-1.201136206510256210e+00	-5.580543861953932844e-02	-1.208135966410708972e+00
nan	-2.494017601954563901e+00	-3.010879667037124729e+00	1.343681940011367981e+00	-1.550211888354604328e+00
nan	-2.569124364730972943e+00	-4.153348544324797942e+00	-8.468269374172316954e-01	1.099300719217458200e+00
nan	-1.068312460065530267e-01	-8.803720563820045530e-01	-1.557836443013997929e+00	8.077577499614843060e-01
nan	5.330475358109556527e-01	8.424727070940252194e-01	3.784773191231782241e-01	1.421647980279797663e+00
nan	2.134277597823303729e+00	-5.954768534584458095e-01	-1.111200877980098034e-01	-7.593425914409549504e-01
nan	-1.518090076152285750e+00	3.205816659542857217e-01	-1.860722835367798700e+00	1.970691025053250209e-02
nan	1.133042495597802901e+00	-1.400314729031547412e+00	-2.687563852626310701e-01	-1.038465048804418034e+00
nan	-1.395042426890422238e+00	2.235819673457303258e-01	-1.095756191619935205e+00	1.938239840300335637e-01
nan	7.153963390393520694e-01	-2.199592353298012615e+00	3.602681252510199772e-01	-5.976386529463325603e-01
nan	-3.982411717599463330e-01	3.395820169744811490e-01	1.085293040058924907e+00	1.406823857190304006e+00
nan	-8.671091211859967007e-01	-1.664948328868921967e+00	2.677102316536166815e-01	6.637294409585565713e-01
nan	1.396886056168707757e+00	-1.037072328823217315e+00	-9.892849379378049202e-01	1.681970767555535318e+00
nan	1.081554119299737549e+00	4.773909943903207331e-01	-1.469452347740292930e-01	2.687308699609062268e-01
nan	2.328153036538544440e-01	2.009701330335258884e+00	-7.884965095593731155e-01	1.563451351922237498e+00
nan	1.848314070742498094e+00	1.520281185941817492e-01	8.865011172935686190e-01	-1.487419972847486616e+00
nan	-2.342513652011951386e+00	2.395708332785171812e+00	-1.247212898897258837e+00	2.739605528796394407e-01
nan	4.843032710234924099e-01	-1.981202222739649743e+00	-1.628632094961291576e+00	-9.866013595452473028e-01
nan	-8.538641903723017679e-01	6.746476854994700734e-01	9.811087716312966167e-01	-2.802546663610757105e-01
nan	1.114154018725256989e+00	-4.283621382937694011e-01	1.374424079752778027e+00	-3.963380278117224487e-01
nan	7.365871592715057536e-01	1.764685987694126768e-01	-2.835210020864635805e-01	1.796031047475094899e+00
nan	2.125712577865298325e+00	7.412171619694922775e-01	-4.328940394127578917e-01	-8.886839377635501469e-01
nan	-4.102981262936941320e+00	2.991494092843246744e+00	2.462688380465142823e-01	2.028960925433140439e+00
nan	2.951343485596918725e+00	-5.091500091635832170e+00	-1.131884456082586698e+00	5.829298820241515244e-01
nan	1.349552384511472747e+00	3.624137509980632998e+00	-9.357565486262691135e-01	-4.172645068100792609e-01
nan	-6.631695325414008746e-01	2.906730133290222895e+00	-5.977525753122293617e-01	1.101993041452151573e-01
nan	-1.416436525211783426e+00	-2.093516948046815429e+00	-1.161229664636181935e+00	6.002693347930351253e-01
nan	-8.412826462637431613e-01	1.406279936475705927e+00	2.562451452953853903e-01	-1.075427296984134529e+00
nan	-1.166071628249998327e-03	-1.914358130078797515e+00	-1.797957682921828282e-01	-3.463142501826687036e-01
nan	6.398299808602568861e-01	-3.435508138040950232e-01	1.155464161161761510e-01	-7.739486229765061287e-01
nan	-2.571914716307453830e+00	-9.689732645072935968e-01	1.604351786795600976e+00	-2.462409589408992294e-01
nan	-1.105528377760730541e-01	-3.335384081331864259e+00	-1.607573346196612407e-01	2.565335165637998571e-01
nan	-2.570143063122684257e+00	1.363868223545078084e+00	7.165407201608253729e-01	-1.590437348418295649e+00
nan	-1.290036985816546578e+00	-8.055786269216800299e-01	1.955310289101893639e+00	1.352147044205649129e+00
nan	1.376604636106677715e+00	4.681928449999661623e-02	-1.074763984367563596e+00	1.613288177352665942e+00
nan	1.140317845832826693e+00	4.988405306499740233e-01	3.260156979283928558e-01	-3.536574271421877858e-01
nan	-4.592716135840892444e-01	2.067493682435666003e+00	1.010962717421643564e+00	1.531940830051595093e+00
nan	2.503459680473521409e+00	-2.088659234178968926e-02	-1.807450001403060558e+00	-7.021380020325210802e-01
nan	-7.742075845461358075e-01	2.259293204921112075e+00	-8.319111208388396683e-01	1.068372652153374430e-01
nan	-4.533235623753046895e-01	-1.172515945178508989e+00	9.718558972512086891e-01	6.006563683459995584e-01
nan	5.665459559794217004e-01	5.233210348527380651e-01	-8.185955223828892402e-01	8.906341451351360572e-01
nan	9.191592413416026508e-01	-3.749117453175997428e-01	8.213678336584209205e-01	1.566560617225973839e-01
nan	6.966337093251387946e-01	8.128117296990661211e-01	-7.537402178133359998e-01	-4.498543764551289348e-01
nan	-6.639548409443354338e-01	1.833825561046898311e+00	5.957389944361304313e-01	2.208459761015777456e-01
nan	7.923040598882598040e-01	9.180669175144884342e-02	1.013582387538366214e-01	-2.949991546981276525e-01
nan	-7.399130952590116106e-01	-2.125258416910407178e-01	-2.481000333002588043e+00	-1.615555889460545513e+00
nan	-2.869856652045176038e+00	-1.512107185175450841e+00	7.424732246187226714e-02	7.471143606715250352e-01
nan	3.236939761979866770e+00	-3.550657401005093305e+00	1.657794785168421603e+00	-9.497544702696895103e-01
nan	9.065949266018714647e-01	8.171307197994135407e-01	-7.944830635309976241e-01	1.433798449610565795e+00
nan	2.273859187711712693e+00	-6.425182786350636110e-02	2.241819664109630406e+00	-1.810011498740966562e-01
nan	-3.109816189722811042e-01	2.401813914315908960e+00	-1.161159370102538418e-01	1.142009461071435750e+00
nan	1.173156794716228690e+00	-2.379282096981034100e-01	2.218197280703487206e-01	-1.630592643063119906e+00
nan	-3.053835902457424645e-01	1.171342786196172048e+00	-7.190338138033085941e-03	-2.642788158611122373e-01
nan	9.130830473051474439e-01	-2.839723262326603881e-01	-8.528568591884820860e-01	-7.612447095317222967e-01
nan	-6.183604802111781762e-01	1.238874884993305781e+00	1.236351048766499483e+00	-5.160152541951859018e-01
nan	2.264823082834651835e+00	-5.405284642378327398e-03	-1.000626374591427004e+00	-5.283766013006557100e-02
nan	-2.142930843134134733e+00	2.065715944110105173e+00	1.533199015641997509e-01	8.603186721947136961e-02
nan	-1.320519274071764393e+00	-3.366896278315524960e+00	3.645893810378091904e-01	-1.665066806434650548e+00
nan	-2.706618246247157966e+00	-1.815490427215999292e+00	-2.484769749362692792e+00	-6.619916959480778296e-01
nan	1.415853202135242572e+00	-2.561331210888630583e+00	1.086171911678477153e+00	5.133452101345191698e-01
nan	2.251204829235526894e+00	2.782831339100253487e+00	-1.290190948087108547e+00	1.412797582570764487e-01
nan	6.349539452024387520e-01	1.860535648314861401e+00	-1.680327870747467811e+00	6.862480723570659746e-01
nan	2.557074761507776572e-01	1.419493116620885065e+00	-3.067393687260965840e-01	-5.547681795441621322e-01
nan	-3.601963301952205709e-01	1.974144039246085724e-01	5.723904547893924333e-01	-4.000145261424125076e-01
nan	3.473066057534910378e-01	4.264315127946185502e-01	-3.615772646170888893e-01	5.473051795736254554e-01
nan	9.077132968087946452e-01	6.084592698419817314e-01	4.359381812389698796e-01	6.392420105205030012e-01
nan	1.823719398995974572e+00	6.635467077837405858e-01	-9.911046419428132248e-01	1.571971196665022941e+00
nan	2.285214019580051215e+00	1.577322216571515057e+00	3.466483611616316685e-01	-2.319048733270167861e-01
nan	1.379062070002924578e+00	3.144904510772593476e+00	-6.916920264958140718e-01	1.613046543825953916e-01
nan	7.300948533979247923e-01	1.231769506777143697e+00	-6.689051167905704087e-01	1.444000844905471093e+00
nan	-3.704661190391211889e-02	4.191350295471290566e-01	2.399850415345740062e-01	-9.332348874119481552e-01
nan	-1.628029841426127611e+00	-6.035961929944625437e-01	-2.494265447557327597e+00	6.634837814981018322e-01
nan	1.052477502575883017e+00	-2.807287577806181655e+00	-3.216374387367573751e-01	-9.049225040755812799e-01
nan	-3.860933823601535586e-01	1.192428915235956399e+00	1.123640722913502366e+00	-8.386466469835004434e-01
nan	-2.976478081873395798e+00	9.810788489213810859e-01	-6.502038847835824864e-01	4.068232267748930764e-01
nan	-1.171746824711612511e+00	-2.500088872043052746e+00	1.068639148056002686e+00	2.066403681996838770e+00
nan	2.622139480623597585e+00	-1.141465752389677624e+00	1.290151040322108644e-01	7.350385037243370445e-02
nan	9.880283518169303836e-01	3.567846728230514852e+00	3.050392590467062570e-01	-1.066446500383373186e+00
nan	6.635281982526715083e-01	2.572102584121583213e+00	-6.126214621360130952e-01	2.748125907259388878e-01
nan	6.560375676694234492e-01	4.484018772163269606e-01	1.033496651837444436e+00	2.193742356868879639e+00
nan	3.580713604674403694e+00	3.608287781630735713e-01	5.907713369779705737e-01	1.550840978027810735e+00
nan	2.852358381603721682e+00	1.967520146361637412e+00	-9.869732636679118265e-02	-3.419275841836155738e-01
nan	-6.395462951456858391e-01	1.807346584303455073e+00	-8.997501670235423799e-01	7.741872180881625987e-01
nan	7.056495491804106734e-01	-2.371278475600152591e-01	1.590862205317359779e+00	-3.279400322957458092e-01
nan	-5.400764522431690251e-01	1.269449427286882148e+00	-1.118950654415020729e+00	5.908903081680505487e-01
nan	3.400984465173592763e+00	-1.322696021509065734e+00	-1.842949454133128162e+00	-9.604515476392161411e-01
nan	-2.068398283416372330e+00	5.839220370022374595e+00	-1.718473419621907861e-01	-1.709854195596891557e-01
nan	-1.686020933273605582e+00	-3.083644527098544863e+00	-6.226661401796292766e-02	-1.430548352110334320e-01
nan	5.413875435098194910e-02	-8.689091545250314796e-01	-7.349977910214526566e-02	-2.188387732367807814e+00
nan	-4.516784760952912592e+00	1.147823913206748259e+00	4.154795039305148041e-01	4.352876246140182093e-01
nan	2.188163207065251470e+00	-4.558454672533041929e+00	5.400573840993221353e-01	4.068292890289870178e-01
nan	-7.311822466459425574e-01	3.070352519393728663e-01	-7.110869710586603665e-01	-1.444936451469874372e+00
nan	-2.521712179249859354e+00	-1.357861870318456399e-01	1.180054235177423916e+00	8.579529090880432252e-01
nan	5.969379761024904418e-01	-2.068031255593680395e+00	8.050054051844959258e-01	-6.961841440965250705e-01
nan	-2.242212055818347594e+00	7.438165178272795330e-01	2.619653758833211943e-01	2.662674781609388752e+00
nan	3.527395932780343912e+00	-7.421623911749399838e-01	-8.032046085944966052e-02	-7.803888114067705946e-03
nan	-1.950674142614644779e+00	3.588246719451844591e+00	-1.588786594979438027e-01	-1.900791751011816189e+00
nan	-2.341991353238846774e+00	-1.455386216660117471e+00	4.148540617494523297e-01	1.870386054055030556e+00
nan	1.331034353110522428e+00	-2.187557542437241320e+00	-8.192927187506429121e-01	-7.481391890072588979e-02
nan	5.527701248498771980e-01	4.314966348095472526e-03	-1.994006207824629562e-01	8.204253860847371405e-02
nan	-5.319936700346095115e-01	-8.724275688752006763e-01	2.123596660992487895e+00	-1.494177643970013403e+00
nan	-5.466658211032180414e-01	7.710663174834642142e-01	-7.114170548629106250e-01	-1.524404296895982114e+00
nan	-3.500540196904564638e-01	-1.198001203258949765e+00	-3.043678490974089379e-01	-6.788757301913554698e-02
nan	-1.196953225101596185e+00	-1.250806060344624715e+00	1.628020939413391099e+00	2.407100138640590470e-01
nan	1.198952443202885965e+00	-2.550437873402344735e-01	-1.533909667370613850e+00	3.512090471415977855e-01
nan	1.303721145656924429e+00	9.569607017932635351e-02	-9.513665668285481436e-01	9.441052919018443346e-01
nan	1.069858685488692673e+00	1.282090012783434929e+00	7.670675196363992976e-01	1.748849601004436094e+00
nan	3.899982255585581647e+00	-3.474877415706021377e-01	1.392680547307029837e+00	-4.132091951260530305e-02
nan	-6.612982132952922587e-01	5.461098905761756939e+00	-2.476178754763342926e+00	3.898892190105922029e-01
nan	-2.926505839552082100e-01	5.765612008306753022e-01	-2.056604529550584357e-02	1.380679036738532872e+00
nan	1.043861518517364306e+00	-9.424289537510159853e-01	-1.866856485904149487e-01	7.182881129468537962e-01
nan	5.519066186415790831e-01	2.661565269348980856e+00	5.541858831327466373e-01	-2.009144443991212614e-01
nan	3.830471153251080452e-02	-2.489842153135699121e+00	1.250181831941054866e-01	1.472454695748323106e+00
nan	1.363446832751681326e+00	-7.888578509441896980e-01	-3.236981531669809731e-01	2.526550717068021701e+00
nan	3.154937791909206091e+00	1.827101541787381489e-01	-5.478219290866793711e-01	3.754824732345365401e-01
nan	3.107745608156147199e-01	3.511204445173081279e+00	-5.164999076418175239e-01	-1.841190677990797719e-01
nan	1.095787809317155581e+00	-2.818256504552899555e-01	7.981189957005634383e-01	-1.119361609853344597e-01
nan	3.495351792708647487e-01	8.120248236808289555e-01	2.016620823599535872e-01	-2.614484673833762929e-01
nan	-2.382841929403070602e-02	7.742376362110714449e-02	2.411274610191205814e-01	1.305284409738358686e-01
nan	1.338952880999656925e+00	-8.124709182472421576e-01	-1.397159988308537715e+00	1.534852993613556205e+00
nan	1.719421403956565175e+00	-3.796477798764499312e-01	1.684993186455493230e+00	-1.158377571741284973e+00
nan	-5.656728565398997377e-01	1.388044688347105815e+00	-2.517294252003043908e+00	-3.126551265301186766e-01
nan	-1.845830690763109683e+00	-1.093726506377978414e+00	-2.147306952146701628e-02	-1.764840639299988689e+00
nan	-3.182908651187357219e+00	-1.449554736192477877e+00	-1.949575532143333900e+00	1.561969655967725690e-01
nan	-2.833414474944386807e-01	-4.640349584480203404e+00	1.544552776782119052e-01	-1.009314477976196667e+00
nan	-1.566551392912549634e+00	-5.274494098209745463e-01	-7.093378844524345084e-01	-8.227072486700219844e-01
nan	-3.154538607983103926e-01	-1.353381955156837124e+00	1.498792425390060190e+00	-3.959907659193401819e-01
nan	-1.283047010264126486e+00	-4.095959491098073446e-01	1.674878169094188296e+00	-2.805253234614427660e-01
nan	-7.695604552965106260e-01	-1.789765009310988031e+00	2.350576010704683305e-01	-4.813940307005232788e-01
nan	-8.298763707398180145e-01	-9.695877226732293463e-01	2.705865824854838841e+00	-5.490347157208700368e-01
nan	2.216829623932886628e-01	6.324117412916583358e-01	5.709624738515661768e-01	1.189571013127787014e+00
nan	2.302950288351134578e+00	-8.248405345196044847e-01	6.987508877940609153e-01	3.046378191221751353e-01
nan	1.563041433633390209e+00	6.955410424140797687e-01	3.152090241446555696e-01	-3.084136055259288689e+00
nan	-2.958344294399477992e+00	1.389957406901101589e+00	-5.212165950544923876e-02	-6.766131661982974776e-01
nan	-1.268902432388516521e+00	-2.919938948622535335e+00	-6.687627615418119120e-01	-5.595491664490406247e-01
nan	9.901989012990106698e-01	-1.362072707855259024e+00	7.351732182977938068e-02	-5.466081618937123077e-01
nan	-2.872281637276896671e-01	5.545375899931404007e-01	1.084761565127782212e+00	1.065813787507629229e+00
nan	7.843947074465473790e-02	-5.094884939692934100e-02	3.597357106141240712e-01	4.395008285560009220e-01
nan	1.903824083953885138e+00	1.297277094365252570e-01	1.597317244666963454e+00	-1.172314076240296155e+00
nan	5.016159315864361368e-01	1.450159078988025652e+00	2.058976309599212406e+00	1.256163135564722477e+00
nan	7.847564400186728406e-01	-8.753785065149501943e-01	-3.526323613465578988e-01	-9.593648282620786949e-01
nan	-7.134548257891955014e-01	1.283717706134034353e+00	-2.006209806362203363e+00	1.216831289806868943e+00
nan	6.599772819661391399e-01	-1.174796690454810610e+00	-7.102554132512640672e-01	3.168447154591101711e+00
nan	3.012528798526231455e+00	1.038629940521573758e-01	1.352264448046670009e-01	4.628009824774037551e-01
nan	3.055280593793420207e-01	2.662742284001457627e+00	-1.113356768328410268e-01	-1.260976000623088150e-02
nan	5.607830209322060000e-01	7.296674834434093704e-01	1.670233022462053851e+00	-2.220521465065459221e-01
nan	1.458901024329346097e+00	-2.675266727727513283e-01	2.798734380808096223e+00	-5.389176641221625763e-01
nan	-2.005136788033264672e+00	1.839778503598981318e+00	7.495065675402919902e-01	1.705619732130335686e+00
nan	1.298613296010399765e+00	-2.792240268483769050e+00	-2.108944800992298418e+00	8.364344145037457823e-01
nan	5.120664282253657440e-01	2.180012745034836552e+00	-1.313104625495095545e+00	7.055940997395052650e-01
nan	1.809204495970999638e+00	-4.929304954874689226e-01	-1.189707774638203652e+00	-3.771666373393307015e-01
nan	-8.572477557918083413e-01	1.123797104554126403e+00	-1.095188656539307359e-01	1.222729850926456585e+00
nan	1.683103511244995909e+00	-1.385238328842408606e-01	-1.292187884338894088e+00	1.248661488050207685e-01
nan	-8.106425535983734498e-01	5.769710421499960606e-01	9.629719552945912309e-01	-1.034967100738664270e+00
nan	-1.943040355172498845e+00	-2.901828010206419339e+00	4.549572910600808151e-01	1.245597338872175053e+00
nan	1.944885715859168362e+00	-1.947895813729467740e+00	-1.776429652649963664e+00	-1.290829022947528326e+00
nan	-1.249328656528783110e-01	6.805074886142581381e-01	-9.871097780294623147e-01	1.938457948143518239e+00
nan	-6.745981994639715928e-02	2.261031795796704658e-01	8.754146119778379864e-01	-1.314490832548919519e+00
nan	-2.641490663287524576e+00	8.554783030011170464e-04	9.164745886969841715e-01	-6.175647238390172822e-01
nan	5.178025703126641899e-01	-2.940016759494406884e+00	9.145603542774788375e-01	-2.017792376696045942e+00
nan	-2.618703071082742362e+00	3.449130196950723981e+00	-1.088721654386682128e-02	9.099001263723364152e-01
nan	2.999830335954902782e+00	-2.594121993744922250e+00	-9.077470422316268328e-01	9.487678649112756268e-01
nan	1.939633467562483116e+00	2.461736227408137800e+00	1.363234671934709374e-01	-5.728944442161543193e-01
nan	-9.222023976133620904e-01	2.694401802549682756e+00	-6.046643076607414180e-01	4.451275660293865788e-02
nan	8.105036997780735719e-01	-8.715959546145002346e-01	-6.577613385533119805e-01	-1.329350012352732202e+00
nan	-2.505491832852225098e+00	-2.485373055755489835e-01	-5.195758854240097868e-01	-7.978445418066543171e-01
nan	1.162833117592516619e+00	-3.850888896342997469e+00	-4.293249880482352676e-01	8.153839852563116164e-01
nan	1.047722898360758048e+00	1.271629872161361252e+00	1.222989845451551316e+00	2.839820267904136775e-01
nan	-1.450930903425448726e+00	-2.933198758877235690e-01	-2.205231922931059629e-01	5.962634053019025826e-01
nan	-1.910989732320155232e-01	-1.221735107215657479e+00	1.314480231677382482e+00	1.024933444929385429e+00
nan	2.077645811305724344e+00	1.547278401021342287e+00	6.065783164575088149e-01	6.203794865109173440e-01
nan	6.073573040981853355e-01	1.358656689832040243e+00	-4.169609031464511784e-01	1.402566582633427483e+00
nan	2.101817023455647693e+00	-1.690987924257582042e-01	1.072055882772044777e+00	7.785358686192250799e-01
nan	2.265800735994260684e+00	-3.210862056852938906e-01	3.946180090934287010e-01	-3.923878418573510940e-01
nan	-8.755951875686760477e-01	3.113189215723925152e+00	-2.007647799892236407e+00	-2.056987140895562005e-01
nan	4.505564316067748321e-01	9.496341672067660777e-01	3.002041125241872513e-02	-1.742660903726177546e+00
nan	-1.048373373716417145e+00	1.116758600946309521e+00	-1.272778911795353039e-02	4.040054923933857345e-01
nan	2.032862803206657354e+00	-1.592667593549841332e+00	-1.440756007337638422e+00	-4.186646145834231336e-01
nan	-1.442971306129083642e+00	2.223361781325539965e+00	-1.443337969844104451e+00	-8.138386904902180641e-01
nan	-2.088669539818183374e+00	-2.817347862172214779e+00	-1.307006670808349424e+00	-1.504335493628384535e-01
nan	1.001717143964576895e+00	-3.270295921131810779e+00	1.112988192255308650e-01	-1.023669984665223742e+00
nan	4.251196663190510705e-01	1.128853864576953470e+00	8.095979341450647571e-01	-1.207839939815653074e-01
nan	2.370401722026935221e-02	7.653053779900198528e-01	9.445686050516455268e-01	5.350217754662452974e-01
nan	-1.314144771893826391e+00	-2.187065196357468544e+00	-3.233382026275039567e-01	1.964525713698432319e-01
nan	7.103891690167163375e-01	1.215211204927828526e-01	-9.185412461005166840e-01	-1.095002018955171019e+00
nan	-9.341087892623889388e-02	5.307444097648933434e-01	-1.680815672713580622e-01	-4.326108232383472640e-01
nan	-6.790651413813513226e-01	-1.198638851761859359e+00	3.277887895409010710e-01	-2.357941415842073951e+00
