nan	-2.737899249650677658e-01	-5.109696865762758389e-01	5.837227206419781655e-01	-7.168702173670745692e-01
nan	-1.755678810453363603e+00	-1.775658006818094270e+00	7.725082890823051773e-01	-2.664707330069110980e-01
nan	-1.728393091507588020e+00	-3.796906565669701639e+00	1.608095239403600329e+00	-8.387856140999382371e-01
nan	-2.142013016491031152e+00	-1.283356241181096813e+00	9.632825676726152198e-01	2.081569229015705069e-01
nan	1.275891958406411453e+00	-1.504459560906932669e+00	-5.490770043378480070e-01	-5.182541203069294111e-01
nan	-1.659438463145305409e+00	2.504898311393666255e-01	-8.710419423564458308e-01	-7.597101643550325800e-01
nan	-4.769225537813589488e-01	-2.155121963664773599e+00	-9.447901374734152258e-01	3.766184043644193458e-01
nan	-2.723206695737488414e-01	-2.551319901883745800e+00	8.797326195460520859e-01	-5.883029321515673704e-01
nan	-9.090114732667354813e-01	-1.080634067056651659e+00	-1.154106070834231446e+00	1.142366675822465094e+00
nan	9.973294140605875047e-01	3.542495913916862138e-01	-7.624007585923554542e-01	5.668636109995212058e-01
nan	2.637581900345146169e-01	1.294324811819214549e+00	1.018285634251247240e-01	1.996268650389391608e+00
nan	1.214416184239859975e+00	1.186147983812739337e+00	-8.709640684646239306e-01	2.823997773900178143e-01
nan	1.277164867552944783e+00	1.836717024543259580e+00	-1.260731144971662054e+00	5.898761241909088460e-01
nan	-5.345042044835454087e-01	1.823270590907204003e+00	-6.301666637098615187e-01	-7.126143544653208428e-01
nan	1.521683919277116548e+00	1.912562043578681648e-01	-4.964610515708525740e-03	2.557902063164614326e+00
nan	2.950680924466042132e+00	-1.457561802109450966e+00	-5.396487810864295520e-01	-1.427100311954742351e-01
nan	-1.257792927812366512e+00	3.941671204464315181e+00	-2.344117415919797942e+00	-3.183865865481445012e-01
nan	-1.999842626900210640e-01	-1.676758284311344660e+00	1.344352276312676508e+00	1.325189981549547813e+00
nan	1.873112221351317164e+00	-8.997940205212509035e-01	-6.290014879359784317e-01	-1.720073710046224613e-01
nan	-3.452636949486853624e-01	6.338190790020845622e-01	5.535714612985827981e-02	1.417971815218079801e+00
nan	1.602056769610059606e+00	-6.551255352572105117e-01	6.289703369139764133e-01	6.170033101291163558e-01
nan	1.870464650176282273e-01	1.960160431688426685e+00	-1.063740980162546368e+00	-7.774235799887401210e-01
nan	-9.961084066537568837e-01	-7.370458966239920029e-01	6.930342893504040092e-01	1.621345039651378439e+00
nan	9.745619518358311639e-01	-1.593669245278974245e+00	2.138597745219203983e+00	-1.136393997544108192e+00
nan	-1.227226187209891073e-01	1.992962483741584911e+00	1.308949004841881480e+00	4.724299622096362339e-01
nan	-5.837269071028301504e-01	2.930573618093332833e-01	-1.113502674990231034e+00	1.354202855762169089e-01
nan	9.933746098130761260e-01	-1.487256210439201976e+00	2.051147225610392699e-01	7.236736802419726500e-01
nan	1.860342381672434708e+00	2.130525113410557836e+00	2.413576630095593423e+00	-8.009743552805845823e-01
nan	-1.267101665674986277e+00	9.271067491343898403e-01	-1.226179313694597317e+00	1.366161114245177721e+00
nan	2.389765455079246870e-01	-5.556232679485630932e-01	-2.317143043590655260e+00	-9.887026022074567322e-02
nan	9.053429978152571778e-01	-9.115567927655693348e-02	4.506679350571544673e-01	2.090716175588483716e-01
nan	-3.438353493631144397e-01	1.064521404822605932e+00	8.498759502026450585e-01	1.073271995067502260e+00
nan	7.011415906014374366e-01	-4.965767050563756335e-01	7.064207706130473108e-01	1.036995181148149925e+00
nan	1.379671302561928714e+00	-2.607059431095244406e-01	5.118872148406296008e-01	-9.123590233667293603e-01
nan	5.248418437382560420e-01	4.569333029895581433e-01	6.432320113182168897e-02	-4.287492281422781160e-01
nan	-2.648269935170379785e+00	4.540275517316446630e-01	1.145486060240741288e+00	3.591176692167423190e-01
nan	-5.072603044620793700e-01	-3.635443094619997151e+00	2.928635605385457308e-01	1.441458866037716335e+00
nan	5.516608253199055678e-01	-8.507120368497395058e-02	-1.279394161607621649e+00	1.689970749587916155e+00
nan	2.314696421472179022e+00	-4.779007519595965814e-01	-1.194191988388802139e+00	7.139196048251623683e-01
nan	1.240526193189669835e+00	3.846392540270523686e+00	-6.703247104062033390e-01	-5.684047838763458538e-01
nan	-1.774955268856785562e+00	1.045099882697544835e+00	2.301358978064263483e-01	2.127627343720596975e-01
nan	-2.877686759025093188e-01	-7.017369640572481693e-01	-2.764362167991537000e-01	1.330122070271422485e+00
nan	2.578068413511309664e+00	2.235779223899188040e-01	-2.874754226951183322e-01	-3.787685394628826502e-02
nan	-4.667024119565335583e-03	1.912443638265370893e+00	7.863420894651771409e-01	-1.558803845428004542e-01
nan	-7.425281649540309559e-01	2.326659384439754841e-01	3.579605586511800386e-01	-3.525549592200844518e-01
nan	1.766364286667801431e-01	-4.973804891423534436e-01	-3.022403325823482811e-01	-1.921131172252484032e-01
nan	-1.039166313903816086e+00	2.174846757400146657e+00	-2.156066847340457615e-01	-1.720109031032654778e+00
nan	5.682535756685624939e-02	4.945290845447725125e-02	-8.039828348431166116e-01	-6.200393181069632220e-01
nan	-8.765407536692599866e-01	-1.028021866382412330e+00	-4.078536147293597425e-02	-3.698872977654792948e-01
nan	-3.865129376348506729e-01	-4.306320788982209158e-01	-3.603513041007230799e-01	1.632924074858763674e+00
nan	1.305246908484167356e+00	-9.079326526358517668e-01	-1.834940484410835682e+00	-1.328638962339932839e+00
nan	-2.215642333040900080e+00	1.442608901723041681e+00	7.339855976862590392e-01	-6.587838109515320451e-01
nan	-1.141326767641046791e+00	-2.643858896733011221e-01	4.679544992743969178e-01	-1.505934297031088054e+00
nan	-1.432114135141836941e+00	-1.353875227463354758e+00	1.907003130091667886e-01	1.009735234087356659e+00
nan	-7.418360122218425889e-01	-8.259958718090799623e-01	2.466943984613155505e-01	-4.653646121274708225e-01
nan	-1.525732699616324517e-01	-1.795338888007838474e+00	-7.641295216474047747e-01	-9.909269770431811120e-01
nan	-1.322859214418051765e-01	5.387203082930234199e-01	-3.481962077273151324e-01	1.382666427751245486e+00
nan	3.219832681110345707e+00	-5.287966770124292726e-01	1.442196687434991853e+00	-1.220906273424489097e+00
nan	-1.582490378356704808e+00	5.359518579075764677e+00	3.719623077377606224e-01	1.261415223600326208e+00
nan	2.988237482169106674e+00	-9.720056676033494991e-01	-1.501630437368236315e+00	1.059665492035253953e+00
nan	1.909016935897869693e+00	9.810635291619567155e-01	-7.269881337912305064e-01	-2.429888742619328856e-01
nan	-4.873216783462189783e-01	1.055285832085964604e+00	-4.719758831039836400e-01	-2.973628321880211201e-01
nan	-8.102847895323566085e-01	-6.708032931129095378e-01	-5.892166019978470892e-01	1.377747581726151971e+00
nan	8.729462039303930165e-01	3.998860723954691387e-01	-1.276723115738888747e+00	5.479327160759139836e-01
nan	7.008322495295777887e-01	6.747062644645485108e-02	-8.223937846073287039e-01	1.149880861311324054e+00
nan	1.599443772422578069e+00	-3.680568732029809720e-01	-2.399761578446164556e-01	-1.978030453863013349e-01
nan	-4.204235479018054722e-01	2.390739772901669724e+00	-1.764404821423698477e+00	-8.618062175828061777e-01
nan	-5.305962440836107241e-01	-8.077633240065102971e-01	-5.899313985744828459e-01	4.949443926331194565e-01
nan	-7.745514619638554921e-02	-3.371145321971935616e-01	1.484841503642885474e+00	-4.176406188036560496e-01
nan	7.210266960986302376e-01	-2.204287733766212565e+00	1.647738883097755958e+00	6.993469532425814483e-01
nan	1.184996495979835363e+00	1.413890714250945813e+00	9.500298088005835195e-01	2.260769042054249223e-01
nan	-3.688735578165954765e-01	-3.540532376464240460e-01	9.879530898372174130e-01	5.795706015027943803e-01
nan	1.022872809770700719e+00	1.616744419384343878e+00	-9.941095124484973233e-01	-2.106215130235478572e+00
nan	-4.845321164666418490e-01	2.913467986155636957e+00	7.356176414720346779e-01	4.051743466396436344e-01
nan	1.524151687116324760e+00	-1.518481967184141412e+00	-1.336916380952376304e+00	-3.835662483891306707e-01
nan	-1.380973429846875877e+00	1.947983835224498916e+00	6.285836111899856249e-01	2.119801877478673102e-01
nan	1.036457229668665159e+00	4.550193466520591201e-02	-5.151088277229776136e-01	2.902449271667915665e-01
nan	1.651343727280982221e-01	4.510844105472425758e-01	-3.020493683371794358e-01	2.071368622244760704e+00
nan	1.185287617055732046e+00	-5.643962190283569047e-01	1.767876775167974979e-01	-1.092005243936696068e+00
nan	-4.214088004173682123e+00	-7.420313931339372893e-02	3.524082139321378371e-01	7.409958807291958660e-01
nan	4.977140518085553245e-01	-2.859406993297619159e+00	-3.443038442623260198e-01	2.725774628900721641e+00
nan	1.825788398956732284e+00	2.844303194122845824e+00	-4.693583439695375031e-02	7.269425291447842996e-01
nan	1.237644090945975606e+00	5.867196896921564875e-01	-1.058117705420246191e+00	2.815641761002766752e-01
nan	6.132797351663907826e-01	7.978755555099803498e-01	-1.290810780133147193e-02	-5.479756438520145823e-01
nan	-1.089078642325205903e+00	1.243950555273692693e+00	-5.229861357311158532e-01	-5.474965166278520368e-01
nan	-9.182049025372531759e-01	-1.533009178655392102e+00	4.680387648986636950e-01	-1.067644195093280901e+00
nan	-2.434123555196434641e+00	-1.724833637340306591e+00	-8.216136717629228814e-01	-6.636192800116988977e-01
nan	-1.035589844272472693e+00	-2.175221851740335666e+00	1.706104009212697781e-01	9.938906042116877337e-01
nan	8.385236846165218250e-01	-2.672581166775829686e+00	9.098424993487840007e-02	-1.390863462016503016e+00
nan	-1.241670979597880864e+00	1.705226200035359962e+00	1.193596835681825619e+00	3.585151104269562738e-01
nan	3.219068751506919956e-01	-1.612912657019723861e+00	-1.015301583247132156e+00	1.233744431935651642e+00
nan	3.200616705040594479e+00	-1.001429130342821550e+00	2.531695622863181505e-01	-1.307171359786402087e+00
nan	-5.775041901322376381e-01	4.725079351370878200e+00	-1.582815173871293890e+00	-8.607331762535643804e-01
nan	-9.503140802432271661e-01	-5.650897898503280947e-01	7.826887482531017515e-01	-1.372925117284380825e+00
nan	-2.195702060412780821e+00	1.008736266898561107e-01	-4.041298726032302446e-02	8.717409564889820883e-01
nan	-7.439469003639581635e-01	-5.316489065118464197e+00	-6.535276263287322918e-01	6.606464107154818022e-01
nan	-1.817924947928898360e-01	-1.983001766571219626e+00	2.122931851605118214e-01	4.460191203561842399e-01
nan	-5.312030120944701839e-01	2.349346375433483125e-01	1.244278316883802082e+00	-9.970748895389587307e-01
nan	-1.464005439461101510e+00	-2.479771296550721815e-01	-8.640748797478079446e-01	7.804856745523639505e-01
nan	2.072171572374448267e-02	-3.420026688322411967e+00	2.575697623682978166e-01	1.097562897589288378e+00
nan	7.574846575789857539e-01	-8.563510579022695079e-01	1.950457422436658872e-01	-9.048492186253043190e-01
nan	-7.107808620774314079e-04	2.558567206592449406e+00	1.185409198108303030e+00	1.563667027731125758e+00
nan	1.469755363831514394e+00	1.569303505507297247e+00	-1.885363588836970639e+00	-1.329437377516690777e+00
nan	-1.349143520669172203e+00	1.106690414083378426e+00	2.600471433318182202e-01	-7.324146520927613535e-01
nan	-9.080518260964225430e-01	-2.202646927788231679e+00	5.417408176053224445e-01	-5.162941443328574742e-01
nan	-1.638977570007293938e+00	-2.651876707689659884e+00	-1.295448420791019739e+00	7.454920513495519874e-01
nan	2.204370348443041028e-01	-1.598661856728465835e+00	-3.328929322856047923e-01	2.346233365267627491e+00
nan	1.039361230744920261e+00	-4.170041894878645516e-01	9.493271389049270370e-01	-2.056089886802354716e+00
nan	-3.995869631015820378e-01	-1.716805293411776123e-01	1.327329773989931017e+00	3.929884731584180613e-01
nan	-7.196185394063914220e-03	-4.005504136163276496e-01	2.153271379992597045e-01	-4.166408848002703391e-01
nan	-3.577368981916112523e-02	1.568223152346565286e+00	-4.440530178095162817e-01	2.766180327165391750e-01
nan	2.604203554162446643e+00	-6.902811754886521989e-01	1.068724206632563511e+00	7.039050455186547373e-01
nan	1.412934756402699055e+00	4.086526157308610685e+00	-3.922870588917611867e-01	8.670693226738462878e-01
nan	1.437862844535425122e+00	8.401001223893977965e-03	1.208559524739181601e+00	-1.486022785404113256e+00
nan	-1.536392943119205823e+00	1.483970927504866921e+00	3.428002305247534465e-01	1.239206762476250612e+00
nan	8.567230486288534008e-01	-8.214862010202431675e-01	5.191492045777005432e-02	1.291709731938047501e+00
nan	7.764444713063777259e-01	1.072541283576600168e+00	-6.291148698045072596e-01	-1.003902808574238525e+00
nan	-7.732531254913611596e-01	-1.128985045149766719e+00	1.353633934273477557e+00	2.138787089274532538e-01
nan	-2.370509070130852880e-01	-1.998267722235735899e-02	-3.307890923528040150e-01	-7.757088963336892240e-01
nan	-8.624247335681296533e-01	1.605847884708427320e-01	1.810898220554031823e+00	-2.489081487902026490e-01
nan	1.792101099786577445e-01	3.123759950837303734e-01	-7.906339583864748777e-01	-5.450891807531206279e-01
nan	1.328620110930034404e-01	-9.824362664027520564e-01	-1.956216932669924358e+00	-1.548188762602658697e+00
nan	-1.690651399376384978e+00	1.162027836236379646e-01	1.033325907115171916e+00	-6.272246863086390345e-01
nan	9.865148682677828962e-01	1.863288480313951556e-01	-8.337176730742354991e-01	-1.183071337708950566e+00
nan	-1.072983677146699399e+00	2.630070806127188465e+00	-5.210070030379465589e-01	9.009352744225341825e-01
nan	9.442437210092327060e-01	-6.173941347816043201e-01	4.237842305045193547e-01	-1.418302836690914948e+00
nan	-1.205650778291530445e+00	2.089624357531490340e+00	-1.043127510324214136e+00	2.804087396592412906e-01
nan	2.343261127281660861e-01	-1.510394682407075972e+00	-3.937615341357230125e-01	6.542343186645069864e-01
nan	9.195197973355020427e-01	-2.413145617320461012e-01	4.897986794100965269e-01	7.076147454215447885e-01
nan	2.059940373217371334e+00	8.731467923309244039e-01	-5.214551849971810205e-01	8.330468997847939594e-01
nan	2.111127383394897361e+00	1.740123791978663181e+00	-3.798704133118296911e-02	2.550486029656595099e-01
nan	-5.203110967448429935e-01	2.100817666347562618e+00	-5.250589582624720641e-01	1.206507652257132523e+00
nan	1.860838622582891233e+00	-4.623169212819747687e-01	-5.034980212506288133e-01	1.534470179597384965e+00
nan	7.273775061514955453e-01	1.055520212433344929e+00	-8.652298062401966305e-01	-8.588333203264850169e-02
nan	1.319584262182898815e+00	1.650890242093649984e-02	1.096728268637036097e+00	-4.317121602744863895e-02
nan	-1.470693938781465065e-02	1.050923505291873505e+00	7.433100907253087364e-01	9.693401149760469959e-01
nan	1.314446256811183211e+00	4.958517217614311079e-01	5.272415518136274182e-01	1.939047698228283934e-01
nan	1.364075914955368285e+00	1.991071999009842219e+00	2.048584665190626541e+00	-3.725760971335972394e-01
nan	7.239985018117578441e-02	2.833666814373019260e-01	8.243121427234384457e-01	8.716441088888012834e-01
nan	4.859877064694349547e-01	-1.841688559517896673e+00	-1.195653696297684920e+00	-1.065789272766714646e+00
nan	-7.496521241146911763e-01	-6.530196870397381170e-02	2.460130197006651365e+00	7.463403089382679434e-02
nan	-7.020429872719133879e-01	-1.015343509097386798e+00	-1.206250577679306213e+00	-4.779694128130702047e-01
nan	-1.084780418103355570e+00	-1.410005561289651155e-02	-6.918005310317503209e-01	-6.430758197534934828e-01
nan	-5.984915460218496186e-01	-1.458602006632814252e-02	1.542733713110502058e-01	-3.509367119448631445e-01
nan	-1.861311298931976443e+00	-5.474971399382816406e-01	9.584490861918703031e-01	-2.417369573725056675e+00
nan	-3.189238677482016726e+00	-2.624988559018635925e+00	3.237029536850887457e+00	1.760104710576755327e-01
nan	-1.001724897855130525e+00	-3.427200966010331307e+00	2.864637335598749779e-01	-2.389782649288147154e-01
nan	-2.114890337548452348e-01	-1.632384874701206412e+00	7.043013993643766346e-01	-2.466192600749119723e-01
nan	1.012466528418381140e+00	-2.461257071295431142e+00	1.172744441862000997e+00	-1.323044170331165725e+00
nan	-1.352709668343827554e+00	8.666443271816779426e-01	-2.661169856985748372e-01	-7.095922938809593461e-01
nan	-1.102381109417573501e+00	5.839465336849303245e-01	-6.905911815753822403e-01	1.291894236679556940e+00
nan	3.534289676324307461e+00	-7.979115561386448396e-01	1.538381304477339562e+00	1.091106833030583756e+00
nan	1.914330130811257913e+00	3.751079279841207370e+00	-9.441215970709471161e-02	-1.245494989734813596e-01
nan	-6.460204648099601155e-01	1.747313259204116287e+00	5.067672808431774277e-03	-1.006617685386712036e-01
nan	1.665760104134476949e+00	-5.598754564370100884e-02	1.504299539507139460e+00	2.599925804727779344e+00
nan	2.651223121562930274e+00	1.129555361556875637e+00	3.761112719227304724e-01	1.286329492548709430e+00
nan	7.130772439915409322e-01	5.308749618421929384e+00	-3.927546260139581080e-01	-2.707553812413116545e-01
nan	6.787958054874860814e-01	2.084251365592558081e+00	9.661552590481353731e-01	6.914886997853337824e-01
nan	1.077426741486473327e+00	1.414375581968100759e+00	-6.174041435496110397e-01	3.345292045110931922e-01
nan	1.183601646345189273e+00	2.186165471591331233e+00	1.443619579637478667e+00	6.121997480707624950e-01
nan	1.462313253281068537e+00	-8.493268810843299654e-01	-9.527944728081381986e-02	6.530184361311844876e-01
nan	1.816586858639098079e+00	2.023051795323428159e+00	6.025342280825569663e-01	2.533041196322128652e+00
nan	2.999753926637585444e+00	1.936530410620125986e+00	-4.380776625871004581e-01	-3.228299361682704927e-01
nan	-4.110668004630818606e-02	2.392372793095251637e+00	5.858602409401734157e-01	1.316521158586083651e+00
nan	1.353229668348630010e+00	-7.282710348211505202e-01	-7.722622652705144475e-01	-1.328199015237610636e+00
nan	-3.640407522696619935e+00	1.420945972914566147e+00	1.506056083654356004e-01	-7.394647566776112457e-01
nan	-9.058356531153421987e-02	-4.420600693849135787e+00	-7.265929421145742584e-01	1.957768890100808568e+00
nan	2.360101975771633498e+00	1.586363914671307107e+00	-3.925816576176449635e-01	-1.515241364150224701e+00
nan	-9.826220279950992342e-01	3.204640941188745984e+00	-1.224406483441894400e+00	-6.786368649337779502e-01
nan	-1.498922820279856127e+00	-7.218998626550827691e-01	4.059009020800525835e-01	-4.810749664579361262e-01
nan	-4.310024253343301415e-01	1.726084146165282052e+00	8.974954181839959189e-01	5.231687410574349384e-01
nan	-1.181478950388504812e-01	-1.462923892114815216e-01	-2.058021273623213965e+00	1.205349217925277383e+00
nan	1.382799316109098120e+00	7.126800845067523538e-01	4.480223344853758172e-01	-5.501480396819663499e-01
nan	-6.805338345403764144e-01	2.931955235739696519e+00	-2.792548526722838376e-01	-5.253696310905496825e-01
nan	-1.517163106691838959e+00	5.284591982790987075e-02	-4.531694098484241318e-01	1.818548045712954808e+00
nan	8.994963198126373349e-01	-1.310199107458896117e+00	7.984156286749378717e-01	-4.744947673691480433e-02
nan	3.794173871292232381e-01	4.974798453146963007e-01	-9.072650642989991965e-02	-1.473442972322034805e+00
nan	-9.617952543150513067e-01	-6.183784954109754484e-01	1.107238382886590378e+00	-6.341953331595449050e-01
nan	-1.860698369843363009e+00	-1.020192679312194484e+00	-7.935724180329011002e-02	-1.829810611424197431e+00
nan	-1.604758877124099703e+00	-8.865087006263737690e-01	8.551071788390934847e-01	-2.416703861093458805e+00
nan	-4.234517604236347488e-01	-1.305189248150877557e-01	9.550442230686229106e-01	9.849646215326486320e-01
nan	-1.560637871738530524e-01	-1.309807049089469988e+00	6.283957345811478357e-01	1.349609798020894036e-01
nan	-1.631927671185234019e-01	-3.632682282418184250e-01	7.158779661121620341e-01	-6.958541443600694265e-01
nan	-1.016615051536490677e+00	1.660261478385531009e-01	1.406814705454088044e+00	1.036018489095461348e+00
nan	1.261592165838886892e+00	-1.280786242411266818e+00	2.591120062676721236e+00	-1.532968906990267888e+00
nan	-1.829846161149684125e+00	1.221222774493035068e+00	-7.922336994621864692e-01	-9.906194164362381871e-01
nan	1.239576889852012975e+00	-2.223620655341175478e+00	-7.398740056275371346e-01	-1.097802656203073379e+00
nan	-5.016499826719744703e-01	1.962125231589162855e+00	1.031353917388431629e+00	5.710296716663851857e-01
nan	9.348188083627910760e-01	-1.274790543789577679e+00	-1.754184488027975275e-01	1.130557884034177896e+00
nan	2.497715697590336514e+00	1.569730914685379064e+00	1.411335542006645127e+00	-1.547387565063035042e-01
nan	1.212936907295399269e+00	2.623197645725158900e+00	9.464188704945091235e-01	2.285390938852798204e+00
nan	2.568541561866260814e+00	2.531553116163731687e+00	-1.870331990965271307e-01	-2.748578517170294333e+00
nan	-1.096779072716071113e+00	2.878294432030344296e+00	6.959923016227460568e-01	2.539047046799613461e-01
nan	4.028939782496143707e-02	-9.754654455117783840e-01	-2.285984450363569565e-01	-7.792545922998668217e-01
nan	-3.858425687370445889e-01	-1.600613172652860294e+00	1.328463705487282986e+00	-1.065208143583315170e+00
nan	-7.978293711503295915e-01	1.320387189329943478e-01	-1.399370823991296364e-01	-3.756975105049156771e-01
nan	-1.103191162250787727e+00	-7.357029767331593195e-01	-4.173895940446511466e-01	-6.622810192929881046e-01
nan	7.022323255979497914e-01	-1.906648465571086026e+00	-5.499586919103749416e-02	1.110063215234010636e+00
nan	-4.842376520380953231e-02	7.701403340495466265e-01	-6.119485917851941181e-01	1.018940005903354207e+00
nan	-6.601936953753138049e-01	8.308781790758477115e-01	2.067113379937230433e-01	-5.776558693127189503e-01
nan	-2.188162285354824932e-01	6.049728953527948594e-01	7.170640623937578617e-01	-3.049058988853247110e-01
nan	-2.373992470380147157e+00	-2.452541936317295668e-01	-1.465036765071510816e+00	6.210460534975215108e-01
nan	-9.569019235479516716e-01	-2.616340992192963011e+00	2.953886028295552024e-02	6.925597430485265216e-01
nan	1.044063885333013086e+00	-5.014891175044400295e-01	-1.298119655418280005e-01	1.045483446181741494e+00
nan	-1.454347388585123690e+00	1.103570199507195593e-01	-1.658438388378705497e+00	3.443797827555092894e-01
nan	-9.889941993656117258e-01	-1.697493127946356095e+00	1.873312986752129872e+00	8.428931345346182269e-01
nan	4.768239475802624749e-01	1.134866437076028634e+00	-8.111252813765087444e-01	-1.033473786665550342e+00
nan	-2.408829558976252727e+00	-5.734390050830353580e-01	-1.036071328997719920e+00	1.633030654859916053e+00
nan	2.575354022759790418e+00	-1.196823907221849392e+00	-1.285712608516483613e+00	2.999611683615681975e-03
nan	-2.484229290584417105e-01	3.821944123656461301e+00	-3.823598679957056490e-01	3.084360772594703648e-01
nan	1.810345886928640680e-01	-5.818459444050088081e-01	7.879121937387957297e-01	-1.063339150774636810e+00
nan	-4.754219777563368776e-01	2.332083636404550520e-01	-4.381855717248512305e-01	-4.615904126961015153e-01
nan	-1.383245505059508496e+00	1.274741734182390784e+00	-1.503369887061945631e+00	-1.564742620454631528e+00
nan	-1.516674871275558445e-01	-9.902517645210782149e-01	3.886517250811539204e-01	-1.738077292711091459e+00
nan	-1.059728879308683869e+00	-1.004412204611691006e+00	-8.927665201898247194e-01	-7.674114856928699879e-01
nan	2.850001325368107796e-01	-2.611454318810211284e+00	8.513678026661198883e-01	-2.488838995628471495e-02
nan	3.613822286329886335e-01	-5.222828241563344243e-01	2.933746047339202967e-01	-1.173931263653111845e+00
nan	-1.302448800181852162e+00	-6.243144644514198038e-03	-8.707077672552683278e-01	-5.196301233784572648e-01
nan	-3.698702346039475231e-01	2.822967926168702402e-01	2.394094147404260964e-01	2.306703027262784644e+00
nan	3.563376073837436930e+00	1.170864253633569496e-01	6.330656520402739851e-01	1.538061568602114848e+00
nan	2.007793255565984314e+00	3.868270324690552986e+00	8.772841423101556124e-01	-2.645386725000652417e-01
nan	1.090120656131471910e-01	2.432728075086330932e+00	-5.273248137001026459e-01	9.517672355491688663e-01
nan	-2.962825400063007208e-01	8.506401464258755984e-02	6.998601972826388185e-01	-1.025414776000594941e+00
nan	-1.949872566098882487e-01	-9.543702811347680726e-01	3.922137768373522987e-02	-1.728979538626685963e-01
nan	-4.249514472989339708e-01	-1.125453046750321651e+00	9.314338488783806547e-01	-1.939594288860276017e-01
nan	9.899706641055516787e-01	-1.644494523083384507e+00	-9.876718937878494753e-01	-2.596049653709464611e-01
nan	1.293535003623433877e+00	1.607155102413900138e+00	-1.010239286802594005e+00	3.818004094415344829e-01
nan	-6.516710543748805984e-01	1.446861259641671893e-01	1.116133932334107737e+00	1.399764280917893622e+00
nan	7.079055347020194455e-01	3.922620163369107127e-01	-1.724748677743250358e+00	3.742050255521353064e-01
nan	7.806692185707364562e-02	-5.923523682692599657e-02	1.170621121510525997e+00	-1.590118971515653012e-01
nan	7.805276332372138581e-01	6.252031441847134552e-01	-4.958655216886405648e-01	1.365446742392145418e-01
nan	4.218788879081045717e-01	6.307663414409820923e-01	3.223637019744432508e-01	-8.384346334399456896e-03
nan	1.667512788836317039e+00	2.548414707336819074e-01	1.015942552042691682e+00	-2.921258644640741253e-01
nan	1.636855126668236293e-01	1.383571922309880131e+00	5.218849168753246781e-01	1.010113661172324040e+00
nan	2.556075229543925520e+00	2.357199712075623843e+00	-1.718581975848757049e+00	-2.658543221727046046e-01
nan	-1.134415791589042044e+00	3.270873612179356904e+00	-6.387542047688370417e-01	9.813322139908217112e-01
nan	1.900777287491166145e+00	-6.193810692237933235e-01	1.287930315227982625e+00	-2.225103269614090884e+00
nan	-6.776805962715439779e-01	1.119440337751523185e+00	4.226045389562560484e-01	-1.589649408741665715e-01
nan	-1.663757191515918832e-01	-1.163101530928974725e+00	-1.145394561167933256e+00	-1.531961853548882369e+00
nan	-2.054021353083690826e+00	-1.241411289115457173e-02	-8.837008100909462538e-01	3.805740632495166476e-01
nan	-1.562995687479573625e-02	-3.212886844992946855e+00	-7.213767837286294560e-01	-1.285614479674227262e+00
nan	-2.275642730393125035e+00	4.430558743530706445e-01	-1.285576247985369847e+00	9.936451459204088676e-01
nan	2.356716277417099992e+00	-1.877288046466790483e+00	7.010328508139687664e-02	9.404389167380275971e-01
nan	7.262965093992963528e-01	1.487704667189970076e+00	-1.276036203965806637e+00	9.108255697190906774e-01
nan	6.073077006645775100e-01	1.298601740532244531e+00	-4.852043513049386636e-01	1.012874214397179840e+00
nan	-2.164316932340624167e-01	6.085532024320767785e-01	-4.520812997540768485e-01	2.200550057648041680e+00
nan	2.844670521575920930e+00	-7.384452393885730936e-01	7.636332323226541208e-01	-3.877568015702635429e-01
nan	9.060861814359315591e-01	3.349097689570897263e+00	3.434927501000230587e-01	1.699957515591663804e-01
nan	-2.683038013877437900e-01	1.391043666579730553e+00	1.733728419962293765e-01	-1.548736469893905232e+00
nan	-1.531144753756652488e+00	1.362327593649954594e-01	-5.368832514598916861e-01	2.455357678489275275e-01
nan	1.299545290158759858e+00	-1.075286049773322539e+00	-6.766549570572538697e-01	1.530648497917584394e-01
nan	-1.269741819202213184e+00	1.379513412167021613e-01	7.100809478068026426e-01	8.826059310351604958e-01
nan	1.278933244908440070e+00	-1.253432433254297873e+00	9.925470129833369182e-02	-5.894399474716832676e-01
nan	1.051971859542283116e+00	1.169208487296171661e-01	1.089183670514527247e+00	1.496285076003934511e-01
nan	6.617055508452468482e-01	2.312934749858697181e+00	-5.103823793179448343e-01	4.114215543854669588e-01
nan	8.811465120417556474e-01	-4.031392617893220232e-01	-1.161849288150802906e+00	4.594468893235056917e-01
nan	6.183206696874438135e-02	8.700214407354343038e-01	2.388136216360927211e+00	-8.317734085583201875e-02
nan	1.040688120710186321e-01	7.990976498042534626e-01	-4.636449297924259694e-02	-2.743474085631729120e-01
nan	-1.867698140214466340e+00	2.795318548819893389e-01	-7.052333611124902979e-02	6.207439533676233773e-02
nan	-8.668496024702310176e-02	-1.461339642757016000e+00	-5.891383691614895390e-01	-8.114318365116967025e-01
nan	-8.682394010820212449e-01	4.872212768639231362e-01	-9.183439541811428027e-04	-1.203637155022776184e-01
nan	2.660761320292003296e-01	-1.585952693797909152e+00	-1.267607657884304073e+00	9.657209314243914156e-01
nan	1.525936912844448212e+00	7.887418742671209460e-01	-3.983633115199591290e-01	3.298600129278828619e-01
nan	-2.070189792382757243e+00	1.993763792619429376e+00	-5.933436520888137888e-01	-4.824476908599645841e-01
nan	9.976629659722674459e-02	-7.557539567317324014e-01	2.115887881113887037e+00	-1.169528633117994154e+00
nan	-1.858811591548974018e+00	-3.402231341155326216e-01	4.816849635819401287e-01	3.788409938052730852e-01
nan	-2.795229846693329523e-01	-2.047212143189417244e+00	1.293092679455023264e+00	1.343204211180870411e+00
nan	9.083995814570431371e-01	-5.361433198296605696e-01	1.735550528328567488e+00	-1.006236359240935352e+00
nan	3.041350807889340313e-01	9.536443348640568640e-01	3.778746352598402192e-01	1.092738937636833940e+00
nan	3.367210888771584365e+00	2.866478640030568070e-01	-1.619752194608865548e+00	1.291096967498399195e+00
nan	2.407715474073823803e+00	3.461739674674879197e+00	1.618417672019794029e-01	6.357443603943225829e-01
nan	1.240022468152989887e+00	2.672393376052721869e+00	-1.844780470218862767e-01	-6.990275406962563887e-01
nan	-1.464197417090087550e+00	2.553084041067910093e-02	-3.729756806299506233e-01	-3.209229835856617936e-03
nan	-2.626419036926497808e-01	2.599547370110235622e-01	-7.229779134809842800e-01	-1.696824476304878426e-01
nan	-1.860358249492266136e+00	-3.589544869287589202e-01	-4.387208588265308906e-01	1.262852429822034717e+00
nan	1.467298997626221180e+00	-1.497120480615963034e+00	-1.605899915216370433e+00	-1.286247546150822929e+00
nan	8.430808421396653873e-01	1.990885683511673054e+00	1.589894345924482977e+00	8.455627474490950979e-01
nan	3.230030926305212935e-01	-3.621483954979154429e-01	9.900845482318306745e-01	-2.070004452763257508e+00
nan	-3.510164375403822756e+00	1.752773313184949000e+00	1.318234313393704893e+00	5.097670634959140523e-01
nan	-4.626843976580801154e-01	-3.393110894802064958e+00	1.952000508700572623e-01	8.189564404737675885e-01
nan	1.428845435482830606e-01	1.874500369700027314e-02	-2.961882568842753582e-01	7.180065978042146080e-01
nan	8.092616959866751891e-01	5.586927138970536610e-01	-1.302939274334832254e+00	-3.323020160828856207e-01
nan	-1.298733342798163160e-01	3.684836917285168600e-01	-3.589251078563677755e-01	2.601750750365056652e-01
nan	-8.316689406352890668e-01	-1.968895696570604814e+00	4.571625303675995178e-01	-7.825350346090645948e-01
nan	3.026931193809115905e-01	-1.876396141928070360e+00	-1.314771157385852041e+00	6.842544254115620062e-01
nan	-2.712191894496812639e-01	1.559739594349401237e+00	1.059646878736048237e+00	-2.241132352029284291e+00
nan	-1.945149477211848943e+00	-3.672968366072492663e-01	1.111365638268941164e-01	1.826830972242372120e+00
nan	2.132323282890488336e+00	-1.749175219226363209e+00	-1.181112281119885088e+00	-3.831295975962775158e-01
nan	-1.783443605669986498e-01	2.802018194044666899e+00	1.003384882639444919e+00	-7.452190277064102419e-02
nan	2.347432520298926018e-01	3.893892893113495290e-01	-3.925010309488256577e-01	7.942473523995469131e-01
nan	-1.387018055189790378e+00	-1.419735140211473290e-01	-1.243289997285052184e+00	-1.432819321566918935e+00
nan	-8.323946160796894533e-01	-1.624373565804148267e+00	-8.994699188151820124e-01	2.273533423009257870e+00
nan	1.028052994125354669e+00	-1.034868579151254409e+00	-7.475003769481043392e-01	1.096337759721281113e+00
nan	3.475885237508252068e+00	4.192470577370412954e-01	1.022263857832909628e-01	1.198578969847639009e+00
nan	3.183822157770205274e-01	4.344656708150056446e+00	9.140006729055939472e-01	-3.534028201108827677e-02
nan	3.961201292776329597e-01	1.047611160766408034e+00	-3.771035809829004909e-02	1.200052756848501323e+00
nan	8.697746180304362085e-01	1.327343617352118588e-01	-8.687349375654908057e-01	2.866287785547582678e-01
nan	9.641512670758253800e-02	1.909752444461185972e+00	-9.940410617987103237e-01	-8.932241650753754980e-01
nan	-1.531653946235716379e+00	7.286065026271629774e-01	-1.149105161510418416e+00	-1.252343738620476099e+00
nan	3.907858206047953864e-01	-2.486556094738656686e+00	4.574829822227677867e-01	8.946407955666514367e-01
nan	2.652863509141674125e-01	-1.451418657942223023e+00	8.758467160190728240e-01	2.892286073300994187e-01
nan	5.253785644670161403e-03	2.994787555318893513e-01	-8.256873999183786395e-02	-1.530924070356182387e+00
nan	-9.820775229664508998e-01	5.582505974294045270e-01	2.349632108024711563e+00	-1.803620924475975718e-01
nan	-1.128211976096411107e+00	1.425057741526931654e-01	-8.665487097943326555e-02	-2.703601141509960892e-01
nan	1.348011294215247791e+00	-1.248950777298854842e+00	-4.360704680322005644e-01	-2.338220178356930301e+00
nan	-2.131682530163627742e+00	-1.574325117950226005e-01	-2.421474331039891403e+00	1.036111394159982657e+00
nan	5.503940829054432271e-01	-1.787858252626536526e+00	1.329050237881248320e+00	-3.695613457475542540e-02
nan	7.009909038988464403e-01	9.911457527860756400e-01	1.156061291609175923e+00	-6.716781797492461514e-01
nan	-6.898105463698873674e-01	1.130865351672876606e+00	-2.505102430165851768e+00	-1.503503014927671799e+00
nan	-4.335771303506246177e-01	-1.418895568024071796e+00	-1.230113316888994612e+00	3.614470377005998269e-01
nan	7.563355094461143846e-01	-2.176184796467630633e-01	2.252820244100586677e+00	-7.039907074481117633e-01
nan	-1.179391437049303049e-01	4.941374383545818483e-01	4.766072689981027954e-01	9.161734587732426327e-01
nan	4.017867084077269002e-01	-2.131603214476249231e-01	-2.063168288637786674e+00	-1.062835246801980160e+00
nan	-2.023484986099246097e+00	1.443772592480662365e+00	7.687529739990298008e-04	5.694954274477574685e-03
nan	-1.179610980151731603e+00	-2.420311336357938270e+00	-3.345374036777346016e-01	7.821249384436824714e-01
nan	-3.464669633069450416e-02	-1.305929238121437130e-01	-3.518309363959549324e-02	-4.920693843361928499e-01
nan	-1.307382373610018966e+00	5.221299715572375044e-01	-3.924777863861426686e-01	-4.674352089443198355e-01
nan	6.439026242132803723e-01	-1.022863792281734074e+00	-2.704005160790045048e-01	-1.079619201305898279e+00
nan	-2.477351488326500650e+00	-2.520919638101507543e-01	1.537043666339939496e-01	9.970092273533268656e-01
nan	1.315553509790781117e-01	-2.811339400616152950e+00	-1.052034198547076027e+00	-6.513661803512087456e-01
nan	3.336471943478459545e-01	-7.306812713103825185e-01	-1.175343844239723046e+00	-7.057100275213246121e-01
nan	8.303754916682084541e-01	-3.152205376260752701e-01	6.276393689828049793e-02	-1.486251039773352378e+00
nan	-1.400915959143530509e+00	6.802683365063127985e-01	-1.911138192236295774e+00	-1.625277420058659494e+00
nan	-1.298251056381859891e+00	-1.641552708893648127e+00	3.309812888989460133e-01	1.503637754804770243e-01
nan	-6.298896314171320565e-01	-4.044637313590124794e-01	1.092681168285562388e+00	-2.432801812857155799e+00
nan	-1.404670211260466095e+00	-3.164975765183560275e-01	-2.757333569582703925e-01	1.088229511280239814e+00
nan	9.017130843374887572e-01	-7.106121845336824672e-01	8.540507899281549742e-01	5.405142055017915226e-01
nan	9.204477320168503729e-01	1.366166639909078828e+00	9.854211006355371172e-01	8.423573457768314121e-01
nan	2.020262487733304635e+00	8.057851689721695632e-01	4.682771276730988697e-01	-8.907350060711087814e-01
nan	-1.580603338152824167e+00	3.574647066265945305e+00	-2.890678354987709087e-01	1.321582725773865763e-01
nan	1.281100441866941608e+00	-2.329324410000939594e+00	-1.025287004544827463e+00	-5.300531987645745735e-01
nan	-1.539564743399142621e+00	7.284757468057030394e-01	-5.490035437337218438e-01	3.716792321699514123e-01
nan	1.331897834140828518e+00	-1.703307238978586602e+00	3.270183806405946303e-02	3.762749649801297447e-02
nan	1.861658499294802649e+00	2.044867805641352732e+00	-1.075714112437411663e+00	-1.697291196074999509e-01
nan	-4.687026351609205888e-01	2.739625237863911877e+00	-4.693088708500596506e-02	5.686245292286521424e-01
nan	5.333366916710485794e-01	5.055612735074533903e-01	6.540328858786911281e-01	2.132238453227887742e+00
nan	1.070938474642576965e+00	1.567948726967754447e-01	1.356946503777474167e+00	6.833614870908969463e-01
nan	5.601153632734134913e-02	2.778375113698084320e+00	1.077677033359996983e+00	4.550589292461795082e-02
nan	-1.017468133167107380e+00	-1.384718064804375981e+00	9.134205279637485075e-01	4.337460236074664466e-01
nan	1.627062367576964430e+00	-1.154506652954879531e+00	-7.015837737021347609e-01	-9.956831084460892045e-01
nan	-2.335984814164212553e-01	1.397878684516025150e-01	-6.028008705159119129e-01	1.405899333198221135e-01
nan	8.905333022263963727e-01	3.550134230212103059e-01	4.380419904068972303e-01	-1.174033929416312017e+00
nan	-1.769552948545833893e-01	-1.709569800654855420e-01	-1.352689937737610926e+00	-1.703637609624430657e-02
nan	5.601557433855858248e-01	-3.200120520239735367e-01	-1.369897348607413745e+00	1.073818620912023736e+00
nan	1.708844094834449656e-02	1.152850584074263995e+00	8.321408018588823952e-01	-1.225236996015602042e-01
nan	-2.116167850175021681e-01	-1.878020089048075270e-01	-2.398567286349093663e+00	1.125241333138145894e+00
nan	1.020519395500718796e+00	4.927788169589062406e-01	3.430849161932110203e-01	2.247187417482060301e+00
nan	1.702154166913683042e-01	1.781158792258004553e+00	9.478423004180527855e-02	-1.076402781142352105e-01
nan	6.651637832690862617e-02	4.521117547831741135e-01	6.601938007251951790e-01	1.931699281692041081e+00
nan	1.431118547294598198e+00	5.771289195370864489e-01	3.552294937717709877e-01	9.085111082543377847e-01
nan	1.490000712020735474e+00	-8.626997828013394098e-02	9.475840030208665388e-02	-8.285072744975834347e-01
nan	2.155990271578847040e-01	1.538723300750254541e+00	1.934912320149306253e-01	-2.973038172746149677e-01
nan	-1.235021948684519089e+00	-1.974429721663938930e-01	-2.531959221808661731e+00	1.592723688635764523e+00
nan	2.319881370461046810e+00	-1.098817672213580288e+00	7.752163331810346669e-01	1.326298099868380154e-01
nan	1.231804380770120000e+00	3.643470112773352643e+00	2.145893126376758608e-01	-1.177336900652520724e+00
nan	-1.858979978510664210e+00	9.418369487295377152e-01	1.288644547803841744e+00	-6.433525295278832434e-01
nan	-1.843189943432477884e+00	-1.932396662323760061e+00	1.507423030883645154e+00	9.157547039521141130e-01
nan	6.289909414244245767e-01	-1.036966851479245388e+00	7.377897165828394277e-01	-1.086891424209476126e-01
nan	3.421853486516431009e-02	1.763194764621496269e+00	-1.333083224533297750e+00	-7.529721285742364545e-01
nan	-1.586142588376933116e+00	5.657101423474248936e-01	-1.873130905098583099e-01	-1.348290387521204892e+00
nan	-2.556544997647709927e+00	-1.867298932693839841e+00	2.183532658013264127e-01	1.301402615362927229e+00
nan	1.224436283845518503e+00	-1.166451037021206449e+00	-1.729789697979615015e+00	4.796789157664154701e-01
nan	1.050348007487579727e+00	1.590343353517476022e+00	5.699369751479833601e-01	1.620920120391804886e+00
nan	1.961998074893124944e+00	2.788388849483154353e+00	7.187590744084056960e-01	-3.370594766885787408e+00
nan	-2.871207003716981454e+00	3.259730605835484241e+00	-5.104746094523164857e-01	1.317412808688616987e+00
nan	2.992823026258206731e-01	-2.240512388106061792e+00	3.265006234694914911e-01	-1.548492228440252916e+00
nan	-1.057077312894467713e+00	-1.440877923517601245e+00	2.034418133012108942e+00	1.471712143483798751e-01
nan	1.565855701132264244e+00	-6.612148167751938921e-01	2.091450655772353340e-01	1.251974294534669463e+00
nan	1.573186414787851817e+00	1.500616267537738802e+00	-9.210638376887861911e-01	-1.265127201393911438e+00
nan	-2.162672183306188600e+00	1.908042366026577952e+00	-1.131839740355912616e+00	1.100293194290676402e+00
nan	4.622767072716418291e-01	-2.255260615791645940e+00	2.094908484787609271e-01	8.039828886951341236e-01
nan	1.097946642724111133e+00	8.905981451007063399e-01	-2.611616593293872302e-01	-1.019690636038409259e+00
nan	-2.667854862438097108e-01	6.814577912051286157e-01	-2.021163945907570980e+00	-1.614460973042320058e+00
nan	-2.167702371181768672e+00	1.964632892698085165e+00	-3.205210781012420851e-01	-1.106464543228701913e+00
nan	6.719775150478792813e-01	-2.885453808290639799e+00	1.251407933325821231e+00	-3.983503729028623486e-01
nan	3.879011073406384291e-01	-5.441917523499699705e-01	3.815374127760911005e-01	-1.801244596930606789e+00
nan	-1.556040743009317051e+00	2.527642517284360291e-01	6.936821871149447816e-01	2.173208317527698663e-02
nan	6.392162792557787299e-02	-1.321924385847200289e+00	9.673340750116683762e-02	-4.466195744318431360e-01
nan	-1.528868076616731186e-01	5.493755020879207418e-01	-3.727883340391984768e-01	8.374646314608097386e-01
nan	1.082974414083595294e+00	2.277939469721748988e+00	-1.876008434338437114e+00	4.643484533169755513e-01
nan	1.078480294578961329e+00	1.854538450174417541e+00	-3.891805294194229381e-01	1.008958201344357652e+00
nan	-1.441542312183791141e+00	3.055009851434846269e+00	1.267245998652855699e+00	1.038096901008531692e-01
nan	-5.735827992719579882e-01	-4.102166450233744044e-01	-3.104236640830083660e-01	5.872176007528397135e-02
nan	6.840389881912642966e-01	-9.340648297338711714e-01	-1.840158817463818153e+00	-4.698767661434575249e-01
nan	5.891821044388465545e-01	4.074776085647530133e-01	-9.505947647277367407e-01	5.940408428725606205e-02
nan	1.545574618563511082e+00	7.989523725872103022e-01	1.414004672310298805e+00	-9.291860818406177946e-02
nan	-7.279596261131064949e-01	2.318942098374719762e+00	1.792572155898746189e+00	6.783323467670467899e-01
nan	8.769261142268776066e-01	3.722965529022692621e-02	-8.613980122081890123e-01	-1.215896936720558763e+00
nan	-9.641443625575494281e-01	4.444236533441512926e-01	1.055299123397036576e-01	-2.040593773277093737e-01
nan	-1.053873242863193616e+00	-1.159409325089154841e+00	1.933085327718433166e-01	-2.122168666318807739e-01
nan	-3.848382650500768443e-01	-4.428578597274925865e-01	-1.330961625015454564e+00	-5.212156138243921877e-01
nan	-1.248425820074218873e+00	-1.096692529026002116e+00	1.878268170417397798e+00	9.207100805775193797e-02
nan	1.870994141512069886e+00	-1.183577502403927229e+00	-8.557774213874784763e-01	2.171903677567841306e+00
nan	2.594882001425278251e+00	1.327467189861764485e+00	-5.160403869855253317e-02	8.294846354187677129e-01
nan	1.269783687080569878e+00	3.268088681201526846e+00	-6.738486415988202971e-01	2.065262283919186148e-01
nan	2.365553526876562063e-01	7.148256520641250722e-01	6.079661006970624726e-01	-9.539026710000303444e-01
nan	-1.598787313075240135e+00	-4.060741455223091934e-01	-3.948674487896624563e-01	5.265405043042705735e-01
nan	-3.719997496678296711e-01	-2.373993412013721382e+00	-1.181647144658329873e+00	9.714522549296723541e-01
nan	2.472074244573325696e+00	-1.577607655802034881e+00	1.994094870441696754e+00	-2.315043026853589592e-01
nan	-1.698568466139190325e-01	5.502407574619176955e-01	-3.042080392503767813e-02	-8.885392073334549834e-02
nan	-7.361679366291733473e-01	4.237359214883881786e-01	1.897664623673954720e+00	7.740285649130976831e-01
nan	1.244455799497907744e+00	-2.098743256966893345e+00	2.433048333558642362e+00	-1.942443155741789829e-01
nan	6.099684186374965122e-01	1.885695934886851166e+00	-1.191393525166806189e+00	1.050572260424631477e+00
nan	2.673965999792879966e+00	1.695297021844404783e+00	-9.883417114566824813e-01	-7.118669798935030046e-01
nan	-7.096958035779100671e-01	4.520247779933730392e+00	1.336850090149084069e+00	1.664340246033340742e+00
nan	2.531308946609036603e-01	-1.329462578871712264e+00	-8.817465227720178156e-01	7.883648171650696479e-02
nan	1.140575084848963305e+00	1.135921823252016960e+00	-2.505140117121380960e+00	-1.520881393429009965e+00
nan	-4.038977299588379921e-01	1.595990392027270888e+00	1.882201293285554966e+00	-1.192038297253228185e+00
nan	-2.102521438822068767e+00	1.080283523657662448e-01	-8.365047396655819756e-02	2.093585563005428141e-01
nan	2.463818769349413462e-01	-2.675484992759820102e+00	3.178176766270511457e-03	7.448779648595973413e-01
nan	1.937336133808022165e+00	1.269893586452010670e+00	5.363770910537798420e-01	1.726890512972861780e+00
nan	1.029228925690178098e+00	1.631336086850166289e+00	8.930504256215553438e-01	1.796712101568483377e-01
nan	-4.730823571747783673e-01	1.824078389030037162e+00	7.304694401547756621e-02	2.365989112957735951e-01
nan	-4.347528267701697979e-01	6.588157965711070041e-01	-8.130105842753669876e-01	-1.032967513549795546e+00
nan	-5.972514371940380595e-01	-1.418249931774688832e+00	-2.170267930941573109e+00	3.535101770684694333e-01
nan	7.572777605211000740e-01	5.602062196743637923e-01	-1.137314589679401688e+00	3.649452133460350661e-02
nan	5.194721887404103455e-01	1.343043017536574624e+00	-5.938966251738877489e-01	6.785334865932326487e-01
nan	3.825139635971306351e+00	-6.667419271908687772e-01	4.953327955564460483e-01	-2.323992394964503605e-01
nan	1.724309117418060255e-01	5.712099462354636614e+00	1.928339405941724150e-01	-2.103263989114123322e-01
nan	2.735881182729332783e-01	-3.901334451089384370e-01	9.688344366652787976e-01	1.110955440135797279e+00
nan	1.416480225948507643e-01	-2.490752071980266713e-01	-1.632642883409631818e+00	-2.981265285821161487e-02
nan	-5.807641874935867699e-02	7.900379895719723544e-01	3.013529754641275371e-01	1.280600091178322630e+00
nan	1.370198568597362332e+00	5.782948838623267473e-01	-2.056168281849729773e+00	1.155655645999435599e+00
nan	7.142878660437153027e-01	1.785458709917834064e+00	2.564522119660661126e+00	-1.594001789183831619e+00
nan	-2.670930950965497708e+00	1.529767418396114520e+00	-1.810486266706175795e-01	1.294830664245202545e+00
nan	3.614595156325416614e+00	-1.986953379339398751e+00	-5.946103259813838582e-01	-8.148839084758258133e-01
nan	-1.415020625103019514e+00	3.032970901191364366e+00	3.057770320652724028e-01	-3.853736021073928542e-01
nan	-9.076869498022881455e-01	-3.228824476946154931e+00	-5.290621260883811017e-01	-1.111445492259208079e+00
nan	-9.726411633095985998e-01	-8.977376856151897400e-01	2.166796095993838989e-01	2.232750544081042732e-01
nan	6.078455134004582261e-01	-2.120770805305744577e+00	1.326345931808169953e-01	5.295945154053808279e-01
nan	8.939167878172360471e-01	3.994924922881117335e-01	-5.794629528748931335e-01	4.583644678992390142e-01
nan	9.679506766589658362e-01	1.215105830195294168e+00	-3.089288826872779170e-01	8.277627896524522022e-01
nan	1.602690223888594057e+00	8.530947731851254989e-01	-2.142785135489693626e+00	-8.129347426410338251e-01
nan	-5.226730792393170510e-01	9.055806136749825486e-01	-1.026696455215938331e+00	-8.881328006327030566e-01
nan	-2.195797336888356543e-01	-1.008213783633438165e+00	4.146271010088996012e-01	-5.251972964685804879e-01
nan	8.448248550764247966e-02	1.102530915665502764e-01	-1.371706717909273177e-01	-1.732326214714511536e+00
nan	-1.262965560079807537e+00	-1.892139508155585848e-01	-1.666146165827366410e+00	-1.091173221265425930e+00
nan	-2.403593868782297527e+00	-1.299235623809537499e+00	-3.469293912858488316e+00	7.828792442036367483e-01
nan	3.136630041639294486e+00	-2.709779753273804381e+00	-1.063470198816699019e+00	5.137612181190457372e-01
nan	4.182158823690442784e-01	3.345376052046158399e+00	-4.332879145763923745e-02	-8.506776556333391914e-01
nan	-1.853615127647178173e+00	1.507810404604839061e+00	7.480933311003191699e-01	-6.996311115379511003e-01
nan	-1.769268980564081772e+00	-2.880861781752098949e+00	2.767795167368020670e-01	-9.372890627689269838e-01
nan	-1.608523257772844994e+00	-2.720302827484643249e+00	1.891585880377495643e+00	3.218536319900380804e-01
nan	5.103675268306563373e-01	-2.122192058917226287e+00	-3.305934560445473736e-01	6.895232150677366167e-01
nan	-2.997027995188095151e-01	-5.886560532039065707e-01	-8.841372922830436076e-01	7.242780284980838701e-01
nan	-2.400775289350891573e-01	2.277792641262580409e-01	1.271508128433626483e+00	3.327910323538391113e-01
nan	7.729568668246034058e-04	-4.080402846435928210e-01	1.301330011684370902e+00	-4.302132556583135314e-01
nan	-1.288532685277605339e+00	-9.502444879479250428e-01	-4.854695623897890000e-01	-9.188301112647992985e-01
nan	-6.931288138312785563e-01	-1.369076385771135218e-01	2.518764177097582158e-01	1.968894992911192965e+00
nan	1.638695028724743263e+00	-1.285172726620754879e+00	-1.450880611893320848e+00	-5.846510745476723309e-02
nan	1.222860480153774798e+00	2.227648505491716779e+00	-2.160006319865978297e-01	1.057052279683312612e+00
nan	-1.187520242271733917e+00	2.808901945714945558e+00	5.274242657643977150e-01	1.187183812051276321e+00
nan	7.448000283837789004e-01	-1.915804363549680422e+00	-1.085707746796075623e+00	-4.241820855197721563e-01
nan	-1.244754270321557943e+00	7.998811065050149827e-01	1.637923374007763666e-01	-2.911240089667858633e-01
nan	-5.200406193270099009e-02	-3.492253466541490603e-01	1.681028506154370383e+00	1.046143604530553467e-01
nan	2.969387257776276989e-01	8.988827484045239791e-01	-2.648868407712431927e-01	1.680506783511700020e+00
nan	3.166674205101827511e+00	9.765043699720912240e-01	1.071399725246494183e+00	-5.897127552682832619e-01
nan	8.839270067484594762e-02	2.927853361026500068e+00	6.405856323299434774e-01	8.298192721953449036e-01
nan	4.459928458325618239e-01	-9.347701803151671207e-01	5.217666711639866728e-01	-1.090341351064433528e+00
nan	-1.780149673144099776e+00	2.540373681845131681e-01	-2.773673723438709326e-01	-8.024961210141640100e-01
nan	-8.236821258354074526e-01	-2.643656492950939629e+00	4.787763247768039299e-01	-2.977079319616965369e-01
nan	-4.399930541468583534e-01	3.467794839505180526e-01	3.473226961919236855e-01	-7.420367084448826756e-01
nan	3.688509793687269056e-01	-3.456078759333026662e-01	1.565974689468939696e+00	-6.098161443528299364e-01
nan	1.249166285085754335e-01	-5.812873119470191030e-01	1.507607506256374519e+00	5.478281074455446653e-01
nan	1.582888571125140142e+00	-5.327747705624498176e-01	-6.662858834744508352e-01	1.188315404711222545e+00
nan	2.316555162040635274e+00	1.938675896880620808e+00	-5.879339775406930979e-01	3.445017637481246897e-01
nan	2.517935022766187636e+00	2.045654417920002910e+00	-6.018840283069630814e-01	-6.348771322951004548e-01
nan	-2.791738684362521372e-02	4.042977694244814124e+00	1.470188930735253086e-01	4.984168124387400312e-01
nan	1.707891852635978092e+00	-1.392243562047520200e+00	-9.684019731739622605e-01	1.338999485572736903e-01
nan	-4.451725704443815212e-01	1.799251421115749761e+00	4.086085226449695518e-01	6.123685246990985265e-01
nan	6.399637142529147615e-01	9.982889230537953518e-01	7.198313616521305469e-02	-5.538540800815056064e-01
nan	-1.643340602841785625e+00	2.715239064310879247e-01	-6.630512186987599366e-01	1.747772878841691024e-01
nan	1.051278341304851871e+00	-3.309770076837750263e-01	-1.303748860342504923e+00	-1.072905710755098357e-01
nan	-8.901467904320975455e-02	1.645095749710179023e+00	4.039510516746119606e+00	2.643545382947937172e-01
nan	-8.409430218206898067e-01	6.134187774732724474e-01	9.257412799775696088e-01	-5.834193369141469354e-01
nan	5.324798787041795656e-02	1.714517705081980203e+00	1.859402027424059467e+00	-1.016468966669903828e+00
nan	-2.098967414112864471e-01	-7.792122933617972036e-01	9.321208558341175232e-01	5.785207946851188554e-01
nan	9.498579448161033056e-01	1.497566071650999198e-01	2.790101735115656512e-01	3.562415887698483496e-01
nan	9.071791042621285550e-02	1.292521522431691716e+00	-1.542987044270433872e+00	-1.005292544108676411e+00
nan	-1.744226187951876561e+00	-3.765104526225978021e-01	-1.291758836573283942e+00	9.361800841720526734e-01
nan	4.946497764288925736e-01	-1.123234246256742619e+00	-7.870707007359692073e-03	3.830326450524891291e-01
nan	8.982998898461167503e-01	-7.379021322938839056e-01	-5.355770737179175178e-01	-6.219508002439817496e-01
nan	-1.571065025425729011e+00	1.568247929884898362e+00	-1.110303722207176103e+00	-3.123621515120578174e-01
nan	-3.037684393047629938e-01	-1.621137635717136538e+00	6.622224079209342307e-01	-1.657806806663568500e+00
nan	-1.824018020884890179e+00	-9.793237297659420637e-01	7.681579027678825389e-01	7.118896034131747541e-01
nan	6.148164442318848621e-01	-1.648155638783411536e+00	4.379069370124287763e-01	9.749909404000255408e-01
nan	6.028309650606779035e-01	7.410493678477079182e-01	1.156400992102807779e+00	-3.339497357763065999e+00
nan	-4.104547024048113890e+00	-2.742898678748931784e-01	9.212346313741502923e-01	3.014998251343664060e-01
nan	-2.057461575052574321e-01	-3.288927435277564371e+00	7.530719526032467748e-01	-1.025519022083653642e+00
nan	-2.395476616705833894e-01	-1.481010863236442487e+00	1.124978402483895801e+00	-7.711383073303125224e-01
nan	-1.047460533650274028e-01	1.470274726400371823e-01	-1.077473687619559667e-01	1.652919162143107412e+00
nan	-9.573532058812366241e-01	3.422911188319555098e-02	-6.823747680421713424e-01	-1.253378507328279712e+00
nan	-2.038161890315117297e+00	6.719147667415037439e-01	-1.071466349719676581e+00	-4.136206196624732101e-01
nan	5.031018143232323103e-01	-1.748848867845807842e+00	-3.299385922980285213e-01	-1.109832104995216173e-01
nan	-1.526592744205555352e+00	2.383377692734376385e-01	-1.111896310441160329e+00	-8.725494253452883431e-01
nan	-1.454743001486670462e+00	-1.224715246174891359e+00	-1.391825013471059247e+00	-9.352734805463798207e-01
nan	-6.835235651818205582e-02	-1.525581180784698399e+00	4.044410713584694061e-01	1.403748860680615884e+00
nan	-3.381121588449669257e-01	2.266605229061138815e-01	1.626667668902788355e+00	2.379293901870696004e-01
nan	-4.672967743295544096e-01	-5.202522219902211420e-01	-1.123609673316228408e+00	8.164525934890984882e-01
nan	2.557390674672892494e-01	7.584892414167674346e-01	3.174359049220972645e-02	-3.537537193126294444e-01
nan	-2.961877158039556424e-01	5.945230853607104127e-01	4.714036095720907094e-01	6.205113382404716660e-01
nan	3.487318113368283456e-01	-1.679792306258283130e+00	3.063187739490826900e-01	-2.448636767758388122e-01
nan	2.306006478060068643e-01	-4.128503918887616031e-02	1.887152133822526556e+00	1.164925157420467622e-01
nan	-8.839237794056355180e-02	7.331552674706386385e-01	8.235443740110767186e-01	1.737948827659399342e-01
nan	1.474066513202221929e+00	3.886026083793468477e-01	-4.043366319002372755e-01	-8.295271149037499736e-01
nan	-2.361276363894719843e-01	1.175494623758079449e+00	1.670730471552994700e+00	3.219148793766680727e-01
nan	1.227933351255765082e+00	-1.290750373203848556e+00	-1.855139299489804605e+00	6.577504530818466533e-01
nan	2.087661579365546416e+00	-3.554051337116321818e-01	-1.298114066724514792e+00	-7.990744695766580086e-02
nan	9.079017241358727786e-02	2.809312951042648443e+00	-1.282446816678924462e+00	-1.406088969190172622e-01
nan	-5.893782442851180914e-01	-1.296594345378055124e-01	1.279885703858559265e-01	4.542970130737387646e-01
nan	-9.764618859972367115e-01	3.330690482505124228e-01	-6.838678949837415644e-01	-2.529934172979801943e-01
nan	6.945567394168024045e-01	-2.754118805983746032e+00	1.545039049015365151e+00	1.259321550256150113e+00
nan	2.258289042954198411e+00	1.286177661986843690e+00	-1.060696967334058827e-01	3.613388478002655183e-03
nan	-2.804688945365707564e+00	2.314383200054279666e+00	4.558199206799224412e-01	9.851014170427002670e-01
nan	3.059265457650826914e+00	-4.067049169174676848e+00	-6.045950982639891613e-01	1.375301157331515034e+00
nan	2.728362050641865988e-01	3.246544661936622500e+00	2.794774420969864739e-03	7.730683319390108110e-01
nan	-6.074945348605367279e-01	-3.282616822371983156e-01	-1.503810553846916420e+00	9.365207795571699467e-01
nan	2.507715584730418890e-01	-9.864110753106221097e-01	8.521754419595880536e-01	-1.450713661049645831e+00
nan	-1.095282954863754155e+00	1.820393741716387348e+00	-1.616146208185127220e+00	-6.289749235292197982e-01
nan	4.599832965844518062e-01	-1.361931955449069198e+00	-6.838651862548977833e-01	4.937875077813468905e-01
nan	1.753163332397583707e-01	-3.388498172203271430e-01	-6.865148616033810436e-01	-9.197562567578113080e-02
nan	-5.906165566738778017e-01	1.076549608924778578e+00	-2.143975306159974892e+00	1.163790449157131368e+00
nan	1.645902403616826160e+00	-2.133343023481723666e+00	7.553962814447011398e-02	2.088673934601449345e-01
nan	4.235539188985390502e-02	2.218381304792523157e+00	-8.321709311809980525e-01	-2.290578475772880596e-01
nan	6.838744259873377196e-01	-1.252527217459916908e+00	-2.217576952300772397e-01	1.540630932817919074e-01
nan	8.705602351029861907e-01	7.901809886322528342e-01	-1.698914139183070882e+00	6.863948496872701588e-01
nan	-5.028501996078841296e-01	1.651754840108565991e+00	-1.110162544628160441e+00	2.695915896846784454e-01
nan	-4.972858516392931749e-01	-1.070491049885803791e+00	-4.604535467174917379e-02	-2.053599815286905272e+00
nan	-3.357869906201522703e-01	-2.126085661656123449e+00	1.118080674985691747e+00	-7.231373483862175988e-02
nan	-1.327110771829800084e+00	-1.965099398000913045e+00	9.583917803162188553e-01	7.101697692747508395e-01
nan	-1.110465976497461593e+00	-1.288555010863454253e+00	-1.220519993616348220e+00	1.348321912766332176e+00
nan	1.589533045285007384e+00	1.432667249388478226e+00	-6.309967496463614323e-01	7.859512651720105270e-01
nan	-7.723003215165652469e-01	1.789072586394585773e+00	5.380801337210695534e-01	-1.154717052822434198e+00
nan	-2.853700506865715969e+00	-1.948142492962242400e+00	4.933533360211533325e-01	-6.430505944264341966e-01
nan	4.560544939337924930e-01	-3.436908338662600038e+00	1.549061362235500949e+00	8.602999803202346363e-02
nan	-3.473259361679912338e-01	2.396663766097880399e-01	1.224785288708118314e+00	-7.356069891822064610e-01
nan	4.620736119202518699e-01	5.837991737932314296e-01	2.062449235301265116e+00	1.839283520996570775e-01
nan	8.496878563848953014e-03	-8.471593307655821414e-01	3.097841665172874626e-01	6.413594728063736206e-01
nan	-3.796438581672323398e-02	-2.541044974886611740e+00	3.247824238031926103e-01	-1.298371651652609593e+00
nan	-2.407604040913504218e+00	1.428224188115821747e+00	1.833379457122695788e+00	1.850178720798687990e-02
nan	-1.239557028616993239e+00	-1.437237462512344965e+00	-7.752960751968859254e-01	-1.068284870175916446e+00
nan	-6.490067999542042942e-01	-1.997820120473789762e+00	2.609469334328236911e+00	7.442669491332315479e-01
nan	7.919670340555197141e-01	1.775239336186332784e-01	5.107305270920232676e-01	4.284112829935560196e-02
nan	-8.726003050925689175e-01	2.248679917090643077e+00	2.670331810204184531e-01	1.448052097847478681e+00
nan	1.868769360614473962e+00	-1.953901560015214312e+00	-1.666432273535986885e+00	-4.854327311835774372e-01
nan	-1.119070073208693117e+00	-1.021779037505146315e+00	8.650500574458132030e-01	9.432811629871579520e-03
nan	1.291017349832806582e+00	4.942052367700509041e-01	5.155596511487581940e-02	6.615045966678445577e-01
nan	-4.019529210279593201e-01	2.088260737402599432e+00	6.770713353242101551e-01	-6.080419237631744522e-01
nan	7.900494423137880418e-01	1.956517943683722116e-02	-8.073196620205632668e-01	-1.564057805367912835e+00
nan	-2.494866566495374194e+00	9.983226811499508191e-01	-2.968706153114039070e-01	-4.414665957750540937e-01
nan	1.301030278329551537e+00	-7.656703149656798324e-01	5.156136235591735062e-01	7.677211477903642667e-01
nan	1.166621768516460378e+00	1.329783395599604123e+00	-1.414874577290423652e+00	-5.490710802031003590e-01
nan	-7.822160628572127905e-01	1.832351496802070656e+00	1.320654613432120927e-01	1.532381897688940731e+00
nan	2.437032444429455325e+00	-1.465275683775744575e+00	4.740771448058519466e-01	1.326520569485803991e-01
nan	7.676065889201318937e-01	2.916674936747505775e+00	1.141651222723658599e+00	-1.848627710650619704e+00
nan	-2.601967665650332329e+00	7.300755912948603266e-01	-4.455193516303814216e-01	2.676487894534838929e+00
nan	3.727432487697404540e+00	-3.113627930829817814e+00	1.104785002962295204e-01	-1.257852165495461527e+00
nan	-1.341561237434611087e+00	3.683350534131279552e+00	4.682332606504114869e-01	3.833461135009570975e-01
nan	-1.122867746172158343e+00	-1.865103449441046557e+00	-1.945766204465962934e+00	1.371626869404150018e+00
nan	1.403750027217608221e+00	-2.072899590437929929e-01	1.203709813610119195e+00	-5.725680294367225809e-01
nan	-4.587210850143257912e-01	4.269473891492355788e-01	-2.094599162470099640e-01	2.066136028180316053e+00
nan	2.286837049770331198e+00	-1.193915433120347203e+00	4.835739438971178861e-01	1.051580891127923634e+00
nan	6.275100970919904597e-01	1.997260664706214106e+00	6.683818878508001049e-01	8.795090756776358099e-01
nan	7.665243745058822888e-01	4.280917923045748363e-01	-6.902896097161161926e-01	2.253374514438943876e+00
nan	6.641190578232825104e-02	2.325889670990887170e-01	-5.154895784877221443e-01	1.956992052505188706e+00
nan	3.427211918168546312e+00	-1.757958651774707837e-01	3.272869579640826920e-01	-4.646749972812903029e-01
nan	-5.241566221894289335e-02	3.916563043781111197e+00	1.053675446752585509e+00	1.031134904808131525e+00
nan	1.656025542186786659e+00	-5.667491383664697846e-01	-3.241759067674575556e-01	5.238216550205034849e-01
nan	3.918360757533685956e-01	1.815255225573440656e+00	7.478152217073902319e-01	-7.767510120910472438e-01
nan	5.099883932015647492e-02	-5.416420423037391352e-01	-4.140739806050464794e-02	1.571783359552543224e+00
nan	3.470780649386180361e-01	-3.443406354223150778e-01	-5.908103462681985052e-01	-6.582787063281410056e-01
nan	-1.718675705286607736e+00	-8.050466699072138521e-01	-3.816647115855181793e-01	8.828725725260017088e-02
nan	1.582713073286405869e+00	-2.653321490372571034e+00	-2.325043715422383250e-01	2.067450331299906630e+00
nan	3.426452629582919851e+00	3.550600060404380809e-01	8.138266313947498665e-01	-2.340937461886534621e+00
nan	-2.839095455631396092e+00	4.045046053913765149e+00	-2.385889942668656172e+00	1.299776943972599685e+00
nan	2.278479403390923252e+00	-3.858045631861979352e+00	-2.702163997249810712e-01	4.725083668156041528e-01
nan	1.449403284118235824e-01	3.777138433326428846e+00	-1.491527219103512547e-01	-5.606000220330357303e-02
nan	-1.044511759583279575e+00	-9.039693849440322282e-01	-2.165420848284055122e+00	2.980664959037782058e-01
nan	2.490280852447045723e-01	-2.584277600767682870e+00	1.029036553617525440e+00	-6.019947717905724804e-01
nan	5.187677479313326234e-01	-1.499466703940081302e+00	1.937932722917711870e-03	-8.150207495492545196e-01
nan	-2.765859403213291046e+00	1.118946514239640200e+00	-4.510870307824113579e-01	1.947749657677758650e+00
nan	3.019934489467239747e+00	-2.399833219002412754e+00	4.914065638134554326e-01	6.267147152117289455e-01
nan	2.421949454852010852e+00	1.114342907019285178e+00	3.835316584006705498e-01	-6.352558156676297862e-01
nan	-6.702581295893336177e-01	2.416588431293237527e+00	7.399594366622483932e-01	-9.785518991055962568e-01
nan	-6.847866426534543471e-02	-8.587151018509133760e-01	1.077531051734767598e+00	-3.378338452129341363e+00
nan	-2.928095758483855615e+00	1.874220656126520002e+00	-1.048958175391036640e+00	-1.339528883417328009e-01
nan	-1.437706372000842503e+00	-2.486240964312900648e+00	-1.864690004459102601e+00	-1.264261395377211050e+00
nan	-1.311279325591521827e+00	-2.641559985756934292e+00	7.413065988939842033e-01	-5.331064746533207277e-01
nan	-1.189955787005925636e+00	-5.297894584907105742e-01	6.791393653118176221e-01	-1.050997972088548948e+00
nan	-2.174842557788092989e+00	-1.011370933241559023e+00	-2.375707487783173200e+00	-2.711411849429328225e-01
nan	-1.635306022362559286e-02	-7.218408906504338862e-01	3.978759418825273397e-01	8.425980303849136543e-01
nan	2.817867181443398650e-01	-2.427580512709723026e-01	1.845648146189790673e+00	9.769192472080976408e-01
nan	4.900423181223249602e-01	1.548075867399968664e-01	-1.009571586106872976e-01	1.023829440077119290e+00
nan	1.382077132837073119e+00	7.628570285179083754e-01	7.866999678625122838e-01	-1.379779683440938820e+00
nan	-1.619431380014593191e-01	2.657560850349861781e+00	-5.640016863105468126e-01	1.853891431542860735e+00
nan	3.863844368668424956e+00	-2.946627561320696032e-01	7.457802416386809519e-01	-1.038334790990546486e+00
nan	-1.024245056094553741e+00	3.232266368014742763e+00	-1.252349313423988530e-01	-3.436493455177795364e-01
nan	-4.429461590963551521e-01	6.751187015689070758e-01	-1.508575207627920411e+00	-1.111677016854918820e+00
nan	-1.444297913531622068e+00	-3.688508274784503271e-01	-7.507041333204811373e-01	-1.949893882263898037e+00
nan	-5.579376408695284617e-01	-1.026027634265006760e+00	5.926903741400739722e-01	6.087598029139849043e-01
nan	-3.304581308751719515e-02	-1.454942794809646611e-01	-6.261335435571133701e-01	4.586557758118386396e-01
nan	1.083284260438527324e-02	-9.617675054807403034e-01	-1.492143610058771497e-01	4.304716350841139572e-01
nan	5.965558160542169253e-01	2.605371687859582286e-01	-1.662099164107227744e-01	2.264356892337023863e-01
nan	-9.542534161673191795e-01	1.825596774771973685e+00	-1.999969909589285610e-01	1.526333048670816261e-01
nan	-6.993076893924307647e-02	-8.185287283201337916e-01	1.371917026085540947e-01	7.547125855882169665e-01
nan	2.266841316860725097e+00	4.736625676089069314e-02	5.518866414602282555e-01	1.243376374114080862e+00
nan	9.828098090025141342e-01	3.652854364572806656e+00	-3.323341221350539776e-01	5.376620563412068954e-01
nan	3.124602936409584419e+00	4.755519444096754089e-01	-6.110228243356072841e-01	8.738351570929770995e-01
nan	6.666294675904288480e-01	3.300214016710938836e+00	-1.126066528012935164e+00	-1.677506373043079924e+00
nan	-1.084017630612387428e+00	4.274635596274483085e-01	4.918499116499923662e-01	-1.236744476620923683e+00
nan	-1.008483884541343301e+00	-1.508203613560907375e+00	1.260046547311725718e+00	8.959465661346158738e-01
nan	1.131723948846428129e-01	-3.893816710091081434e-01	-5.722110132557058915e-01	1.854769783250511894e+00
nan	1.995111364096107343e+00	7.029545328010927685e-01	-1.935066682550289130e+00	-1.015263490580154970e-01
nan	-2.087224184749240763e+00	2.470623470183174408e+00	-1.709514494899043446e-01	5.503961696914787087e-03
nan	5.239744269861339454e-01	-1.890699437939315386e+00	-5.635875117103458232e-01	-6.881456444842266873e-02
nan	-1.106774885513476470e+00	1.158246724619749202e+00	-1.557786543375341559e-01	5.524145187384600364e-01
nan	1.702772652288255362e+00	-1.039505506585394423e+00	8.361869920056664851e-01	7.973391066281433348e-01
nan	1.819284717735734080e-01	1.433221035136157173e+00	-4.895047429800956640e-01	1.367511848252232376e+00
nan	2.898116772015542519e+00	-9.784136197716590821e-01	-3.070930006839795445e-01	9.970985014846552863e-01
nan	6.910814384473604743e-01	2.922208077886999433e+00	-1.032212761961655900e+00	1.862348133341318768e+00
nan	2.383978178351918054e+00	1.164244031480987429e+00	2.943075164355322682e-01	5.074013706228920340e-01
nan	9.720316523935249586e-01	1.942531574029543240e+00	4.608058368587804043e-01	-3.741080057716697826e+00
nan	-3.709602091320448380e+00	2.188699768824761360e+00	-3.417485412832729219e-01	5.632043345513004784e-01
nan	1.095250560818306740e+00	-3.024805931762756028e+00	-3.139868068388024791e-01	-1.739338904026611066e-01
nan	-1.808864584141407494e+00	1.464042761205799348e+00	1.378306985421195119e+00	-1.555929298776535519e-01
nan	5.553644028522179976e-01	-3.594865711212991144e+00	1.370741186922416421e+00	-7.855876552476889207e-01
nan	-8.932435353896905905e-01	1.382020720595196650e+00	1.741194490658695582e+00	3.861583938956598683e-01
nan	-3.785194101376028186e-01	-1.758514673851420351e+00	2.225285801166727306e-01	1.016839182098908667e+00
nan	5.189722544640947843e-01	-5.091440022957760547e-02	-5.935031259379721646e-01	8.841736285727687106e-01
nan	1.502384137093611072e+00	7.995057320011360602e-01	6.707044450892224452e-01	1.029560625789293304e+00
nan	1.337585772857490696e+00	2.609042343308065171e+00	-1.479343255303890547e+00	7.798204797220948947e-01
nan	3.111793674349762728e+00	6.884473114114334491e-01	4.404121875092783522e-01	-1.678131543279487881e+00
nan	7.390008875739106919e-02	3.241042261703809935e+00	-5.060765295845749412e-01	7.334853930034316294e-01
nan	4.447129752803012925e-01	9.348622466489193705e-01	-1.195095047781529335e-01	-1.112695691999781161e-01
nan	4.023451193055872788e-02	-1.238809640726413530e+00	1.253910810531602360e+00	-1.760306328858190827e+00
nan	-2.454718748199946177e+00	-1.908767923014312418e+00	7.781414108931820062e-01	-6.640855233119274947e-01
nan	-1.620375620973507846e+00	-1.269181791991150776e+00	8.884974488026798900e-01	8.267254291371329833e-01
nan	-3.298230615200060667e-01	-1.467599403261915958e+00	-3.237167487803312427e-01	-4.282660431876863516e-01
nan	-7.169472628593061003e-01	6.152272633585409434e-01	-8.888126282046445725e-01	4.188852665201850400e-01
nan	-1.573848545721841408e+00	-1.238929261987314678e+00	5.459392132795565233e-01	1.235689446107943873e-01
nan	9.172630999073147495e-02	-1.197260075878822105e+00	1.033454013019725837e+00	-8.608139509200045669e-01
nan	-1.960028830763909102e-01	2.913357137037408950e-02	-4.689054806566406164e-01	6.587944771529683496e-01
nan	1.026633141833342533e+00	1.662119736549973803e+00	-7.619471281201473101e-02	1.030093504339455457e+00
nan	9.745941293772719671e-01	1.367065656335953783e+00	5.621569782129381271e-02	1.927214583408858983e+00
nan	1.807211467749169076e+00	8.740903411735870820e-01	-9.854741538042234295e-01	4.067157355512069361e-01
nan	-9.122258633727191590e-01	3.986126376090225243e+00	1.322818526744964918e-01	-6.694284831120834722e-01
nan	-1.702121958640403498e+00	-1.111673826856068414e+00	-1.427061644108564398e+00	3.795722487570749037e-02
nan	3.244550903251860463e-01	-2.144139958461102502e+00	-5.195812585208782197e-01	-4.329352848149208843e-01
nan	7.077647173423298188e-01	-1.000851164649121383e+00	1.933217879357987057e+00	-1.016686736462757867e+00
nan	-6.614169537721739101e-01	-4.591260419612219756e-02	-8.144047398196183618e-01	-3.978270645103119674e-01
nan	-1.837615711188105738e+00	-2.147528635696113852e+00	-1.953699784474066448e+00	8.573355657130314958e-03
nan	1.056834071706491907e+00	-5.340169068992959289e-01	8.426218318603656554e-01	2.357920442305857733e+00
nan	3.092517830758652941e+00	3.217698447599585121e-01	-1.285091346091701059e+00	3.446183628921315606e-02
nan	-8.406894626108161184e-01	2.796483398478890603e+00	-7.046326420969832860e-01	-4.310072468911345378e-02
nan	-1.864332072662162054e-01	4.761670782381004496e-01	-1.291566514872397820e+00	1.177309150560726936e+00
nan	5.633158401765990808e-01	3.876710789893302311e-01	1.722120254332302647e+00	-6.450078129051958209e-01
nan	-4.058742687058133347e-01	1.300777704442761973e+00	-2.108509377980682498e+00	2.972148875660975409e-01
nan	6.993513843366971905e-01	-1.305314737844301964e-01	1.385704237751823831e+00	9.522495691418180197e-01
nan	-3.452963302275027235e-01	1.203100438080153545e+00	-2.887658607628905139e-01	8.983325513842921328e-01
nan	2.065800040680368266e+00	-1.475098041292467910e+00	8.100443759704518687e-01	-3.513490984136789785e-02
nan	1.657251030319709106e-02	1.977130571477019760e+00	-4.815357236979397326e-01	-8.364462440472268945e-01
nan	-5.793520184338292189e-01	-5.970824678026082771e-03	1.049462090243572288e+00	-1.543478384058994068e+00
nan	-2.961646847372289226e+00	-7.193542294130409465e-01	2.856570464026154665e-01	-2.279754710576540777e+00
nan	-1.652841638535977653e+00	-2.173398268118555077e+00	1.537003104418592558e+00	-3.117751612112222848e-01
nan	-1.947618128772572232e+00	-1.111905082174463377e+00	8.724770936510380936e-01	2.867911945938235729e-01
nan	3.790821156532137026e-01	-5.573437680917912029e-01	-5.687029506118151945e-01	-1.539912011967159655e+00
nan	-2.570856305572801759e-01	-1.165578105724045521e-01	-4.370187712221577925e-02	7.034497746402926244e-02
nan	6.604413638828189326e-01	2.292971193574164235e-01	-1.506495056989273440e+00	4.129061039437127434e-01
nan	-3.071795036520338362e-01	-9.035198000493024351e-01	-1.848708004542422012e+00	-4.779601231668951788e-01
nan	-2.009413802532311610e-01	-1.108853247726022895e+00	-1.047985445989860542e+00	1.516023477031211986e+00
nan	2.046431554386569207e+00	5.551968605980953653e-01	-1.593920715372258712e-02	-5.087923130641904823e-01
nan	-2.318534807963912314e+00	1.495306602408687846e+00	-1.036848340299381777e+00	-1.355187450375265001e+00
nan	-5.874064926435393907e-01	-9.555835783992889798e-01	-5.478806143418849528e-01	7.017538552702109467e-01
nan	3.153110431934220692e+00	-1.183299304960544251e+00	1.004687105001984770e+00	1.521999186098200729e+00
nan	1.781513057974679848e+00	2.969130526558071637e+00	-1.232579336060299680e+00	4.166933229414381823e-01
nan	-2.406477951740233046e+00	6.406122928457116394e-01	-1.040815156166306821e+00	-2.081983190266330386e+00
nan	-2.173177612152856764e+00	-3.449407750933609407e+00	5.676160022718105269e-01	1.855529648366395445e+00
nan	2.299994160728537906e+00	-2.101498086840820623e+00	-4.541391071729190543e-01	-1.183497827330181745e-01
nan	-5.872064185888618004e-01	1.946530225480425980e+00	-3.409786558646177995e-02	9.571156246170986481e-01
nan	1.359933357025219447e+00	-8.088770888363733258e-01	1.382439626089400742e+00	7.375102479485228235e-01
nan	-1.185951460172353755e+00	9.866875423226253439e-01	9.643820693999153315e-01	-3.876954146005592849e-01
nan	-9.529371506955996995e-01	-1.671451566700737024e+00	1.859253816462177245e+00	1.472102779113422175e-02
nan	-1.805019536532827262e-01	7.077301175726979920e-02	6.728108098541377702e-01	-2.056438780886557183e+00
nan	-2.019510071056818123e-01	-2.144262481901575867e+00	-3.183007125542907101e-01	7.485397189571051380e-01
nan	-4.449239621201303008e-01	7.306835539319381789e-01	-1.717852006553890698e+00	-1.398255080127978944e+00
nan	-2.298245553019867327e+00	-1.767192039583747487e+00	2.016665139989174960e-01	-6.587238855620307643e-01
nan	-2.297366576914286806e+00	-1.172914400689575976e+00	-4.856272436961442396e-01	-2.379256053530356407e+00
nan	-2.339247031992829573e+00	-3.167809897676058917e+00	-1.474474789951542686e+00	1.090653877638002145e+00
nan	-1.206133133979086614e+00	-2.491398010319071599e+00	-2.180027474928971198e+00	2.281580709566942144e-01
nan	1.907086038263610561e+00	-3.774182271448149883e-01	-2.067416876704273321e+00	-1.760330222728685667e+00
nan	-1.791428748759375189e+00	2.090924212885631128e+00	1.805570874313864593e-01	1.376867439415214944e+00
nan	2.275319110844306714e+00	-1.634265718430450320e+00	-1.748503925305437301e+00	6.251534280412773814e-01
nan	1.246372394380290238e+00	3.685244178511252855e+00	1.185440301526772044e+00	2.271975289019008137e-01
nan	8.357028048910098983e-01	2.582573751090523562e+00	-1.293451808818951276e+00	2.899475696818530901e-01
nan	-1.459705593779074384e+00	1.883403801894165674e+00	2.541587574940085692e-01	-1.190298675014829222e+00
nan	-1.014865948572886367e+00	-1.575575527397459874e+00	-4.065871210414387371e-01	-2.176477648886894212e+00
nan	-9.789502518636246098e-01	-6.505508166430491457e-01	1.495145314563818897e-02	7.152227100436671092e-01
nan	2.215745544097038167e+00	-2.903170919250045445e-01	-9.179362349152531131e-02	-9.020562856244517258e-01
nan	-1.054667606568657545e+00	7.791731285632712556e-01	6.507187246719922102e-01	-1.536347368541342906e+00
nan	-1.252628646249300370e+00	4.237292693930008181e-01	1.501321889038625290e+00	-1.526231946082175828e+00
nan	-2.821334878164899695e+00	-1.627287397356853349e+00	-9.360285957466173423e-01	-7.442854932238712751e-01
nan	-1.348357010382085219e-01	-4.948277547668819665e+00	1.320974592417245796e+00	1.827905693169828538e+00
nan	1.922223913885184654e+00	-4.521961781131061398e-01	-6.172564336640979921e-01	6.763847077571846222e-01
nan	1.388578567773843364e+00	7.580716210468207983e-01	-4.668588433680926908e-01	-2.421714281364368004e-01
nan	-2.055450429798313938e-02	2.427586223814660826e+00	-5.567522828113249389e-01	-6.375231137476485843e-01
nan	1.317302678254355985e+00	4.538920107115397562e-02	-5.660825617044490388e-01	8.167138788340663202e-01
nan	4.383692941558260947e-01	1.549240406783827240e-01	3.367078346039154013e-01	-1.347899280656851495e+00
nan	-1.459937736198818614e+00	1.761970938958116628e+00	7.431933829561669924e-01	-9.745250426745777350e-01
nan	-8.206211802055195514e-01	-1.793093036420924102e+00	9.553375319367002350e-01	-8.950532853471274697e-01
nan	-2.208570714303084159e+00	-4.665283907153411347e-01	1.019483654223680702e-01	-1.888769103916354775e+00
nan	-3.002376698583943515e+00	-2.965293172095950780e+00	8.746705299820602963e-01	-5.378627507458183521e-02
nan	-1.799216849798204620e+00	-1.842947153168730701e+00	-8.585857676187520493e-01	-1.233435687227708799e+00
nan	-7.663399658261316194e-01	-2.947947485586887240e+00	1.776438122083230098e-01	2.043342209017701361e+00
nan	1.910150441301728730e+00	-6.834515513385314156e-01	7.227390309104777533e-01	2.113988671232191752e-01
nan	-1.107415929963067258e+00	5.603747991123637640e-01	1.345321609655474537e+00	1.566899986407996326e-01
nan	1.048967170741355037e-02	1.256541506634587302e+00	5.582087091953422675e-01	-2.402505109533537020e+00
nan	-2.507248385530244317e+00	4.522160997686492379e-01	-1.200331334615261980e+00	1.310140597605589374e-01
nan	5.126779018227054507e-01	-2.932182221841914682e+00	1.650156512002092457e+00	2.674693946204997341e-01
nan	1.412822498583963027e+00	2.169425290381797322e-01	-2.446383347050194335e+00	-1.169899861990060241e+00
nan	-2.848187523041729285e+00	1.045488184648108776e+00	-4.971005194832591179e-01	3.015773026105704191e-01
nan	2.813046947293600386e+00	-3.464188775368655548e+00	-2.417924101153967165e+00	1.259053628169432892e+00
nan	1.669602738874589321e-01	3.418834839978654117e+00	4.470880015742804137e-01	1.152133510386924298e-01
nan	1.361543469530867911e+00	1.400356337376720495e+00	1.162339866891611395e+00	-2.566112609919726437e-02
nan	-8.565101348881659638e-01	1.929429888181912967e+00	-9.308098266155651057e-02	5.732009990969267887e-01
nan	1.601950042938650842e+00	8.918210150866073826e-01	6.904266893428277589e-03	2.594203339550545939e-01
nan	1.085810486120668106e+00	1.645834026099876057e+00	5.272007559905862034e-02	-3.197698866599941070e+00
nan	-1.378642675607608670e+00	1.268084037489249027e+00	1.613092489444476252e+00	-1.876388758760240583e+00
nan	-2.599277783958225285e+00	-2.899245640676519020e+00	-5.122132240070264020e-01	6.714428894964086236e-02
nan	1.528679726964178309e-01	-1.273392393035026382e+00	-1.486755183085702869e-01	-6.398181159939206886e-01
nan	-3.196479074687846311e-01	-9.211462515414755581e-01	1.431039510022868999e-01	-7.667287407574907565e-01
nan	-1.425998219684437185e+00	-1.952512910273086044e+00	3.350805567112334349e-01	1.152145703770998564e+00
nan	1.301085752410924945e+00	-2.764765170923309867e+00	-9.475042886415382393e-01	-2.008123150196042594e+00
nan	-1.540376520408883732e+00	1.913821915713153077e+00	-1.440158378733556344e+00	1.071093216959974281e+00
nan	1.986672114500319442e+00	-2.215637488051754644e+00	4.457445445772030279e-01	-1.373364989145772208e+00
nan	-2.035635519232996238e+00	2.424193906181576708e+00	3.496730180776778107e-01	-3.065928900116783873e-01
nan	9.048678438597448359e-01	-5.028922686107475393e-01	-1.086412635018205314e-01	1.223894303590727928e-01
nan	9.137335330926275034e-01	1.371680842764759989e+00	-1.392105286763361260e-01	3.444961194292237017e-01
nan	7.110062117753035427e-01	2.326475795192376461e-01	3.441249136367359740e-01	-7.852098472782880201e-01
nan	3.315278433420187909e-02	1.738737257834294780e+00	-1.229111430680909667e+00	-9.277003637416820769e-01
nan	-4.509856588705772329e-01	1.566070745244770301e-01	6.742200497437564333e-02	1.122908089058700876e+00
nan	2.978302825456115022e-01	5.312178091963468685e-01	-1.107222289048453101e+00	6.545170953007288517e-02
nan	6.146668817000950913e-01	1.468520500595513478e-01	-1.287735399554313043e+00	-2.536728649219546217e-01
nan	-1.039240014049401584e+00	1.641943309673183471e+00	3.521091090342088892e-01	-4.418331024387071038e-01
nan	-8.494886294373462654e-01	-3.453097026773749301e-01	-3.631278140881816913e-02	-1.485080292542663161e+00
nan	-2.419942110176716454e+00	-6.875762428767110412e-01	5.887206728319368393e-02	5.077059393978342605e-01
nan	1.543869775083911655e+00	-2.644961330143087430e+00	-1.041046327175546987e-01	-1.629924174715083052e-01
nan	-9.267256451726075817e-01	1.419285850094619716e+00	-1.606958914584851073e+00	-1.268393004091206366e+00
nan	-1.238043440228086434e+00	-5.564851139019679760e-01	1.154648819722142727e+00	8.280687298340789759e-01
nan	2.129683136095730234e+00	-8.657515429255471240e-01	3.883080585891844350e-01	-1.388092375692465907e+00
nan	-2.287546373043725545e+00	2.919257263126390445e+00	9.954458996191879461e-01	-7.002467460363240859e-01
nan	-2.973443950768855704e+00	-1.994361766773425026e+00	6.561255332902289350e-01	1.073036694300518734e+00
nan	1.745815530203830068e+00	-3.955340640147570586e+00	-9.577772580063178554e-01	1.349584954405008419e-01
nan	2.611961880794930191e-01	3.024915849772116694e+00	-8.201631011166454766e-02	-6.527394747375884210e-01
nan	1.876380117772096234e-01	3.771588453881641323e-01	1.597112801121147951e+00	1.092822268678135700e+00
nan	-7.382679704349086602e-01	1.783287988170034477e-01	2.004202416318321855e+00	-1.016958429640222761e+00
nan	-2.254840330553221417e+00	2.934886238631166933e-01	-7.434877690606271905e-01	8.228728656163930566e-02
nan	-1.320821616330017489e+00	-3.001604137007229056e+00	-1.745731038200856400e+00	6.418552386932983855e-02
nan	1.625633765836501876e+00	-2.584053409352783159e+00	2.100854756042533633e-01	-6.860275245123969023e-01
nan	1.559200360240289296e-01	7.563454457857444746e-01	1.877640615041762384e+00	-4.675976942730000196e-01
nan	5.368207639871389603e-01	5.839137380301332447e-01	-2.750856192122498323e-01	4.622918169858073467e-01
nan	-2.120689537154054616e-01	2.598735300297002060e-01	-3.379487546757889427e-01	-1.484594606468362832e+00
nan	-2.063909104815256246e+00	9.804443709971772947e-01	-1.245702770792592950e+00	-8.299800098241121027e-02
nan	7.626967383606612083e-01	-1.323133624687330867e+00	-6.158569171974009882e-01	-4.035740233750514938e-01
nan	-9.257034954567495699e-01	5.897303612083496516e-01	-1.138140127786721800e+00	1.104560507888706855e+00
nan	2.254163526324861166e+00	-9.372797469409249738e-01	-1.205610111453521593e+00	1.961557447080103822e+00
nan	1.876169792510167245e+00	5.288983404362661567e-01	-3.111850845817991651e-01	-1.222194572064737805e+00
nan	-8.635043941700195624e-01	1.461405493382004206e+00	1.529193830365673523e-01	1.047750036904158355e+00
nan	2.022444621428776124e-02	3.945364031460438792e-01	1.629898697540482555e+00	-1.625694190580313225e-01
nan	5.848250230085885737e-02	-4.335601148329916721e-01	-5.114013185015828800e-01	-1.912867768128940993e+00
nan	-2.249774259308881419e+00	1.085002135924557409e+00	6.289723868195410406e-01	7.052146981035061213e-01
nan	2.117817498095679873e+00	-3.007348653264830585e+00	8.647999493645074087e-02	-1.543819130489081370e-01
nan	-1.328638425902643583e+00	2.215867138757368071e+00	8.173147689044977238e-01	1.742418126682295343e+00
nan	1.695354758327897837e+00	-2.107157977004649130e+00	-1.195371900065986592e+00	1.130522513084041503e+00
nan	1.459323948619279943e+00	5.144555143733076097e-01	3.359400113367093654e-01	-9.039651786576970985e-05
nan	-2.471309632901762254e-01	1.336059847932598244e+00	8.643888149965817114e-01	-3.107328996446971359e-01
nan	-1.484180254879490013e+00	3.640984287177538858e-01	-1.162629645129002354e+00	2.850849078940643350e-02
nan	-2.447289812325924574e-01	-4.583823897956078586e-01	-6.098635274751433855e-01	-1.092535667491268736e+00
nan	-1.206988385969868016e+00	6.492702780515453576e-01	1.255782054659732694e+00	-9.606844615729382975e-01
nan	-1.901145690207634908e+00	-1.461956164331104757e+00	-1.765776575690737538e+00	-1.160954725459653281e+00
nan	-2.166920093667361602e+00	-1.651764776770696663e+00	-1.827415908521022869e+00	7.589409291344553221e-01
nan	1.733870304147269392e+00	-2.502849065836710629e+00	2.716375129957075973e-01	-1.132499156487109193e+00
nan	-1.562855652146573071e+00	1.952206401761018784e+00	-9.638764624780827850e-01	-2.635403419760604105e-01
nan	-1.261904493054740506e+00	-1.850901926896078686e+00	3.216182311227717139e-01	-2.165227208122018701e-02
nan	-1.916285232567360941e+00	-2.209576814123332067e+00	-1.304929477262790627e+00	-1.523045565438942761e+00
nan	-1.987892050003058797e+00	-5.285844811607187665e-01	9.117712243349958001e-01	2.740968940125594333e-01
nan	7.433868064603472714e-01	-5.278894252267891662e-01	-3.624932723207041629e-01	3.692187310888677687e-01
nan	1.505600715751203023e-01	2.107777257728780107e+00	5.797517343386076050e-01	1.183773648922492594e+00
nan	-6.521634875347626092e-02	3.881348411011713573e-01	5.557617096777033305e-01	-7.389292812589833837e-01
nan	-1.608368410134904281e+00	7.643240895246997679e-01	-8.794440069939159221e-02	-1.730667392009153094e+00
nan	-2.253924862957676467e+00	-3.301442095250495257e+00	1.690280795693889782e-01	4.996856679240243015e-01
nan	5.109247535275143193e-01	-1.495832538937353018e+00	-5.222615294066765834e-01	1.496411360265709478e-01
nan	3.663661312976419504e-01	2.022406695054773884e+00	4.414910512039169621e-01	2.944741623878819325e-01
nan	1.705470198592335729e+00	-6.182134648068356997e-01	-2.118791242990763490e-01	3.301441335066813143e-01
nan	2.013826598237408172e-01	9.923300254887560401e-01	-1.289581538299080510e+00	-1.742802235729620675e+00
nan	-2.550179882541447451e+00	1.467021483971298057e-02	4.232269649982106641e-01	-8.830849244621911120e-01
nan	-1.634924208419642255e+00	-3.965476011393638700e+00	-1.573506241902848102e-01	7.070146128438906663e-01
nan	7.530840799433435873e-02	-1.239489051600794145e+00	1.777361463411505804e+00	6.996489819169012837e-03
nan	-1.099888653836307739e+00	9.394128491942203008e-01	-9.456092837140759322e-01	2.006997588975561353e+00
nan	1.057692133947386370e+00	-2.183735439865177597e+00	9.527538655907007159e-02	5.881898978802849731e-01
nan	-1.117780568156681920e+00	8.193479138021199093e-01	-8.140648366473475159e-03	-3.502835489133956232e-02
nan	7.057864838696702448e-01	-1.245018278705870118e+00	-1.332412225651961490e+00	-2.605469537347326336e-01
nan	-8.541661083224010298e-01	1.166871580192861524e+00	-3.492615257296249193e-02	-1.404865508133430252e+00
nan	-1.791040901664127549e+00	-1.488739405982329345e+00	-1.483749058132977361e-01	-2.074054868835982113e+00
nan	-7.128841866932942306e-01	-9.993755536206010426e-01	-1.022909508992763339e+00	-8.153407135916843629e-01
nan	-5.769619980858707864e-01	-4.129523033299475898e-02	-1.250546752865872580e-01	6.032795823766843313e-01
nan	-1.052409529416588496e+00	8.047939662191915255e-01	-4.854655643671851317e-01	-1.408619936882421708e+00
nan	-1.262175053949006198e+00	-2.707974944798996919e+00	3.456716771634512075e-01	-6.863946582825281029e-01
nan	-9.276476842168465131e-01	-2.970680286797879432e+00	-7.022148773157552704e-01	2.646453865567618413e-01
nan	2.894165338514795294e-01	2.345643722740283765e-01	-8.970596252678612048e-01	1.334380593858967567e-01
nan	-1.141451114226437413e+00	9.002783022595721718e-01	-1.843713395325417281e-01	-4.329828656818506261e-01
nan	-1.349261184015326243e-01	6.818402324869681230e-01	2.618958975967844438e-01	7.173609684789040708e-01
nan	-2.478624140913453511e-01	3.666296641266885703e-01	-1.052716338336029622e+00	8.655228114817217211e-01
nan	-1.046785416740480201e+00	7.294191657646323934e-01	-2.015096111963078362e-01	1.574342606783510901e-01
nan	-8.433666753604668331e-01	-5.557220604485784143e-01	-1.076775367322574617e+00	-5.097765904883225785e-01
nan	3.161908667588653188e-02	-2.172976394439600334e+00	-8.993458424072965363e-01	-1.339954846742453798e-01
nan	8.343905444030510488e-01	-5.899578380145075185e-01	-2.617702281200537939e-01	-4.148643516250132834e-01
nan	-8.327347769711826997e-01	1.159092525553213182e+00	-2.534946983531576326e-01	-1.020109782038067348e+00
nan	-1.470046334975326996e+00	-1.509927613638665012e+00	-1.636962676252274207e+00	-8.660300612551158350e-01
nan	-1.775235741936147971e+00	9.839130898176051687e-02	-1.251410687393040844e+00	-1.585934707859664172e+00
nan	-1.399685727617309583e+00	2.816922577313585307e-02	4.074944977060133700e-01	1.496917623669872521e-01
nan	-4.788854173497809619e-01	1.778588136305629952e-01	1.376000195236692480e+00	-2.638833529119773147e-02
nan	8.015196646605717845e-01	1.164740690517256816e+00	-1.214592896628294172e+00	-1.410195351868757108e-01
nan	-8.007969975489322989e-01	1.242181177698202799e+00	-1.827190046680643887e+00	-4.562252100699436264e-02
nan	1.521365214464998283e+00	-1.546444067712801740e+00	-7.275957634040737254e-01	1.035536082017496362e+00
nan	1.928298019489009363e+00	1.441033157534463260e+00	3.019458449562418823e-01	4.588962186682861710e-01
nan	8.784333619273332339e-02	1.532378524294414124e+00	4.655739848676425652e-01	-1.035862183250620738e+00
nan	6.023357954201522535e-01	-4.370207280107744063e-01	-6.749413298873617739e-01	-1.177011511875096117e+00
nan	-8.680572071278975788e-01	-7.671959701953900979e-02	-1.410852782313600118e+00	-5.985602913266356850e-01
nan	-1.960543870223521168e+00	-2.935654326054670804e-01	1.830385033304434902e-02	-1.031127446743316689e+00
nan	8.799477812069544935e-01	-2.897572564947254126e+00	4.721452116940202393e-01	-3.912736885845066737e-01
nan	-4.822412774023591142e-01	1.128145353010834295e-02	-1.281925507741903836e+00	-7.844462560042143595e-01
nan	-8.727932449308763996e-01	-1.493533897778029917e+00	-4.136394898210706689e-02	-4.724607286700235886e-01
nan	-1.371331803506128821e+00	-1.038849039399265983e+00	-1.535366100210235896e-01	8.579327286336650982e-01
nan	7.652060907790192434e-01	-2.215904712703066437e+00	-3.465029597985008203e-01	-2.192268545512699174e-01
nan	-8.261403445042748706e-01	1.097346146293856073e+00	-1.043570978178111730e+00	-1.069261817746620241e-01
nan	-1.458906278099795784e-01	1.877075862489888669e-01	8.384747015522713287e-01	4.458010413248587600e-01
nan	5.266287093582324719e-01	1.486646858385246572e+00	-2.056498638174439064e-01	2.134299428133742627e+00
nan	1.864434790009136034e+00	1.019719370557003790e+00	-5.905400029842601262e-01	-1.838924748953087440e-01
nan	-1.838780732146390262e+00	6.310368639103647315e-01	-5.197786704560204418e-01	-2.451904050483489639e-01
nan	-5.779649356469925836e-01	-1.111457497377339232e+00	4.193418547167388488e-01	5.489582228698912658e-01
nan	-1.064989180810960834e+00	-4.228359484504401467e-01	3.332632085740464545e-01	-2.174433548135877303e-01
nan	5.671962448452283478e-01	-7.731964343250212757e-01	-8.496800197334963833e-01	2.191365058928774090e+00
nan	2.971138673055214063e+00	7.542782898916455814e-01	-5.488555333024475180e-01	-5.431374559667423441e-01
nan	-6.082360686326981902e-01	2.850798875815274691e+00	8.122638511476633072e-01	-5.348119186250896995e-01
nan	3.162710475023111645e-02	-1.209333707394543822e+00	3.800581080992833094e-01	1.088996131563656045e+00
nan	3.838165150455408181e-01	1.373822458978749328e+00	-1.449240108583133679e+00	2.199717914519826234e+00
nan	1.142065582160827208e+00	1.634412369354015571e+00	-4.362980826787855038e-01	-6.874851648520404757e-01
nan	-2.271266688391223809e+00	1.739817043508376404e+00	-3.337902035011899304e-01	-8.258153976112524441e-01
nan	-1.401219830834417923e+00	-3.081276792449266111e+00	-7.662276247702280996e-01	4.269467558716977251e-01
nan	3.941781256286336355e-01	-2.561839532456435364e+00	-7.932563545887333367e-01	6.837221792948804389e-01
nan	6.389542882644985156e-01	-3.335115850487071487e-01	1.601924054183936574e+00	7.957146956427687545e-01
nan	2.032579503110672370e+00	-4.063170222269418819e-01	6.129653105807176816e-01	-8.196826366983244183e-01
nan	-2.031283104852188881e+00	3.472453857366577523e+00	-8.417456042797143434e-01	4.942387294566938927e-01
nan	1.770087183488296523e+00	-6.341174560964164542e-01	-2.384417747609445914e+00	3.269826614862911263e-01
nan	-1.256362065429876163e+00	8.738314363252608352e-02	1.428713272684718705e+00	5.383220894513796040e-01
nan	-1.908669801412805622e+00	-2.155923126274493118e+00	-1.051629751547621949e-01	-1.576273244828410580e-01
nan	-1.007803717824264700e+00	-9.957574035566252313e-01	-6.811974212090112779e-01	-2.380563730313943749e-01
nan	9.860064926767919680e-02	-8.554964559866196083e-02	-2.386921326714325886e+00	1.052154365712487882e+00
nan	1.495648844953941792e-01	-8.306924179058011726e-01	-5.065215930704495273e-01	-1.780233608787362351e-02
nan	-1.671817527470851994e+00	-4.721200282812481053e-01	9.151185549821400089e-02	5.053537277273073558e-01
nan	7.347473341639110256e-02	-5.967171271234958940e-01	-1.661678666875431309e+00	-2.267900769979629833e-02
nan	8.193419879288659224e-01	6.310911598220207697e-02	8.110096707225830093e-01	6.334078750938271218e-01
nan	1.576667950140508090e+00	1.958620758001760498e+00	3.784550177625733980e-01	1.142340859303740519e+00
nan	1.025380372371906379e+00	1.368144062639019776e+00	-1.345462044590303163e+00	1.361626122355209301e+00
nan	3.104445883432510822e+00	2.603195379386650465e+00	1.292610817571184567e+00	9.572761893520685961e-01
nan	6.373577308151221477e-01	3.236356156738777745e+00	1.437131450922300435e-01	-6.105270717555055793e-01
nan	-2.225361373370520646e+00	-5.287626344689895230e-01	3.406466699214254490e-01	1.266335662993310240e+00
nan	2.366433115352246652e-01	-1.490710308056903521e+00	6.499159929099451727e-01	4.394186096065849090e-01
nan	1.635643473867123721e+00	-8.904741515048211209e-01	-9.640406597402630118e-02	8.550929606851466191e-01
nan	2.016123890799834673e-01	1.290361443870332359e+00	-4.607976952307573648e-01	6.854769064310131110e-01
nan	-4.674120458713939552e-01	6.505426358607543369e-01	-7.518306766737241631e-01	-4.137249341020453608e-01
nan	-5.203411161364530635e-01	1.599583965614154168e-01	-1.823027774761063757e-01	-1.257290803123535694e+00
nan	4.830709078145360991e-01	-3.346222263236289796e-01	2.633818748662920317e+00	6.547291092590502570e-01
nan	2.341453012590329674e+00	1.808872646021789432e+00	-1.554066409063185494e+00	-2.854410842650602076e-01
nan	-1.989108337769084578e+00	8.975139169173136366e-01	3.484198038093184735e-01	-3.343384389971491566e-01
nan	-1.364148451949793728e+00	-1.944130749925144563e+00	2.870880235757065080e-01	-2.487607837619837947e-01
nan	-3.960384516904124075e-01	-1.873105577218325379e+00	-8.894096543831916390e-01	-2.331501644092455472e-01
nan	1.248732933524760724e-01	-1.504167489596749174e+00	2.479805847702140909e-01	-9.987993197852804705e-01
nan	2.105028206827614934e-01	8.718668073391412365e-01	1.583526628367089240e+00	5.853373406566633741e-02
nan	9.527548449497766359e-02	-5.694988813481578482e-01	1.128835663715323845e+00	-1.031303541042696663e-02
nan	-1.168030323932287423e-01	1.620657399205118754e+00	2.263503590412344058e-01	1.470456382178205956e+00
nan	1.746747411296898811e+00	-6.598906349792259540e-01	4.440655481926556597e-02	-7.267605867291226929e-01
nan	-1.657134922362010210e+00	8.740030543531526197e-01	1.794797182233899724e+00	-1.704713332287852989e-01
nan	-1.582739015809180305e+00	-4.429559873954769245e-01	-1.038417221962587789e+00	-4.185180939373702724e-01
nan	9.793990426020506845e-01	-2.276403128416581545e+00	-3.429729582122639786e-02	5.952153218047004368e-02
nan	1.371876346194310425e+00	8.557464391488029953e-01	-1.837933963069763754e+00	-1.100577912867184649e+00
nan	-5.043780197233861395e-01	-8.213254805413545689e-01	-6.813623264217529840e-01	-2.705889440122005496e+00
nan	-2.088784906813544673e+00	-1.049366129849875762e+00	1.474071131378192456e+00	-1.932249702764089250e+00
nan	-2.594438686574372266e+00	-3.009741728572740804e+00	-7.681645545070503456e-01	-1.707413922104389229e-03
nan	1.091335639901918286e+00	-1.674488993883834098e+00	2.691271402769911392e-01	-5.161682137580385632e-01
nan	-4.016968929808958366e-01	9.065568644822508126e-02	-2.342518089434814321e+00	1.524324765599691434e+00
nan	2.480211489360929722e+00	-1.173066088648653804e-01	-1.924158499569314618e+00	-5.166555558595016251e-01
nan	-1.805638850001734630e+00	2.112761209192349554e+00	-7.086145173811712050e-01	-1.002592954757794974e+00
nan	-2.302320333800145225e+00	-1.549395180126267535e+00	-1.396366446604236256e+00	-6.417227339972966238e-01
nan	-6.470515470259388113e-01	-1.414760090253967650e+00	-1.824657587257344282e+00	-1.557370152452388190e+00
nan	-1.106805426753638688e+00	1.271745079453392435e-01	-1.515650144070288495e-02	7.770891676076434329e-02
nan	-9.453709928904139304e-01	-4.746758895705460723e-02	5.300930553190595640e-02	-2.209922722892551761e+00
nan	-3.483005505777361677e+00	-9.057446386706050623e-01	7.744730772924307560e-01	-8.814707141564397108e-02
nan	1.038141162280769469e+00	-3.447832707020576759e+00	1.492587904996575787e+00	-1.025559885828556173e+00
nan	-8.653354961869452744e-01	1.233403925157608771e+00	6.740777167652675095e-01	7.173482170687272008e-01
nan	2.399600303077271124e-01	-1.153947700150560696e+00	-6.643669435958061698e-01	1.398228139620502908e-01
nan	-2.187591642697537531e-01	8.513530940654678858e-01	5.634120986644558515e-01	5.559123685882708665e-01
nan	1.583992271049686762e-01	9.504554081739511329e-01	-1.130367905143896623e+00	-1.376611907110813493e-01
nan	1.073547450703386419e+00	1.071722452229132649e+00	-1.106974329885419328e+00	1.218269090835474966e+00
nan	9.594996962886435110e-01	7.739073451367451950e-01	2.137438350844252266e+00	1.986556774980541729e+00
nan	1.940888745913916580e+00	1.811961385378712652e+00	-9.200711418006701781e-01	-3.269294998967356425e-01
nan	-4.608700039125206427e-01	1.263685958561003631e+00	-8.183670995094440848e-01	4.244409622378918501e-01
nan	-1.276817297892445691e+00	5.295295893238182172e-01	-8.488334914376248763e-01	9.738342773304830002e-01
nan	1.379981271966358891e+00	-1.301515941642866325e+00	-1.293816484981320736e+00	-4.912548923285629809e-02
nan	-2.111410902693701352e+00	3.482564399042884062e+00	4.961935886377371041e-01	2.731893690482181114e-01
nan	-1.085298332183424197e+00	-2.865489303969939172e+00	-8.093285011999217238e-01	-5.062894539317281950e-01
nan	-1.131632768235368847e+00	-1.838058135005275151e+00	-2.728115999185282692e-01	1.500783806056381398e+00
nan	2.823683013001995867e+00	-2.528322910508336463e+00	-5.236811055119209302e-01	-5.757934435401881323e-01
nan	2.823806856008407307e-01	3.161693390068881282e+00	-2.607966656082348345e-01	2.909202737680989803e-01
nan	5.581075857827210163e-01	-2.605566176682175827e-01	8.199916699490820138e-01	-4.262869397705610491e-02
nan	1.165474491897681153e+00	1.657133662550758224e-01	-8.320788320793953696e-02	-9.022915204313578519e-01
nan	-1.380608204308213960e+00	2.702893691431081713e+00	1.886643532108621235e+00	9.170177782033858693e-02
nan	1.963084895246309358e+00	-1.912340936131010416e+00	-1.551986674704264102e+00	1.597517600250767944e-01
nan	-1.575926302448151795e-01	2.810998272809058562e+00	1.998478516740212485e-01	-5.432258721565916826e-01
nan	-5.204887066510185401e-01	-1.313844681591767705e+00	6.024284426488709654e-01	-1.319865129000258541e+00
nan	-3.170198503226097309e+00	-8.328074064678974153e-01	7.818946733025519125e-01	2.222946006810879171e-01
nan	4.219051218006342197e-02	-3.009716754451418730e+00	5.129948857197228484e-01	1.792755610469360106e-01
nan	-1.154590133854595413e+00	-2.471681198914998934e-01	-2.771305048428908790e+00	1.317599116287028298e-02
nan	-7.466844555756012303e-02	-2.229632457248220678e+00	-1.169379711025651858e+00	1.079128988235745101e+00
nan	8.252108577997796512e-01	8.049704476283431331e-01	-1.630438592646526352e+00	-1.220748970887581386e+00
nan	-1.533739093619513438e+00	7.458416698931022992e-01	1.711293645360702387e+00	-6.483745209828180034e-01
nan	1.178311802821107257e+00	-9.440450948942442633e-01	-6.974982161371555689e-01	1.507819307193073666e+00
nan	1.539552747109507180e+00	1.349126872895598517e-01	-3.526772148196128387e-01	-1.397661581234174444e-01
nan	2.799949465681544902e-03	2.619230806758150010e+00	1.550524708743342472e+00	3.770451198167232287e-01
nan	-8.841957472201673607e-01	-5.508372676234937204e-01	-1.121022620084249244e+00	-7.344097647668138551e-01
nan	7.621786539480063238e-01	-1.632917705581400813e+00	9.370115742621184518e-01	-1.000310502620420872e+00
nan	-1.284566299087059438e+00	1.077021284201140849e+00	6.696904216021232203e-01	-6.276336302045194548e-01
nan	6.566212375300406467e-02	-7.896053013040849056e-01	2.423463810217170999e-01	4.940510553483677958e-01
nan	2.481650848554236344e+00	-3.642585849382987129e-01	6.970309553741641517e-01	-8.735105872297371787e-01
nan	-3.464109857470587528e-03	2.419980809486060203e+00	1.020482834625001889e+00	3.087192896086498606e-01
nan	1.391493635555906438e+00	2.991192053101956461e-01	-1.018674513853320418e+00	5.620779454411786204e-03
nan	3.558474121674728985e-01	3.683229174618847246e-01	3.881800796091373851e+00	-4.242504867267162250e-01
nan	-1.289714645834987850e-01	-2.911070294730899732e-02	-1.054102969235038767e+00	1.330156856706373292e+00
nan	2.129205825284016473e+00	9.544408705453022446e-02	-6.620464841206975537e-01	-1.673312375972358268e+00
nan	9.942953521507931214e-01	-8.927178288428816444e-02	-1.200440772082531415e+00	-5.633724370063911691e-01
nan	1.477047349872615101e+00	3.735304931910012893e-01	-5.263157795829761509e-01	5.252756649222337648e-01
nan	-6.571183807541381983e-01	-1.220980262727411336e-02	1.788839528298979131e-01	1.591813695303377685e+00
nan	1.216268246184693425e+00	-9.850610843985269094e-01	-9.577624428957711711e-01	7.454979454785184423e-01
nan	3.609279642770205632e-01	-6.996619347117021270e-01	-2.250681875421266243e-01	1.868947713922276765e+00
nan	4.664650090623427836e-01	1.042613810248180561e+00	1.156586307731788388e+00	-1.095272426381071140e+00
nan	-1.067111949318271247e+00	-4.197990059921041794e-01	-5.241432617290772145e-01	-3.478694123588662035e-01
nan	-1.683255812127146256e-01	-1.229160210452932001e+00	1.119590815696175801e+00	-6.604075059778472534e-01
nan	-8.359377454340783942e-01	-4.561739904092311781e-01	8.734072677208588598e-01	5.794501477285006752e-01
nan	5.554771183188084160e-01	1.613607687206516594e+00	-1.212615942154936954e+00	-2.446133342632490493e+00
nan	-5.525032071278785928e-01	3.024418561820803042e-01	-2.034661097112575590e-01	-1.477850300551841967e+00
nan	-2.352597659527271734e+00	-8.600661188687960257e-01	-3.568834492704974770e-01	-1.824814858946656626e+00
nan	-1.585404563101759035e+00	-3.390402526527444227e+00	-4.652719230753371571e-01	3.594605418117786666e-01
nan	7.106229337021179315e-01	-2.798782484995971487e+00	1.810110209505659595e+00	5.054114592807639195e-01
nan	-6.522458007968823246e-02	-8.773888922504267107e-01	6.905729742735194909e-01	-1.210519712164870310e+00
nan	-2.523000670483668273e+00	7.583203475416262496e-01	-5.573276657109006438e-01	-1.813910130593186842e+00
nan	-2.261882822900527223e+00	-2.589046602596940971e+00	1.592164735103130058e+00	-1.429815549918935780e+00
nan	1.138961384466211868e+00	-1.276212354810219773e+00	6.230835188344027165e-01	-6.189189177097316197e-01
nan	-1.716394153481594076e+00	1.097119083380342586e+00	-2.394076758718980680e-01	-9.929135262703963141e-03
nan	1.744648387504065701e+00	-1.454529404762628042e+00	1.102549516059500689e+00	1.781385201357809922e-01
nan	1.409414930098380259e+00	1.618549623807064908e+00	1.571241315766195523e+00	1.083757058463216794e+00
nan	3.263958335247784115e-01	6.520517538871455354e-01	1.683121304753224301e+00	1.367219577894234428e+00
nan	3.475595580312590194e+00	8.673951780603533779e-01	-1.316341087344945482e+00	-4.379074898867122423e-01
nan	-2.188081561063791813e+00	3.281674567346022808e+00	1.976725151966819638e+00	1.219491127983186596e+00
nan	3.410748118018990027e+00	-2.239952647115883266e+00	1.478306061647594705e+00	-1.250181238803007355e+00
nan	-1.717757758442830962e+00	2.701319663611516209e+00	-2.973745407993811374e-01	1.745162885928703611e+00
nan	2.695356283638168371e+00	-1.209438054794601092e+00	3.432407774204543904e-01	8.021351947077814959e-01
nan	6.167967383427617190e-01	2.137401705384808892e+00	-4.265440113382703569e-01	-6.392899317532702019e-02
nan	9.077854056238057190e-01	1.303055129358866804e+00	-8.878079837340927538e-01	8.604402658487695366e-01
nan	1.825661162255938885e+00	2.215648660673035231e+00	2.386119441982026856e+00	1.722113729726258702e-01
nan	-1.286337438505938957e+00	1.913760168737397516e+00	-1.378041480943364538e+00	-5.101251805723213684e-01
nan	-1.128691307409073197e+00	-1.066800387541402495e+00	1.895962912604183259e-01	2.185066797753128398e+00
nan	2.026523665976150745e+00	-8.313743619096944926e-01	2.004393208699507323e+00	-9.516928241662081511e-01
nan	-1.339166517857091954e+00	2.654963432473756324e+00	-9.095404401500666314e-01	1.313887265553550954e+00
nan	1.175037103511984871e+00	-6.535487111505160485e-01	-3.071448623788426979e-01	-1.085241903769873367e-01
nan	-1.012109218155919477e+00	2.792379522546662329e+00	-1.310215444076822111e+00	1.517498862754768529e+00
nan	1.340668884457518084e+00	-2.225510093178322713e+00	-6.245946461635991653e-01	-1.142213541834725676e+00
nan	-1.988457420202719650e+00	3.009931362584304715e+00	6.595159974162291272e-01	5.964532392442000175e-01
nan	-1.555839487735974913e+00	-3.027811634057085310e+00	2.397203257280262623e-01	-1.099969369507498296e-01
nan	6.817897944317319325e-01	-3.614152457733776913e-01	2.075569542396208611e+00	-1.142910514385533371e+00
nan	-1.644916021654723393e+00	7.196422377117703828e-01	-4.172069825114728681e-01	-4.729334150270556036e-02
nan	-2.168881764560971759e-01	-1.344744416043550217e+00	-1.630559956136963029e+00	-4.728285180286892486e-01
nan	-4.276433096585017801e-01	4.513617641137691594e-01	1.344383557965046272e+00	2.047420102441036560e-01
nan	6.080103572417074886e-01	1.012889572130944327e+00	3.107469076364137439e-02	-7.125692314116827131e-01
nan	-1.470233609003305686e+00	-1.574219308188042898e-01	6.411616146268406258e-02	-6.726904071146994069e-01
nan	-1.342834899293107398e+00	7.686136018743339182e-01	9.913073433372302512e-01	2.625327471064649032e-01
nan	3.554926656919915606e-02	-3.868538960245460068e-01	-5.555110954247866051e-01	1.713308011875520065e-01
nan	2.309498784185255449e-01	4.936898866895301774e-01	-3.463215737163732322e-01	-6.153903713167623302e-01
nan	-7.559101306428586131e-01	-8.398755065297458522e-01	1.056130657992738753e+00	1.327488272091496224e+00
nan	8.441468449001539032e-01	-7.622901116469564808e-01	1.491953909165774972e+00	5.471687528018989166e-01
nan	2.784363335640193116e-01	6.771505045363401809e-01	4.112311732557601407e-01	3.000077635779346136e-02
nan	-9.215228292907184926e-01	8.149254592973240729e-01	5.389587835756047829e-01	1.148634606178989964e-01
nan	3.498237484274551168e-01	-6.668670200714923446e-01	4.580118992664335420e-01	-9.066494488292038412e-01
nan	-2.133512522862530236e+00	1.166823852440862730e+00	1.209835191631010165e+00	-1.603464877460694105e+00
nan	-7.978710374689939044e-01	-3.578981783437012787e+00	1.972302010196310684e-01	9.326296057538768780e-01
nan	6.925999359022001478e-01	-6.312264718227760252e-01	-9.340880523188532791e-01	7.115153910846999663e-01
nan	-6.595120293163413416e-01	2.771250280230964647e-01	-7.499662458043808710e-01	-9.782131873516412002e-01
nan	-2.549847675676225389e+00	-2.302906274666556286e+00	-6.667974459753588379e-01	-5.112956622071167523e-01
nan	4.291015742666469679e-01	-2.165328708947042990e+00	-2.292546513784240458e-01	1.139138202370566066e+00
nan	2.226933148756565117e+00	2.555945443840783593e+00	7.425225358570842760e-01	-8.429410258869785011e-01
nan	-2.651946101840589876e+00	3.579311409578350478e+00	-8.356978283131566432e-01	2.418524223741762846e-01
